id	name	category	in_taxon
UniProtKB:Q9UJA2	CRLS1 Hsap	biolink:Gene	NCBITaxon:9606
UniProtKB:O60733	PLA2G6 Hsap	biolink:Gene	NCBITaxon:9606
UniProtKB:Q16635	TAFAZZIN Hsap	biolink:Gene	NCBITaxon:9606
UniProtKB:P40939	HADHA Hsap	biolink:Gene	NCBITaxon:9606
UniProtKB:Q8TC71	SPATA18 Hsap	biolink:Gene	NCBITaxon:9606
UniProtKB:Q8WUK0	PTPMT1 Hsap	biolink:Gene	NCBITaxon:9606
UniProtKB:Q32NB8	PGS1 Hsap	biolink:Gene	NCBITaxon:9606
UniProtKB:Q96BW9	TAMM41 Hsap	biolink:Gene	NCBITaxon:9606
UniProtKB:Q01225	OPG188 VACCW	biolink:Gene	NCBITaxon:9606
UniProtKB:Q86WV6	STING1 Hsap	biolink:Gene	NCBITaxon:9606
MGI:MGI:1921700	Pank2 Mmus	biolink:Gene	NCBITaxon:10090
MGI:MGI:1915237	Ppcs Mmus	biolink:Gene	NCBITaxon:10090
MGI:MGI:1914062	Ppcdc Mmus	biolink:Gene	NCBITaxon:10090
MGI:MGI:1918993	Coasy Mmus	biolink:Gene	NCBITaxon:10090
MGI:MGI:1922985	Pank1 Mmus	biolink:Gene	NCBITaxon:10090
MGI:MGI:1920382	Slc25a16 Mmus	biolink:Gene	NCBITaxon:10090
MGI:MGI:1920345	Slc25a42 Mmus	biolink:Gene	NCBITaxon:10090
MGI:MGI:2660847	Slc5a6 Mmus	biolink:Gene	NCBITaxon:10090
MGI:MGI:1919871	Pdzd11 Mmus	biolink:Gene	NCBITaxon:10090
obo:go/extensions/reacto.owl#REACTO_R-HSA-157049	FURIN	biolink:Gene	NCBITaxon:9606
obo:go/extensions/reacto.owl#REACTO_R-HSA-5693080	BACE1 deacetylase	biolink:Gene	NCBITaxon:9606
obo:go/extensions/reacto.owl#REACTO_R-HSA-5692942	BACE1	biolink:Gene	NCBITaxon:9606
obo:go/extensions/reacto.owl#REACTO_R-HSA-9010062	gamma-secretase complex	biolink:Gene	NCBITaxon:9606
MGI:MGI:96952	Mdm2 Mmus	biolink:Gene	NCBITaxon:10090
UniProtKB:P04637	TP53 Hsap	biolink:Gene	NCBITaxon:10090
UniProtKB:Q00987	MDM2 Hsap	biolink:Gene	NCBITaxon:10090
MGI:MGI:88068	Areg Mmus	biolink:Gene	NCBITaxon:10090
MGI:MGI:95294	Egfr Mmus	biolink:Gene	NCBITaxon:10090
MGI:MGI:95410	Erbb2 Mmus	biolink:Gene	NCBITaxon:10090
obo:go/extensions/reacto.owl#REACTO_R-HSA-390232	ACOX1 dimer	biolink:Gene	NCBITaxon:9606
obo:go/extensions/reacto.owl#REACTO_R-HSA-389999	HSD17B4 dimer	biolink:Gene	NCBITaxon:9606
obo:go/extensions/reacto.owl#REACTO_R-HSA-382566	ALDP	biolink:Gene	NCBITaxon:9606
obo:go/extensions/reacto.owl#REACTO_R-HSA-5676214	ELOVL1,2,3,5	biolink:Gene	NCBITaxon:9606
obo:go/extensions/reacto.owl#REACTO_R-HSA-400122	FADS1	biolink:Gene	NCBITaxon:9606
obo:go/extensions/reacto.owl#REACTO_R-HSA-2046072	ELOVL5/ELOVL2	biolink:Gene	NCBITaxon:9606
obo:go/extensions/reacto.owl#REACTO_R-HSA-390238	ACAA1	biolink:Gene	NCBITaxon:9606
obo:go/extensions/reacto.owl#REACTO_R-HSA-2046067	SCP2	biolink:Gene	NCBITaxon:9606
obo:go/extensions/reacto.owl#REACTO_R-HSA-548677	ELOVL2	biolink:Gene	NCBITaxon:9606
obo:go/extensions/reacto.owl#REACTO_R-HSA-2046075	ACSL1	biolink:Gene	NCBITaxon:9606
obo:go/extensions/reacto.owl#REACTO_R-HSA-2046069	FADS2	biolink:Gene	NCBITaxon:9606
obo:go/extensions/reacto.owl#REACTO_R-HSA-193426	ACOT8	biolink:Gene	NCBITaxon:9606
obo:go/extensions/reacto.owl#REACTO_R-HSA-58048	GUK1	biolink:Gene	NCBITaxon:9606
obo:go/extensions/reacto.owl#REACTO_R-HSA-74193	NME1:NME2 hexamer	biolink:Gene	NCBITaxon:9606
obo:go/extensions/reacto.owl#REACTO_R-HSA-9750562	GMPS dimer	biolink:Gene	NCBITaxon:9606
obo:go/extensions/reacto.owl#REACTO_R-HSA-1454927	ABCC4	biolink:Gene	NCBITaxon:9606
obo:go/extensions/reacto.owl#REACTO_R-HSA-1454939	ABCC5	biolink:Gene	NCBITaxon:9606
obo:go/extensions/reacto.owl#REACTO_R-HSA-500309	IMPDH tetramers	biolink:Gene	NCBITaxon:9606
obo:go/extensions/reacto.owl#REACTO_R-HSA-9750554	NUDT15 dimer	biolink:Gene	NCBITaxon:9606
obo:go/extensions/reacto.owl#REACTO_R-HSA-442272	p-VAV family	biolink:Gene	NCBITaxon:9606
obo:go/extensions/reacto.owl#REACTO_R-HSA-158628	TPMT	biolink:Gene	NCBITaxon:9606
obo:go/extensions/reacto.owl#REACTO_R-HSA-201711	CK2	biolink:Gene	NCBITaxon:9606
obo:go/extensions/reacto.owl#REACTO_R-ALL-2529006	Unknown Phosphatase	biolink:Gene	NCBITaxon:9606
obo:go/extensions/reacto.owl#REACTO_R-HSA-2311324	CCNB1,CCNB2:p-T161-CDK1	biolink:Gene	NCBITaxon:9606
UniProtKB:Q9C0B5	ZDHHC5 Hsap	biolink:Gene	NCBITaxon:9606
UniProtKB:Q96P20	NLRP3 Hsap	biolink:Gene	NCBITaxon:9606
UniProtKB:Q8TDX7	NEK7 Hsap	biolink:Gene	NCBITaxon:9606
UniProtKB:Q96GS6	ABHD17A Hsap	biolink:Gene	NCBITaxon:9606
UniProtKB:Q14964	RAB39A Hsap	biolink:Gene	NCBITaxon:9606
GO:0030897	HOPS complex	biolink:Gene	NCBITaxon:9606
UniProtKB:P56962	STX17 Hsap	biolink:Gene	NCBITaxon:9606
UniProtKB:P61019	RAB2A Hsap	biolink:Gene	NCBITaxon:9606
UniProtKB:Q96LT7	C9orf72 Hsap	biolink:Gene	NCBITaxon:9606
RGD:3845	Tf Rnor	biolink:Gene	NCBITaxon:10116
RGD:70488	Tfrc Rnor	biolink:Gene	NCBITaxon:10116
obo:go/extensions/reacto.owl#REACTO_R-HSA-3769055	GK,GK2,GK3P	biolink:Gene	NCBITaxon:9606
obo:go/extensions/reacto.owl#REACTO_R-HSA-1500606	GPAM/GPAT2	biolink:Gene	NCBITaxon:9606
obo:go/extensions/reacto.owl#REACTO_R-HSA-549099	GPAT4	biolink:Gene	NCBITaxon:9606
obo:go/extensions/reacto.owl#REACTO_R-HSA-1524029	LPCAT	biolink:Gene	NCBITaxon:9606
obo:go/extensions/reacto.owl#REACTO_R-HSA-1500639	PLD1/2	biolink:Gene	NCBITaxon:9606
obo:go/extensions/reacto.owl#REACTO_R-HSA-1500585	AGPAT5	biolink:Gene	NCBITaxon:9606
obo:go/extensions/reacto.owl#REACTO_R-HSA-1500634	PLA2(1)	biolink:Gene	NCBITaxon:9606
obo:go/extensions/reacto.owl#REACTO_R-HSA-1500583	AGPAT	biolink:Gene	NCBITaxon:9606
obo:go/extensions/reacto.owl#REACTO_R-HSA-1500587	CEPT1:Mg2+/Mn2+	biolink:Gene	NCBITaxon:9606
obo:go/extensions/reacto.owl#REACTO_R-HSA-1498747	GDE5	biolink:Gene	NCBITaxon:9606
obo:go/extensions/reacto.owl#REACTO_R-HSA-549113	GPAM or GPAT2	biolink:Gene	NCBITaxon:9606
obo:go/extensions/reacto.owl#REACTO_R-HSA-1500630	PLA2G2A:Ca2+	biolink:Gene	NCBITaxon:9606
obo:go/extensions/reacto.owl#REACTO_R-HSA-9640571	DHRS7B	biolink:Gene	NCBITaxon:9606
obo:go/extensions/reacto.owl#REACTO_R-HSA-1500610	GPD1/GPD1L homodimer	biolink:Gene	NCBITaxon:9606
UniProtKB:P48740-PRO_0000027594	MASP1 Hsap	biolink:Gene	NCBITaxon:9606
UniProtKB:O00187-PRO_0000027600	MASP2 Hsap	biolink:Gene	NCBITaxon:9606
UniProtKB:P06681-PRO_0000027612	C2 Hsap	biolink:Gene	NCBITaxon:9606
UniProtKB:P01031-PRO_0000005988	C5 Hsap	biolink:Gene	NCBITaxon:9606
GO:0005579	membrane attack complex	biolink:Gene	NCBITaxon:9606
UniProtKB:P01024-PRO_0000005910	ASP Hsap	biolink:Gene	NCBITaxon:9606
UniProtKB:P01024-PRO_0000005911	C3 Hsap	biolink:Gene	NCBITaxon:9606
UniProtKB:P48740	MASP1 Hsap	biolink:Gene	NCBITaxon:9606
UniProtKB:P0C0L4-PRO_0000005970	C4A Hsap	biolink:Gene	NCBITaxon:9606
UniProtKB:O00602	FCN1 Hsap	biolink:Gene	NCBITaxon:9606
MGI:MGI:107501	Kcnj11 Mmus	biolink:Gene	NCBITaxon:10090
GO:0005891	voltage-gated calcium channel complex	biolink:Gene	NCBITaxon:10090
UniProtKB:P49591	SARS1 Hsap	biolink:Gene	NCBITaxon:9606
UniProtKB:Q8TCB7	METTL6 Hsap	biolink:Gene	NCBITaxon:9606
obo:go/extensions/reacto.owl#REACTO_R-HSA-428986	COX1	biolink:Gene	NCBITaxon:9606
obo:go/extensions/reacto.owl#REACTO_R-HSA-3222410	PTGIS,CYP8B1	biolink:Gene	NCBITaxon:9606
obo:go/extensions/reacto.owl#REACTO_R-HSA-65976	TXS	biolink:Gene	NCBITaxon:9606
obo:go/extensions/reacto.owl#REACTO_R-HSA-2142814	PTGDS	biolink:Gene	NCBITaxon:9606
obo:go/extensions/reacto.owl#REACTO_R-HSA-2142778	HPGD dimer	biolink:Gene	NCBITaxon:9606
obo:go/extensions/reacto.owl#REACTO_R-HSA-8940670	PTGR2	biolink:Gene	NCBITaxon:9606
obo:go/extensions/reacto.owl#REACTO_R-HSA-140491	PTGS2 dimer	biolink:Gene	NCBITaxon:9606
obo:go/extensions/reacto.owl#REACTO_R-HSA-2142683	HPGDS dimer	biolink:Gene	NCBITaxon:9606
obo:go/extensions/reacto.owl#REACTO_R-HSA-2142714	AKR1C3	biolink:Gene	NCBITaxon:9606
obo:go/extensions/reacto.owl#REACTO_R-HSA-111860	Active PLA2:phosphatidylcholine	biolink:Gene	NCBITaxon:9606
obo:go/extensions/reacto.owl#REACTO_R-HSA-166866	MEKK1	biolink:Gene	NCBITaxon:9606
obo:go/extensions/reacto.owl#REACTO_R-HSA-202506	IKKB	biolink:Gene	NCBITaxon:9606
obo:go/extensions/reacto.owl#REACTO_R-HSA-202527	p-T184,187-TAK1	biolink:Gene	NCBITaxon:9606
obo:go/extensions/reacto.owl#REACTO_R-HSA-375987	ABL1	biolink:Gene	NCBITaxon:9606
obo:go/extensions/reacto.owl#REACTO_R-HSA-1268261	p-ERK dimer	biolink:Gene	NCBITaxon:9606
MGI:MGI:1338850	Mthfd2 Mmus	biolink:Gene	NCBITaxon:10090
MGI:MGI:1924836	Mthfd1l Mmus	biolink:Gene	NCBITaxon:10090
MGI:MGI:1277989	Shmt2 Mmus	biolink:Gene	NCBITaxon:10090
UniProtKB:Q14154	DELE1 Hsap	biolink:Gene	NCBITaxon:9606
UniProtKB:Q9BQI3	EIF2AK1 Hsap	biolink:Gene	NCBITaxon:9606
UniProtKB:P05198	EIF2S1 Hsap	biolink:Gene	NCBITaxon:9606
obo:go/extensions/reacto.owl#REACTO_R-HSA-9026465	BDNF:p-5Y-NTRK2 homodimer	biolink:Gene	NCBITaxon:9606
obo:go/extensions/reacto.owl#REACTO_R-HSA-421098	pCdk5:p35	biolink:Gene	NCBITaxon:9606
obo:go/extensions/reacto.owl#REACTO_R-HSA-9032862	BDNF:p-5Y,S479-NTRK2 homodimer	biolink:Gene	NCBITaxon:9606
obo:go/extensions/reacto.owl#REACTO_R-HSA-3928461	p-Y829-TIAM1	biolink:Gene	NCBITaxon:9606
UniProtKB:Q14790	CASP8 Hsap	biolink:Gene	NCBITaxon:9606
UniProtKB:P42574	CASP3 Hsap	biolink:Gene	NCBITaxon:9606
UniProtKB:P0DTD1-PRO_0000449623	nsp5 Scov2	biolink:Gene	NCBITaxon:9606
UniProtKB:P57764	GSDMD Hsap	biolink:Gene	NCBITaxon:9606
UniProtKB:Q9C000	NLRP1 Hsap	biolink:Gene	NCBITaxon:9606
UniProtKB:O60443	GSDME Hsap	biolink:Gene	NCBITaxon:9606
UniProtKB:P29466	CASP1 Hsap	biolink:Gene	NCBITaxon:9606
UniProtKB:Q6UXB2	CXCL17 Hsap	biolink:Gene	NCBITaxon:9606
UniProtKB:Q9HC97	GPR35 Hsap	biolink:Gene	NCBITaxon:9606
obo:go/extensions/reacto.owl#REACTO_R-HSA-9026521	BDNF,NTF4:p-5Y-NTRK2	biolink:Gene	NCBITaxon:9606
obo:go/extensions/reacto.owl#REACTO_R-HSA-64847	SOS1	biolink:Gene	NCBITaxon:9606
MGI:MGI:98917	Uros Mmus	biolink:Gene	NCBITaxon:10090
MGI:MGI:98916	Urod Mmus	biolink:Gene	NCBITaxon:10090
GO:0030870	Mre11 complex	biolink:Gene	NCBITaxon:9606
UniProtKB:Q13315	ATM Hsap	biolink:Gene	NCBITaxon:9606
UniProtKB:O60934	NBN Hsap	biolink:Gene	NCBITaxon:9606
UniProtKB:O75925	PIAS1 Hsap	biolink:Gene	NCBITaxon:9606
UniProtKB:P00995	SPINK1 Hsap	biolink:Gene	NCBITaxon:9606
UniProtKB:P08217	CELA2A Hsap	biolink:Gene	NCBITaxon:9606
UniProtKB:P07478	PRSS2 Hsap	biolink:Gene	NCBITaxon:9606
UniProtKB:P36897	TGFBR1 Hsap	biolink:Gene	NCBITaxon:9606
UniProtKB:Q15796	SMAD2 Hsap	biolink:Gene	NCBITaxon:9606
UniProtKB:P61812	TGFB2 Hsap	biolink:Gene	NCBITaxon:9606
UniProtKB:P37173	TGFBR2 Hsap	biolink:Gene	NCBITaxon:9606
MGI:MGI:5593379	Gm34220 Mmus	biolink:Gene	NCBITaxon:10090
GO:0005677	chromatin silencing complex	biolink:Gene	NCBITaxon:10090
obo:go/extensions/reacto.owl#REACTO_R-HSA-113843	CDK4	biolink:Gene	NCBITaxon:9606
obo:go/extensions/reacto.owl#REACTO_R-HSA-5205609	JBP1	biolink:Gene	NCBITaxon:9606
UniProtKB:Q8TAD4	SLC30A5 Hsap	biolink:Gene	NCBITaxon:9606
UniProtKB:P05187	ALPP Hsap	biolink:Gene	NCBITaxon:9606
obo:go/extensions/reacto.owl#REACTO_R-HSA-444015	SERT	biolink:Gene	NCBITaxon:9606
obo:go/extensions/reacto.owl#REACTO_R-HSA-141332	MAOA:FAD	biolink:Gene	NCBITaxon:9606
UniProtKB:Q0P5A7		biolink:Gene	NCBITaxon:9606
UniProtKB:Q16665	HIF1A Hsap	biolink:Gene	NCBITaxon:9606
UniProtKB:Q8IWV8	UBR2 Hsap	biolink:Gene	NCBITaxon:9606
UniProtKB:P06239	LCK Hsap	biolink:Gene	NCBITaxon:9606
UniProtKB:Q9NRW4	DUSP22 Hsap	biolink:Gene	NCBITaxon:9606
UniProtKB:Q9Y297	BTRC Hsap	biolink:Gene	NCBITaxon:9606
UniProtKB:P51965	UBE2E1 Hsap	biolink:Gene	NCBITaxon:9606
UniProtKB:Q15047	SETDB1 Hsap	biolink:Gene	NCBITaxon:9606
UniProtKB:Q13501	SQSTM1 Hsap	biolink:Gene	NCBITaxon:9606
UniProtKB:P68400	CSNK2A1 Hsap	biolink:Gene	NCBITaxon:9606
UniProtKB:Q15743	GPR68 Hsap	biolink:Gene	NCBITaxon:9606
UniProtKB:P50148	GNAQ Hsap	biolink:Gene	NCBITaxon:9606
UniProtKB:Q01970	PLCB3 Hsap	biolink:Gene	NCBITaxon:9606
MGI:MGI:1915864	Letmd1 Mmus	biolink:Gene	NCBITaxon:10090
MGI:MGI:88192	Smarca4 Mmus	biolink:Gene	NCBITaxon:10090
UniProtKB:P62877	RBX1 Hsap	biolink:Gene	NCBITaxon:9606
UniProtKB:Q9UBK9-1	UXT Hsap	biolink:Gene	NCBITaxon:9606
UniProtKB:Q9Y3I1	FBXO7 Hsap	biolink:Gene	NCBITaxon:9606
obo:go/extensions/reacto.owl#REACTO_R-HSA-111920	PRKACA,PRKACB,PRKACG	biolink:Gene	NCBITaxon:9606
obo:go/extensions/reacto.owl#REACTO_R-HSA-180075	DARPP-32 phosphorylated on T34	biolink:Gene	NCBITaxon:9606
obo:go/extensions/reacto.owl#REACTO_R-HSA-9822883	p-S54-PDE4B-3	biolink:Gene	NCBITaxon:9606
obo:go/extensions/reacto.owl#REACTO_R-HSA-163622	Gs-activated adenylate cyclase	biolink:Gene	NCBITaxon:9606
obo:go/extensions/reacto.owl#REACTO_R-HSA-111960	PDE4A,C,D	biolink:Gene	NCBITaxon:9606
obo:go/extensions/reacto.owl#REACTO_R-HSA-170665	Adenylate cyclase (Mg2+ cofactor)	biolink:Gene	NCBITaxon:9606
obo:go/extensions/reacto.owl#REACTO_R-HSA-180064	CDK5	biolink:Gene	NCBITaxon:9606
obo:go/extensions/reacto.owl#REACTO_R-HSA-180026	p-T75-DARPP32s	biolink:Gene	NCBITaxon:9606
obo:go/extensions/reacto.owl#REACTO_R-HSA-165977	PP2A-catalytic subunit C	biolink:Gene	NCBITaxon:9606
UniProtKB:Q86YV0	RASAL3 Hsap	biolink:Gene	NCBITaxon:9606
UniProtKB:P06213	INSR Hsap	biolink:Gene	NCBITaxon:9606
UniProtKB:P01308	INS Hsap	biolink:Gene	NCBITaxon:9606
UniProtKB:Q01113	IL9R Hsap	biolink:Gene	NCBITaxon:9606
UniProtKB:P31785	IL2RG Hsap	biolink:Gene	NCBITaxon:9606
UniProtKB:P23458	JAK1 Hsap	biolink:Gene	NCBITaxon:9606
UniProtKB:P15248	IL9 Hsap	biolink:Gene	NCBITaxon:9606
UniProtKB:P52333	JAK3 Hsap	biolink:Gene	NCBITaxon:9606
UniProtKB:P42229	STAT5A Hsap	biolink:Gene	NCBITaxon:9606
UniProtKB:P40763	STAT3 Hsap	biolink:Gene	NCBITaxon:9606
UniProtKB:P42224	STAT1 Hsap	biolink:Gene	NCBITaxon:9606
obo:go/extensions/reacto.owl#REACTO_R-HSA-2586516	JAK2	biolink:Gene	NCBITaxon:9606
obo:go/extensions/reacto.owl#REACTO_R-HSA-9029080	SOS1,p-Y-VAV1	biolink:Gene	NCBITaxon:9606
obo:go/extensions/reacto.owl#REACTO_R-HSA-381325	p300	biolink:Gene	NCBITaxon:9606
obo:go/extensions/reacto.owl#REACTO_R-HSA-205005	Histone deacetylase	biolink:Gene	NCBITaxon:9606
UniProtKB:O95835	LATS1 Hsap	biolink:Gene	NCBITaxon:9606
UniProtKB:Q9GZV5	WWTR1 Hsap	biolink:Gene	NCBITaxon:9606
UniProtKB:P46937	YAP1 Hsap	biolink:Gene	NCBITaxon:9606
UniProtKB:Q13188	STK3 Hsap	biolink:Gene	NCBITaxon:9606
UniProtKB:Q9NRM7	LATS2 Hsap	biolink:Gene	NCBITaxon:9606
UniProtKB:Q7L9L4	MOB1B Hsap	biolink:Gene	NCBITaxon:9606
UniProtKB:Q9H8S9	MOB1A Hsap	biolink:Gene	NCBITaxon:9606
UniProtKB:O95819	MAP4K4 Hsap	biolink:Gene	NCBITaxon:9606
UniProtKB:Q8IX03	WWC1 Hsap	biolink:Gene	NCBITaxon:9606
UniProtKB:Q13043	STK4 Hsap	biolink:Gene	NCBITaxon:9606
UniProtKB:Q9H4B6	SAV1 Hsap	biolink:Gene	NCBITaxon:9606
MGI:MGI:1928378	Dhodh Mmus	biolink:Gene	NCBITaxon:10090
MGI:MGI:1298388	Umps Mmus	biolink:Gene	NCBITaxon:10090
MGI:MGI:1913838	Cmpk1 Mmus	biolink:Gene	NCBITaxon:10090
MGI:MGI:1916969	Cad Mmus	biolink:Gene	NCBITaxon:10090
UniProtKB:Q93034	CUL5 Hsap	biolink:Gene	NCBITaxon:9606
UniProtKB:Q12829	RAB40B Hsap	biolink:Gene	NCBITaxon:9606
UniProtKB:Q9UBF6	RNF7 Hsap	biolink:Gene	NCBITaxon:9606
UniProtKB:P10114	RAP2A Hsap	biolink:Gene	NCBITaxon:9606
UniProtKB:Q69091	gD HHV11	biolink:Gene	NCBITaxon:9606
UniProtKB:Q15223	NECTIN1 Hsap	biolink:Gene	NCBITaxon:9606
UniProtKB:Q9BY78	RNF26 Hsap	biolink:Gene	NCBITaxon:9606
UniProtKB:Q9H0E2	TOLLIP Hsap	biolink:Gene	NCBITaxon:9606
UniProtKB:Q9Y385	UBE2J1 Hsap	biolink:Gene	NCBITaxon:9606
MGI:MGI:95755	Slc2a1 Mmus	biolink:Gene	NCBITaxon:10090
MGI:MGI:95705	B4galt1 Mmus	biolink:Gene	NCBITaxon:10090
MGI:MGI:1345297	Slc35a2 Mmus	biolink:Gene	NCBITaxon:10090
MGI:MGI:96742	Lalba Mmus	biolink:Gene	NCBITaxon:10090
UniProtKB:Q92993	KAT5 Hsap	biolink:Gene	NCBITaxon:9606
UniProtKB:Q06945	SOX4 Hsap	biolink:Gene	NCBITaxon:9606
obo:go/extensions/reacto.owl#REACTO_R-HSA-77267	Trifunctional Protein	biolink:Gene	NCBITaxon:9606
obo:go/extensions/reacto.owl#REACTO_R-HSA-77316	ACADS tetramer	biolink:Gene	NCBITaxon:9606
obo:go/extensions/reacto.owl#REACTO_R-HSA-54125	ECHS1	biolink:Gene	NCBITaxon:9606
obo:go/extensions/reacto.owl#REACTO_R-HSA-71052	HADH dimer	biolink:Gene	NCBITaxon:9606
obo:go/extensions/reacto.owl#REACTO_R-HSA-9617533	ADCY1,ADCY8:CALM1:4xCa2+	biolink:Gene	NCBITaxon:9606
obo:go/extensions/reacto.owl#REACTO_R-HSA-9615387	PRKACA,(PRKACB,PRKACG,PRKX)	biolink:Gene	NCBITaxon:9606
UniProtKB:Q14164	IKBKE Hsap	biolink:Gene	NCBITaxon:9606
UniProtKB:P61086	UBE2K Hsap	biolink:Gene	NCBITaxon:9606
UniProtKB:Q9C030	TRIM6 Hsap	biolink:Gene	NCBITaxon:9606
obo:go/extensions/reacto.owl#REACTO_R-HSA-139950	Caspase-8 dimer	biolink:Gene	NCBITaxon:9606
UniProtKB:O60341	KDM1A Hsap	biolink:Gene	NCBITaxon:9606
UniProtKB:O95863	SNAI1 Hsap	biolink:Gene	NCBITaxon:9606
UniProtKB:Q9H7Z6	KAT8 Hsap	biolink:Gene	NCBITaxon:9606
UniProtKB:Q8TAX9-1	GSDMB Hsap	biolink:Gene	NCBITaxon:9606
UniProtKB:P14222	PRF1 Hsap	biolink:Gene	NCBITaxon:9606
UniProtKB:P12544	GZMA Hsap	biolink:Gene	NCBITaxon:9606
UniProtKB:P18014	ipaH7.8 SHIFL	biolink:Gene	NCBITaxon:9606
obo:go/extensions/reacto.owl#REACTO_R-HSA-264786	Acetylcholine Loaded Synaptic Vesicle	biolink:Gene	NCBITaxon:9606
obo:go/extensions/reacto.owl#REACTO_R-HSA-372534	Docked acetylcholine loaded Synaptic Vesicle	biolink:Gene	NCBITaxon:9606
obo:go/extensions/reacto.owl#REACTO_R-HSA-210378	Voltage Gated Ca2+ Channel	biolink:Gene	NCBITaxon:9606
obo:go/extensions/reacto.owl#REACTO_R-HSA-264616	CHAT	biolink:Gene	NCBITaxon:9606
obo:go/extensions/reacto.owl#REACTO_R-HSA-264619	SLC18A3	biolink:Gene	NCBITaxon:9606
obo:go/extensions/reacto.owl#REACTO_R-HSA-1500633	PHOSPHO1:Mg2+	biolink:Gene	NCBITaxon:9606
obo:go/extensions/reacto.owl#REACTO_R-HSA-429572	CHT	biolink:Gene	NCBITaxon:9606
obo:go/extensions/reacto.owl#REACTO_R-HSA-210388	VGLUT1	biolink:Gene	NCBITaxon:9606
obo:go/extensions/reacto.owl#REACTO_R-HSA-444452	CTL1-5	biolink:Gene	NCBITaxon:9606
MGI:MGI:97548	Pfkm Mmus	biolink:Gene	NCBITaxon:10090
MGI:MGI:97547	Pfkl Mmus	biolink:Gene	NCBITaxon:10090
UniProtKB:O00410	IPO5 Hsap	biolink:Gene	NCBITaxon:9606
UniProtKB:Q14653	IRF3 Hsap	biolink:Gene	NCBITaxon:9606
UniProtKB:P04413	US3 HHV11	biolink:Gene	NCBITaxon:9606
UniProtKB:Q9UHD2	TBK1 Hsap	biolink:Gene	NCBITaxon:9606
obo:go/extensions/reacto.owl#REACTO_R-HSA-417004	CaMKII	biolink:Gene	NCBITaxon:9606
obo:go/extensions/reacto.owl#REACTO_R-HSA-420976	Ca permeable AMPA receptor ligand complex	biolink:Gene	NCBITaxon:9606
obo:go/extensions/reacto.owl#REACTO_R-HSA-1498755	CDS2	biolink:Gene	NCBITaxon:9606
obo:go/extensions/reacto.owl#REACTO_R-HSA-1498775	PGS1	biolink:Gene	NCBITaxon:9606
obo:go/extensions/reacto.owl#REACTO_R-HSA-1524126	PLD1-4/6	biolink:Gene	NCBITaxon:9606
obo:go/extensions/reacto.owl#REACTO_R-HSA-3446802	PTPMT1	biolink:Gene	NCBITaxon:9606
UniProtKB:P17858	PFKL Hsap	biolink:Gene	NCBITaxon:9606
UniProtKB:P30613-1	PKLR Hsap	biolink:Gene	NCBITaxon:9606
UniProtKB:Q93009	USP7 Hsap	biolink:Gene	NCBITaxon:9606
UniProtKB:P29590	PML Hsap	biolink:Gene	NCBITaxon:9606
UniProtKB:P03211	EBNA1 NCBITaxon:10377	biolink:Gene	NCBITaxon:9606
UniProtKB:P67870	CSNK2B Hsap	biolink:Gene	NCBITaxon:9606
obo:go/extensions/reacto.owl#REACTO_R-HSA-912443	ATR	biolink:Gene	NCBITaxon:9606
obo:go/extensions/reacto.owl#REACTO_R-HSA-6788398	p-ID2 Complex:UBE2T:p-FA Core Complex:ICL-DNA	biolink:Gene	NCBITaxon:9606
obo:go/extensions/reacto.owl#REACTO_R-HSA-419551	USP1:UAF1	biolink:Gene	NCBITaxon:9606
UniProtKB:Q92793	CREBBP Hsap	biolink:Gene	NCBITaxon:9606
UniProtKB:P49959	MRE11 Hsap	biolink:Gene	NCBITaxon:9606
UniProtKB:O43463	SUV39H1 Hsap	biolink:Gene	NCBITaxon:9606
UniProtKB:P45973	CBX5 Hsap	biolink:Gene	NCBITaxon:9606
UniProtKB:P24941	CDK2 Hsap	biolink:Gene	NCBITaxon:9606
UniProtKB:Q9NXI6	RNF186 Hsap	biolink:Gene	NCBITaxon:9606
UniProtKB:Q12981	BNIP1 Hsap	biolink:Gene	NCBITaxon:9606
UniProtKB:Q9BZM5	ULBP2 Hsap	biolink:Gene	NCBITaxon:9606
UniProtKB:P26718	KLRK1 Hsap	biolink:Gene	NCBITaxon:9606
UniProtKB:P42768	WAS Hsap	biolink:Gene	NCBITaxon:9606
UniProtKB:Q06187	BTK Hsap	biolink:Gene	NCBITaxon:9606
obo:go/extensions/reacto.owl#REACTO_R-HSA-1498760	CLS1	biolink:Gene	NCBITaxon:9606
obo:go/extensions/reacto.owl#REACTO_R-HSA-3215272	PLA2G	biolink:Gene	NCBITaxon:9606
obo:go/extensions/reacto.owl#REACTO_R-HSA-1524142	PLA2(14)	biolink:Gene	NCBITaxon:9606
obo:go/extensions/reacto.owl#REACTO_R-HSA-1524026	LPGAT	biolink:Gene	NCBITaxon:9606
obo:go/extensions/reacto.owl#REACTO_R-HSA-168156	TAK1	biolink:Gene	NCBITaxon:9606
obo:go/extensions/reacto.owl#REACTO_R-HSA-206255	p-S207,T211-MKK6	biolink:Gene	NCBITaxon:9606
GO:0005953	CAAX-protein geranylgeranyltransferase complex	biolink:Gene	NCBITaxon:10090
MGI:MGI:1336895	Rce1 Mmus	biolink:Gene	NCBITaxon:10090
MGI:MGI:1888594	Icmt Mmus	biolink:Gene	NCBITaxon:10090
MGI:MGI:103581	Musk Mmus	biolink:Gene	NCBITaxon:10090
MGI:MGI:96544	Casp1 Mmus	biolink:Gene	NCBITaxon:10090
MGI:MGI:1916396	Gsdmd Mmus	biolink:Gene	NCBITaxon:10090
MGI:MGI:109383	Casp7 Mmus	biolink:Gene	NCBITaxon:10090
MGI:MGI:98325	Smpd1 Mmus	biolink:Gene	NCBITaxon:10090
MGI:MGI:2444529	Dctd Mmus	biolink:Gene	NCBITaxon:10090
MGI:MGI:98878	Tyms Mmus	biolink:Gene	NCBITaxon:10090
GO:0005971	ribonucleoside-diphosphate reductase complex	biolink:Gene	NCBITaxon:10090
MGI:MGI:1346051	Dut Mmus	biolink:Gene	NCBITaxon:10090
MGI:MGI:97356	Nme2 Mmus	biolink:Gene	NCBITaxon:10090
MGI:MGI:97355	Nme1 Mmus	biolink:Gene	NCBITaxon:10090
obo:go/extensions/reacto.owl#REACTO_R-HSA-1625212	PXLP-K212-CTH tetramer	biolink:Gene	NCBITaxon:9606
obo:go/extensions/reacto.owl#REACTO_R-HSA-5359068	MeSeHMT	biolink:Gene	NCBITaxon:9606
obo:go/extensions/reacto.owl#REACTO_R-HSA-5357693	INMT	biolink:Gene	NCBITaxon:9606
obo:go/extensions/reacto.owl#REACTO_R-HSA-73532	2xTXNRD1:2xFAD	biolink:Gene	NCBITaxon:9606
obo:go/extensions/reacto.owl#REACTO_R-HSA-5359039	HSeMT	biolink:Gene	NCBITaxon:9606
MGI:MGI:88380	F2 Mmus	biolink:Gene	NCBITaxon:10090
MGI:MGI:1298208	F2rl2 Mmus	biolink:Gene	NCBITaxon:10090
MGI:MGI:87963	Agt Mmus	biolink:Gene	NCBITaxon:10090
MGI:MGI:96918	Mas1 Mmus	biolink:Gene	NCBITaxon:10090
UniProtKB:Q8WVZ1	ZDHHC19 Hsap	biolink:Gene	NCBITaxon:9606
UniProtKB:O75608	LYPLA1 Hsap	biolink:Gene	NCBITaxon:9606
UniProtKB:Q9NZJ5	EIF2AK3 Hsap	biolink:Gene	NCBITaxon:9606
UniProtKB:P18848	ATF4 Hsap	biolink:Gene	NCBITaxon:9606
UniProtKB:O14548	COX7A2L Hsap	biolink:Gene	NCBITaxon:9606
UniProtKB:Q9H974	QTRT2 Hsap	biolink:Gene	NCBITaxon:9606
UniProtKB:Q9BXR0	QTRT1 Hsap	biolink:Gene	NCBITaxon:9606
UniProtKB:Q8IXU6	SLC35F2 Hsap	biolink:Gene	NCBITaxon:9606
MGI:MGI:96163	Hmox1 Mmus	biolink:Gene	NCBITaxon:10090
MGI:MGI:1891828	Becn1 Mmus	biolink:Gene	NCBITaxon:10090
MGI:MGI:1921494	Atg7 Mmus	biolink:Gene	NCBITaxon:10090
MGI:MGI:1277186	Atg5 Mmus	biolink:Gene	NCBITaxon:10090
obo:go/extensions/reacto.owl#REACTO_R-HSA-350870	Caspase-3	biolink:Gene	NCBITaxon:9606
obo:go/extensions/reacto.owl#REACTO_R-HSA-2028682	p-STK4/N	biolink:Gene	NCBITaxon:9606
obo:go/extensions/reacto.owl#REACTO_R-HSA-2028696	p-STK3/N	biolink:Gene	NCBITaxon:9606
obo:go/extensions/reacto.owl#REACTO_R-HSA-2028274	p-STK3	biolink:Gene	NCBITaxon:9606
obo:go/extensions/reacto.owl#REACTO_R-HSA-2028565	p-LATS2	biolink:Gene	NCBITaxon:9606
obo:go/extensions/reacto.owl#REACTO_R-HSA-2028551	p-LATS1	biolink:Gene	NCBITaxon:9606
obo:go/extensions/reacto.owl#REACTO_R-HSA-2028258	p-STK4	biolink:Gene	NCBITaxon:9606
obo:go/extensions/reacto.owl#REACTO_R-HSA-2028280	STK3	biolink:Gene	NCBITaxon:9606
obo:go/extensions/reacto.owl#REACTO_R-HSA-201627	STK4	biolink:Gene	NCBITaxon:9606
MGI:MGI:95609	Gaa Mmus	biolink:Gene	NCBITaxon:10090
MGI:MGI:1261768	Stbd1 Mmus	biolink:Gene	NCBITaxon:10090
MGI:MGI:1914980	Gabarapl1 Mmus	biolink:Gene	NCBITaxon:10090
UniProtKB:P13232	IL7 Hsap	biolink:Gene	NCBITaxon:9606
UniProtKB:P16871	IL7R Hsap	biolink:Gene	NCBITaxon:9606
MGI:MGI:109360	Lmo4 Mmus	biolink:Gene	NCBITaxon:10090
MGI:MGI:88355	Cdh2 Mmus	biolink:Gene	NCBITaxon:10090
MGI:MGI:1924057	Phf12 Mmus	biolink:Gene	NCBITaxon:10090
MGI:MGI:107435	Cdh6 Mmus	biolink:Gene	NCBITaxon:10090
MGI:MGI:1096393	Snai2 Mmus	biolink:Gene	NCBITaxon:10090
MGI:MGI:88354	Cdh1 Mmus	biolink:Gene	NCBITaxon:10090
MGI:MGI:96770	Lef1 Mmus	biolink:Gene	NCBITaxon:10090
MGI:MGI:1347473	Foxd3 Mmus	biolink:Gene	NCBITaxon:10090
MGI:MGI:88276	Ctnnb1 Mmus	biolink:Gene	NCBITaxon:10090
MGI:MGI:106676	Zic3 Mmus	biolink:Gene	NCBITaxon:10090
MGI:MGI:95668	Gbx2 Mmus	biolink:Gene	NCBITaxon:10090
MGI:MGI:97487	Pax3 Mmus	biolink:Gene	NCBITaxon:10090
MGI:MGI:98872	Twist1 Mmus	biolink:Gene	NCBITaxon:10090
UniProtKB:Q9NZN5	ARHGEF12 Hsap	biolink:Gene	NCBITaxon:9606
UniProtKB:P61586	RHOA Hsap	biolink:Gene	NCBITaxon:9606
UniProtKB:Q86VZ1	P2RY8 Hsap	biolink:Gene	NCBITaxon:9606
UniProtKB:Q14344	GNA13 Hsap	biolink:Gene	NCBITaxon:9606
UniProtKB:P45974	USP5 Hsap	biolink:Gene	NCBITaxon:9606
UniProtKB:Q9BYJ9	YTHDF1 Hsap	biolink:Gene	NCBITaxon:9606
UniProtKB:Q8N3Y1	FBXW8 Hsap	biolink:Gene	NCBITaxon:9606
UniProtKB:P42345	MTOR Hsap	biolink:Gene	NCBITaxon:9606
obo:go/extensions/reacto.owl#REACTO_R-HSA-9817990	FYN,HCK,SRC,YES1	biolink:Gene	NCBITaxon:9606
obo:go/extensions/reacto.owl#REACTO_R-HSA-8875457	p-Y-CBL	biolink:Gene	NCBITaxon:9606
MGI:MGI:109406	Reg3g Mmus	biolink:Gene	NCBITaxon:10090
MGI:MGI:1860765	Extl3 Mmus	biolink:Gene	NCBITaxon:10090
UniProtKB:Q14444	CAPRIN1 Hsap	biolink:Gene	NCBITaxon:9606
UniProtKB:O15294	OGT Hsap	biolink:Gene	NCBITaxon:9606
UniProtKB:Q92982	NINJ1 Hsap	biolink:Gene	NCBITaxon:9606
UniProtKB:P10144	GZMB Hsap	biolink:Gene	NCBITaxon:9606
UniProtKB:Q8N884	CGAS Hsap	biolink:Gene	NCBITaxon:9606
UniProtKB:Q9NSU2	TREX1 Hsap	biolink:Gene	NCBITaxon:9606
MGI:MGI:2387642	Cxcl17 Mmus	biolink:Gene	NCBITaxon:10090
MGI:MGI:1929509	Gpr35 Mmus	biolink:Gene	NCBITaxon:10090
obo:go/extensions/reacto.owl#REACTO_R-HSA-420698	GABBR1:GABBR2:GABA	biolink:Gene	NCBITaxon:9606
obo:go/extensions/reacto.owl#REACTO_R-HSA-975294	Kir heterotetramers	biolink:Gene	NCBITaxon:9606
MGI:MGI:2663253	Mogat2 Mmus	biolink:Gene	NCBITaxon:10090
MGI:MGI:1915050	Dgat2 Mmus	biolink:Gene	NCBITaxon:10090
MGI:MGI:97877	Rbp2 Mmus	biolink:Gene	NCBITaxon:10090
obo:go/extensions/reacto.owl#REACTO_R-HSA-9014398	RAC2 GEFs	biolink:Gene	NCBITaxon:9606
obo:go/extensions/reacto.owl#REACTO_R-HSA-9014408	RAC2 GAPs	biolink:Gene	NCBITaxon:9606
UniProtKB:P67775	PPP2CA Hsap	biolink:Gene	NCBITaxon:9606
UniProtKB:P24928	POLR2A Hsap	biolink:Gene	NCBITaxon:9606
GO:0032044	DSIF complex	biolink:Gene	NCBITaxon:9606
UniProtKB:Q5TA45	INTS11 Hsap	biolink:Gene	NCBITaxon:9606
UniProtKB:Q9UL03	INTS6 Hsap	biolink:Gene	NCBITaxon:9606
UniProtKB:P30153	PPP2R1A Hsap	biolink:Gene	NCBITaxon:9606
UniProtKB:P50613	CDK7 Hsap	biolink:Gene	NCBITaxon:9606
GO:0032021	NELF complex	biolink:Gene	NCBITaxon:9606
obo:go/extensions/reacto.owl#REACTO_R-HSA-3902491	SLC6A8-like proteins	biolink:Gene	NCBITaxon:9606
obo:go/extensions/reacto.owl#REACTO_R-HSA-200343	CKB, CKM	biolink:Gene	NCBITaxon:9606
obo:go/extensions/reacto.owl#REACTO_R-HSA-200373	CK octamers	biolink:Gene	NCBITaxon:9606
obo:go/extensions/reacto.owl#REACTO_R-HSA-71268	GATM dimer	biolink:Gene	NCBITaxon:9606
obo:go/extensions/reacto.owl#REACTO_R-HSA-71276	GAMT	biolink:Gene	NCBITaxon:9606
MGI:MGI:1351644	Abcc5 Mmus	biolink:Gene	NCBITaxon:10090
MGI:MGI:2443629	Cemip Mmus	biolink:Gene	NCBITaxon:10090
MGI:MGI:109599	Has3 Mmus	biolink:Gene	NCBITaxon:10090
MGI:MGI:106590	Has1 Mmus	biolink:Gene	NCBITaxon:10090
MGI:MGI:107821	Has2 Mmus	biolink:Gene	NCBITaxon:10090
UniProtKB:O00206	TLR4 Hsap	biolink:Gene	NCBITaxon:9606
UniProtKB:P58753	TIRAP Hsap	biolink:Gene	NCBITaxon:9606
UniProtKB:Q99836	MYD88 Hsap	biolink:Gene	NCBITaxon:9606
UniProtKB:P26672	OPG176 VACCW	biolink:Gene	NCBITaxon:9606
obo:go/extensions/reacto.owl#REACTO_R-HSA-113838	phospho-Chk1	biolink:Gene	NCBITaxon:9606
obo:go/extensions/reacto.owl#REACTO_R-HSA-176204	Rad17-RFC complex bound to DNA	biolink:Gene	NCBITaxon:9606
obo:go/extensions/reacto.owl#REACTO_R-HSA-450343	p-MKK3,p-MKK6	biolink:Gene	NCBITaxon:9606
obo:go/extensions/reacto.owl#REACTO_R-HSA-198703	p-MAPK11/p-MAPK14	biolink:Gene	NCBITaxon:9606
obo:go/extensions/reacto.owl#REACTO_R-HSA-3239009	phospho-p38 MAPK: MAPKAPK5	biolink:Gene	NCBITaxon:9606
obo:go/extensions/reacto.owl#REACTO_R-HSA-3239018	p-T182-PRAK	biolink:Gene	NCBITaxon:9606
obo:go/extensions/reacto.owl#REACTO_R-HSA-3772127	phospho-MAPK p38:p-MAPKAPK3	biolink:Gene	NCBITaxon:9606
obo:go/extensions/reacto.owl#REACTO_R-HSA-450299	p-MAP2K4/p-MAP2K7	biolink:Gene	NCBITaxon:9606
obo:go/extensions/reacto.owl#REACTO_R-HSA-2685607	p-T1400,T1412-MEKK1	biolink:Gene	NCBITaxon:9606
obo:go/extensions/reacto.owl#REACTO_R-HSA-212285	PRC2 (EZH2) Core	biolink:Gene	NCBITaxon:9606
obo:go/extensions/reacto.owl#REACTO_R-HSA-3222589	KDM6B:Fe2+	biolink:Gene	NCBITaxon:9606
GO:0016592	mediator complex	biolink:Gene	NCBITaxon:9606
GO:0097550	transcription preinitiation complex	biolink:Gene	NCBITaxon:9606
UniProtKB:Q14974	KPNB1 Hsap	biolink:Gene	NCBITaxon:9606
UniProtKB:P36956	SREBF1 Hsap	biolink:Gene	NCBITaxon:9606
UniProtKB:O15503	INSIG1 Hsap	biolink:Gene	NCBITaxon:9606
UniProtKB:O43462	MBTPS2 Hsap	biolink:Gene	NCBITaxon:9606
UniProtKB:Q6TCH7	PAQR3 Hsap	biolink:Gene	NCBITaxon:9606
obo:go/extensions/reacto.owl#REACTO_R-HSA-976075	E3 ligases in proteasomal degradation	biolink:Gene	NCBITaxon:9606
obo:go/extensions/reacto.owl#REACTO_R-HSA-68819	26S proteasome	biolink:Gene	NCBITaxon:9606
obo:go/extensions/reacto.owl#REACTO_R-HSA-8940604	THOP1	biolink:Gene	NCBITaxon:9606
obo:go/extensions/reacto.owl#REACTO_R-HSA-983128	IFN gamma stimulated aminopeptidases	biolink:Gene	NCBITaxon:9606
obo:go/extensions/reacto.owl#REACTO_R-HSA-947695	Activating enzymes E1	biolink:Gene	NCBITaxon:9606
obo:go/extensions/reacto.owl#REACTO_R-HSA-947628	E2 Ubiquitin-conjugating enzyme	biolink:Gene	NCBITaxon:9606
obo:go/extensions/reacto.owl#REACTO_R-HSA-113401	RNA Polymerase II holoenzyme complex (unphosphorylated)	biolink:Gene	NCBITaxon:9606
obo:go/extensions/reacto.owl#REACTO_R-HSA-67439	ERCC3	biolink:Gene	NCBITaxon:9606
obo:go/extensions/reacto.owl#REACTO_R-HSA-1299434	PMPCB	biolink:Gene	NCBITaxon:9606
obo:go/extensions/reacto.owl#REACTO_R-HSA-8949663	AFG3L2:Zn2+	biolink:Gene	NCBITaxon:9606
MGI:MGI:98973	Xdh Mmus	biolink:Gene	NCBITaxon:10090
MGI:MGI:98907	Uox Mmus	biolink:Gene	NCBITaxon:10090
MGI:MGI:97365	Pnp Mmus	biolink:Gene	NCBITaxon:10090
MGI:MGI:95678	Gda Mmus	biolink:Gene	NCBITaxon:10090
MGI:MGI:1916142	Urah Mmus	biolink:Gene	NCBITaxon:10090
MGI:MGI:3647519	Urad Mmus	biolink:Gene	NCBITaxon:10090
UniProtKB:P23443	RPS6KB1 Hsap	biolink:Gene	NCBITaxon:9606
UniProtKB:P62753	RPS6 Hsap	biolink:Gene	NCBITaxon:9606
UniProtKB:Q9UBS0	RPS6KB2 Hsap	biolink:Gene	NCBITaxon:9606
UniProtKB:Q13541	EIF4EBP1 Hsap	biolink:Gene	NCBITaxon:9606
UniProtKB:Q15382	RHEB Hsap	biolink:Gene	NCBITaxon:9606
UniProtKB:Q13131	PRKAA1 Hsap	biolink:Gene	NCBITaxon:9606
UniProtKB:P49815	TSC2 Hsap	biolink:Gene	NCBITaxon:9606
UniProtKB:P54646	PRKAA2 Hsap	biolink:Gene	NCBITaxon:9606
UniProtKB:P0DTC2	S protein Scov2	biolink:Gene	NCBITaxon:9606
UniProtKB:Q9BYF1	ACE2 Hsap	biolink:Gene	NCBITaxon:9606
UniProtKB:Q8TF66	LRRC15 Hsap	biolink:Gene	NCBITaxon:9606
UniProtKB:Q9UGN5	PARP2 Hsap	biolink:Gene	NCBITaxon:9606
UniProtKB:Q9NWY4	HPF1 Hsap	biolink:Gene	NCBITaxon:9606
MGI:MGI:1097668	Upp1 Mmus	biolink:Gene	NCBITaxon:10090
MGI:MGI:2139667	Dpyd Mmus	biolink:Gene	NCBITaxon:10090
MGI:MGI:1928679	Dpys Mmus	biolink:Gene	NCBITaxon:10090
MGI:MGI:2143535	Upb1 Mmus	biolink:Gene	NCBITaxon:10090
MGI:MGI:1927186	Nt5c3 Mmus	biolink:Gene	NCBITaxon:10090
MGI:MGI:1354954	Nt5c Mmus	biolink:Gene	NCBITaxon:10090
obo:go/extensions/reacto.owl#REACTO_R-HSA-9619357	p-CaMKK:CALM1:4xCa2+	biolink:Gene	NCBITaxon:9606
obo:go/extensions/reacto.owl#REACTO_R-HSA-9619454	PPM1F	biolink:Gene	NCBITaxon:9606
UniProtKB:Q8TB45	DEPTOR Hsap	biolink:Gene	NCBITaxon:9606
UniProtKB:O75385	ULK1 Hsap	biolink:Gene	NCBITaxon:9606
MGI:MGI:1096335	Adam17 Mmus	biolink:Gene	NCBITaxon:10090
UniProtKB:Q8N5C8	TAB3 Hsap	biolink:Gene	NCBITaxon:9606
UniProtKB:O43318	MAP3K7 Hsap	biolink:Gene	NCBITaxon:9606
UniProtKB:P25963	NFKBIA Hsap	biolink:Gene	NCBITaxon:9606
UniProtKB:P19838	NFKB1 Hsap	biolink:Gene	NCBITaxon:9606
UniProtKB:Q04206	RELA Hsap	biolink:Gene	NCBITaxon:9606
UniProtKB:P52564	MAP2K6 Hsap	biolink:Gene	NCBITaxon:9606
UniProtKB:Q15759	MAPK11 Hsap	biolink:Gene	NCBITaxon:9606
UniProtKB:Q16539	MAPK14 Hsap	biolink:Gene	NCBITaxon:9606
UniProtKB:P98170	XIAP Hsap	biolink:Gene	NCBITaxon:9606
UniProtKB:O43353	RIPK2 Hsap	biolink:Gene	NCBITaxon:9606
UniProtKB:Q9NYJ8	TAB2 Hsap	biolink:Gene	NCBITaxon:9606
UniProtKB:O14920	IKBKB Hsap	biolink:Gene	NCBITaxon:9606
UniProtKB:Q96EP0	RNF31 Hsap	biolink:Gene	NCBITaxon:9606
UniProtKB:Q9Y239	NOD1 Hsap	biolink:Gene	NCBITaxon:9606
UniProtKB:Q9Y6K9	IKBKG Hsap	biolink:Gene	NCBITaxon:9606
UniProtKB:Q7NWF2	copC NCBITaxon:243365	biolink:Gene	NCBITaxon:9606
UniProtKB:P55210	CASP7 Hsap	biolink:Gene	NCBITaxon:9606
obo:go/extensions/reacto.owl#REACTO_R-HSA-5672601	RAS GEFs	biolink:Gene	NCBITaxon:9606
obo:go/extensions/reacto.owl#REACTO_R-HSA-109797	GRB2-1:SOS1	biolink:Gene	NCBITaxon:9606
obo:go/extensions/reacto.owl#REACTO_R-HSA-8851860	HGF:p-4Y-MET dimer:RANBP9:SOS1	biolink:Gene	NCBITaxon:9606
obo:go/extensions/reacto.owl#REACTO_R-HSA-1250382	GRB2:SOS1:p-Y349,350-SHC1:p-ERBB4	biolink:Gene	NCBITaxon:9606
UniProtKB:Q9NS39	ADARB2 Hsap	biolink:Gene	NCBITaxon:9606
UniProtKB:P78563	ADARB1 Hsap	biolink:Gene	NCBITaxon:9606
UniProtKB:P42262	GRIA2 Hsap	biolink:Gene	NCBITaxon:9606
MGI:MGI:88038	Fabp4 Mmus	biolink:Gene	NCBITaxon:10090
MGI:MGI:96790	Lipe Mmus	biolink:Gene	NCBITaxon:10090
MGI:MGI:1914103	Pnpla2 Mmus	biolink:Gene	NCBITaxon:10090
MGI:MGI:95479	Fabp1 Mmus	biolink:Gene	NCBITaxon:10090
MGI:MGI:1346042	Mgll Mmus	biolink:Gene	NCBITaxon:10090
MGI:MGI:1890505	Plin1 Mmus	biolink:Gene	NCBITaxon:10090
MGI:MGI:97592	Prkaca Mmus	biolink:Gene	NCBITaxon:10090
MGI:MGI:103016	Ppp1ca Mmus	biolink:Gene	NCBITaxon:10090
UniProtKB:Q96B02	UBE2W Hsap	biolink:Gene	NCBITaxon:9606
UniProtKB:P61088	UBE2N Hsap	biolink:Gene	NCBITaxon:9606
UniProtKB:Q9C029	TRIM7 Hsap	biolink:Gene	NCBITaxon:9606
MGI:MGI:95805	Grb2 Mmus	biolink:Gene	NCBITaxon:10090
MGI:MGI:97847	Raf1 Mmus	biolink:Gene	NCBITaxon:10090
MGI:MGI:1346867	Map2k2 Mmus	biolink:Gene	NCBITaxon:10090
MGI:MGI:1346866	Map2k1 Mmus	biolink:Gene	NCBITaxon:10090
MGI:MGI:98354	Sos1 Mmus	biolink:Gene	NCBITaxon:10090
MGI:MGI:96224	Hras Mmus	biolink:Gene	NCBITaxon:10090
MGI:MGI:1346858	Mapk1 Mmus	biolink:Gene	NCBITaxon:10090
MGI:MGI:1346859	Mapk3 Mmus	biolink:Gene	NCBITaxon:10090
MGI:MGI:95411	Erbb3 Mmus	biolink:Gene	NCBITaxon:10090
MGI:MGI:96083	Nrg1 Mmus	biolink:Gene	NCBITaxon:10090
obo:go/extensions/reacto.owl#REACTO_R-HSA-429864	PAN2	biolink:Gene	NCBITaxon:9606
obo:go/extensions/reacto.owl#REACTO_R-HSA-429886	PARN homodimer	biolink:Gene	NCBITaxon:9606
obo:go/extensions/reacto.owl#REACTO_R-HSA-429962	CNOT6 or CNOT6L	biolink:Gene	NCBITaxon:9606
obo:go/extensions/reacto.owl#REACTO_R-HSA-8941311	TUT4,TUT7	biolink:Gene	NCBITaxon:9606
obo:go/extensions/reacto.owl#REACTO_R-HSA-5601916	HENMT1	biolink:Gene	NCBITaxon:9606
obo:go/extensions/reacto.owl#REACTO_R-HSA-5601894	PIWL2_HUMAN	biolink:Gene	NCBITaxon:9606
UniProtKB:P51114	FXR1 Hsap	biolink:Gene	NCBITaxon:9606
UniProtKB:O75116	ROCK2 Hsap	biolink:Gene	NCBITaxon:9606
UniProtKB:P24844	MYL9 Hsap	biolink:Gene	NCBITaxon:9606
MGI:MGI:1351869	Pdxk Mmus	biolink:Gene	NCBITaxon:10090
MGI:MGI:2144151	Pnpo Mmus	biolink:Gene	NCBITaxon:10090
UniProtKB:P32241	VIPR1 Hsap	biolink:Gene	NCBITaxon:9606
UniProtKB:P63092	GNAS Hsap	biolink:Gene	NCBITaxon:9606
UniProtKB:P01282	VIP Hsap	biolink:Gene	NCBITaxon:9606
UniProtKB:O43306	ADCY6 Hsap	biolink:Gene	NCBITaxon:9606
UniProtKB:O75367	MACROH2A1 Hsap	biolink:Gene	NCBITaxon:9606
UniProtKB:P09874	PARP1 Hsap	biolink:Gene	NCBITaxon:9606
UniProtKB:Q66478		biolink:Gene	NCBITaxon:9606
obo:go/extensions/reacto.owl#REACTO_R-HSA-2142793	ALOX12:Fe2+	biolink:Gene	NCBITaxon:9606
obo:go/extensions/reacto.owl#REACTO_R-HSA-429010	ALOX5	biolink:Gene	NCBITaxon:9606
obo:go/extensions/reacto.owl#REACTO_R-HSA-9025025	Epoxide hydrolase	biolink:Gene	NCBITaxon:9606
obo:go/extensions/reacto.owl#REACTO_R-HSA-9024779	Hydroperoxy reductase	biolink:Gene	NCBITaxon:9606
MGI:MGI:97451	Otx2 Mmus	biolink:Gene	NCBITaxon:10090
MGI:MGI:99783	Lhx1 Mmus	biolink:Gene	NCBITaxon:10090
MGI:MGI:1201683	Eomes Mmus	biolink:Gene	NCBITaxon:10090
MGI:MGI:1347476	Foxa2 Mmus	biolink:Gene	NCBITaxon:10090
MGI:MGI:894293	Smad4 Mmus	biolink:Gene	NCBITaxon:10090
UniProtKB:P08069	IGF1R Hsap	biolink:Gene	NCBITaxon:9606
UniProtKB:Q9Y4H2	IRS2 Hsap	biolink:Gene	NCBITaxon:9606
UniProtKB:P35568	IRS1 Hsap	biolink:Gene	NCBITaxon:9606
UniProtKB:P05019	IGF1 Hsap	biolink:Gene	NCBITaxon:9606
MGI:MGI:2679721	Dixdc1 Mmus	biolink:Gene	NCBITaxon:10090
MGI:MGI:94941	Dvl1 Mmus	biolink:Gene	NCBITaxon:10090
MGI:MGI:98956	Wnt3a Mmus	biolink:Gene	NCBITaxon:10090
MGI:MGI:1858910	Jmjd6 Mmus	biolink:Gene	NCBITaxon:10090
MGI:MGI:1921480	Liat1 Mmus	biolink:Gene	NCBITaxon:10090
obo:go/extensions/reacto.owl#REACTO_R-HSA-9013227	CDC42 GEFs	biolink:Gene	NCBITaxon:9606
obo:go/extensions/reacto.owl#REACTO_R-HSA-9013234	CDC42 GAPs	biolink:Gene	NCBITaxon:9606
UniProtKB:P18089	ADRA2B Hsap	biolink:Gene	NCBITaxon:9606
UniProtKB:P09471	GNAO1 Hsap	biolink:Gene	NCBITaxon:9606
UniProtKB:P69723	vif NCBITaxon:11706	biolink:Gene	NCBITaxon:9606
UniProtKB:P29350	PTPN6 Hsap	biolink:Gene	NCBITaxon:9606
UniProtKB:P42685	FRK Hsap	biolink:Gene	NCBITaxon:9606
MGI:MGI:892979	Chm Mmus	biolink:Gene	NCBITaxon:10090
GO:0005968	Rab-protein geranylgeranyltransferase complex	biolink:Gene	NCBITaxon:10090
MGI:MGI:1277117	Ptp4a2 Mmus	biolink:Gene	NCBITaxon:10090
obo:go/extensions/reacto.owl#REACTO_R-HSA-159359	NNMT	biolink:Gene	NCBITaxon:9606
obo:go/extensions/reacto.owl#REACTO_R-HSA-174358	AHCY:NAD+ tetramer	biolink:Gene	NCBITaxon:9606
obo:go/extensions/reacto.owl#REACTO_R-HSA-52625	CYP1A2	biolink:Gene	NCBITaxon:9606
obo:go/extensions/reacto.owl#REACTO_R-HSA-200713	2xMTHFR	biolink:Gene	NCBITaxon:9606
obo:go/extensions/reacto.owl#REACTO_R-HSA-3149551	MTRR:MTR:MeCbl	biolink:Gene	NCBITaxon:9606
obo:go/extensions/reacto.owl#REACTO_R-HSA-174383	MAT1A multimers	biolink:Gene	NCBITaxon:9606
obo:go/extensions/reacto.owl#REACTO_R-HSA-175974	COMT	biolink:Gene	NCBITaxon:9606
obo:go/extensions/reacto.owl#REACTO_R-HSA-175986	TMT	biolink:Gene	NCBITaxon:9606
obo:go/extensions/reacto.owl#REACTO_R-HSA-197968	FPGS-2	biolink:Gene	NCBITaxon:9606
obo:go/extensions/reacto.owl#REACTO_R-HSA-353576	MAT2B:MAT2A:K+:2Mg2+	biolink:Gene	NCBITaxon:9606
obo:go/extensions/reacto.owl#REACTO_R-HSA-3149530	MTRR:FMN:FAD	biolink:Gene	NCBITaxon:9606
obo:go/extensions/reacto.owl#REACTO_R-HSA-390430	FAR2	biolink:Gene	NCBITaxon:9606
obo:go/extensions/reacto.owl#REACTO_R-HSA-1456465	ABCD1-3 dimers	biolink:Gene	NCBITaxon:9606
obo:go/extensions/reacto.owl#REACTO_R-HSA-390412	FAR1	biolink:Gene	NCBITaxon:9606
MGI:MGI:1916948	Slc52a3 Mmus	biolink:Gene	NCBITaxon:10090
MGI:MGI:1914688	Rfk Mmus	biolink:Gene	NCBITaxon:10090
MGI:MGI:1289288	Slc52a2 Mmus	biolink:Gene	NCBITaxon:10090
MGI:MGI:2443030	Flad1 Mmus	biolink:Gene	NCBITaxon:10090
UniProtKB:P30988	CALCR Hsap	biolink:Gene	NCBITaxon:9606
UniProtKB:P10997	IAPP Hsap	biolink:Gene	NCBITaxon:9606
obo:go/extensions/reacto.owl#REACTO_R-HSA-6798682		biolink:Gene	NCBITaxon:9606
obo:go/extensions/reacto.owl#REACTO_R-HSA-6798663		biolink:Gene	NCBITaxon:9606
obo:go/extensions/reacto.owl#REACTO_R-HSA-9014724	PXLP-SDS dimers	biolink:Gene	NCBITaxon:9606
obo:go/extensions/reacto.owl#REACTO_R-HSA-9014634	HRSP12	biolink:Gene	NCBITaxon:9606
UniProtKB:P02818	BGLAP Hsap	biolink:Gene	NCBITaxon:10090
UniProtKB:Q5T848	GPR158 Hsap	biolink:Gene	NCBITaxon:10090
UniProtKB:P38435	GGCX Hsap	biolink:Gene	NCBITaxon:10090
obo:go/extensions/reacto.owl#REACTO_R-HSA-74280	BDH1 tetramer	biolink:Gene	NCBITaxon:9606
obo:go/extensions/reacto.owl#REACTO_R-HSA-8955621	OXCT dimers	biolink:Gene	NCBITaxon:9606
obo:go/extensions/reacto.owl#REACTO_R-HSA-70839	ACAT1 tetramer	biolink:Gene	NCBITaxon:9606
UniProtKB:A0AV96	RBM47 Hsap	biolink:Gene	NCBITaxon:9606
UniProtKB:P41238	APOBEC1 Hsap	biolink:Gene	NCBITaxon:9606
UniProtKB:P04114	APOB Hsap	biolink:Gene	NCBITaxon:9606
UniProtKB:Q9NQ94	A1CF Hsap	biolink:Gene	NCBITaxon:9606
UniProtKB:P27037	ACVR2A Hsap	biolink:Gene	NCBITaxon:9606
UniProtKB:P36896	ACVR1B Hsap	biolink:Gene	NCBITaxon:9606
UniProtKB:P84022	SMAD3 Hsap	biolink:Gene	NCBITaxon:9606
UniProtKB:P55107	GDF10 Hsap	biolink:Gene	NCBITaxon:9606
UniProtKB:Q68DK7	MSL1 Hsap	biolink:Gene	NCBITaxon:9606
UniProtKB:Q8N5Y2	MSL3 Hsap	biolink:Gene	NCBITaxon:9606
UniProtKB:Q9HCI7	MSL2 Hsap	biolink:Gene	NCBITaxon:9606
MGI:MGI:96433	Igf1r Mmus	biolink:Gene	NCBITaxon:10090
MGI:MGI:98296	Shc1 Mmus	biolink:Gene	NCBITaxon:10090
MGI:MGI:96432	Igf1 Mmus	biolink:Gene	NCBITaxon:10090
obo:go/extensions/reacto.owl#REACTO_R-HSA-69261	CDC25	biolink:Gene	NCBITaxon:9606
obo:go/extensions/reacto.owl#REACTO_R-HSA-170160	CCNB1:p-T161-CDK1	biolink:Gene	NCBITaxon:9606
UniProtKB:P52292	KPNA2 Hsap	biolink:Gene	NCBITaxon:9606
MGI:MGI:1929955	Akr1a1 Mmus	biolink:Gene	NCBITaxon:10090
MGI:MGI:1915881	Cryl1 Mmus	biolink:Gene	NCBITaxon:10090
MGI:MGI:98266	Sord Mmus	biolink:Gene	NCBITaxon:10090
MGI:MGI:2142985	Xylb Mmus	biolink:Gene	NCBITaxon:10090
MGI:MGI:1915130	Dcxr Mmus	biolink:Gene	NCBITaxon:10090
obo:go/extensions/reacto.owl#REACTO_R-HSA-1678867	GUSB tetramer	biolink:Gene	NCBITaxon:9606
obo:go/extensions/reacto.owl#REACTO_R-HSA-1605749	bHEXB	biolink:Gene	NCBITaxon:9606
obo:go/extensions/reacto.owl#REACTO_R-HSA-1605656	bHEXA	biolink:Gene	NCBITaxon:9606
obo:go/extensions/reacto.owl#REACTO_R-HSA-3907265	HYAL1-like proteins	biolink:Gene	NCBITaxon:9606
UniProtKB:O43734	TRAF3IP2 Hsap	biolink:Gene	NCBITaxon:9606
UniProtKB:Q9UHP3	USP25 Hsap	biolink:Gene	NCBITaxon:9606
UniProtKB:Q9Y4K3	TRAF6 Hsap	biolink:Gene	NCBITaxon:9606
UniProtKB:Q16552	IL17A Hsap	biolink:Gene	NCBITaxon:9606
obo:go/extensions/reacto.owl#REACTO_R-HSA-947698	UBA1	biolink:Gene	NCBITaxon:9606
obo:go/extensions/reacto.owl#REACTO_R-HSA-8852063	Ub-Cys632-UBA1	biolink:Gene	NCBITaxon:9606
obo:go/extensions/reacto.owl#REACTO_R-HSA-8853523	UCHL3,USP7,USP9X	biolink:Gene	NCBITaxon:9606
obo:go/extensions/reacto.owl#REACTO_R-HSA-947701	UBA6	biolink:Gene	NCBITaxon:9606
obo:go/extensions/reacto.owl#REACTO_R-HSA-8853527	OTULIN,USP5	biolink:Gene	NCBITaxon:9606
UniProtKB:P0DP23	CALM1 Hsap	biolink:Gene	NCBITaxon:9606
UniProtKB:Q9UQM7	CAMK2A Hsap	biolink:Gene	NCBITaxon:9606
UniProtKB:Q9ULT8	HECTD1 Hsap	biolink:Gene	NCBITaxon:9606
UniProtKB:P48552	NRIP1 Hsap	biolink:Gene	NCBITaxon:9606
UniProtKB:Q09472	EP300 Hsap	biolink:Gene	NCBITaxon:9606
UniProtKB:P03372	ESR1 Hsap	biolink:Gene	NCBITaxon:9606
UniProtKB:Q6PJ21	SPSB3 Hsap	biolink:Gene	NCBITaxon:9606
obo:go/extensions/reacto.owl#REACTO_R-HSA-1498806	PTDSS1	biolink:Gene	NCBITaxon:9606
obo:go/extensions/reacto.owl#REACTO_R-HSA-1500592	CEPT1/EPT1	biolink:Gene	NCBITaxon:9606
obo:go/extensions/reacto.owl#REACTO_R-HSA-1498817	PSS2	biolink:Gene	NCBITaxon:9606
obo:go/extensions/reacto.owl#REACTO_R-HSA-1524035	LPEAT	biolink:Gene	NCBITaxon:9606
UniProtKB:P01270	PTH Hsap	biolink:Gene	NCBITaxon:9606
UniProtKB:P41180	CASR Hsap	biolink:Gene	NCBITaxon:9606
UniProtKB:P54577	YARS1 Hsap	biolink:Gene	NCBITaxon:9606
UniProtKB:Q5T9L3	WLS Hsap	biolink:Gene	NCBITaxon:9606
MGI:MGI:95568	Folr1 Mmus	biolink:Gene	NCBITaxon:10090
MGI:MGI:94890	Dhfr Mmus	biolink:Gene	NCBITaxon:10090
UniProtKB:Q5T4W7	ARTN Hsap	biolink:Gene	NCBITaxon:9606
UniProtKB:O60609	GFRA3 Hsap	biolink:Gene	NCBITaxon:9606
UniProtKB:P07949	RET Hsap	biolink:Gene	NCBITaxon:9606
obo:go/extensions/reacto.owl#REACTO_R-HSA-67443	CXPD	biolink:Gene	NCBITaxon:9606
obo:go/extensions/reacto.owl#REACTO_R-HSA-6781845	UVSSA:USP7	biolink:Gene	NCBITaxon:9606
obo:go/extensions/reacto.owl#REACTO_R-HSA-2984248	p-S206-NEK6/p-S195-NEK7	biolink:Gene	NCBITaxon:9606
obo:go/extensions/reacto.owl#REACTO_R-HSA-2984227	p-3S,2T-NEK9	biolink:Gene	NCBITaxon:9606
obo:go/extensions/reacto.owl#REACTO_R-HSA-157412	CDC25B	biolink:Gene	NCBITaxon:9606
obo:go/extensions/reacto.owl#REACTO_R-HSA-9618956	p-CaMKK:CALM1:4xCa2+	biolink:Gene	NCBITaxon:9606
obo:go/extensions/reacto.owl#REACTO_R-HSA-9619152	p-T200-CAMK4:CALM1:4xCa2+	biolink:Gene	NCBITaxon:9606
obo:go/extensions/reacto.owl#REACTO_R-HSA-9618860	CaMKK:CALM1:4xCa2+	biolink:Gene	NCBITaxon:9606
obo:go/extensions/reacto.owl#REACTO_R-HSA-111904	p-S12.S13,T200-CAMK4:CALM1:4xCa2+	biolink:Gene	NCBITaxon:9606
UniProtKB:Q5T4S7	UBR4 Hsap	biolink:Gene	NCBITaxon:9606
UniProtKB:Q9P0J7	KCMF1 Hsap	biolink:Gene	NCBITaxon:9606
UniProtKB:P49459	UBE2A Hsap	biolink:Gene	NCBITaxon:9606
UniProtKB:P62081	RPS7 Hsap	biolink:Gene	NCBITaxon:9606
UniProtKB:Q147X3	NAA30 Hsap	biolink:Gene	NCBITaxon:9606
obo:go/extensions/reacto.owl#REACTO_R-HSA-9619404	p-CAMKK2:CALM1:4xCa2+	biolink:Gene	NCBITaxon:9606
obo:go/extensions/reacto.owl#REACTO_R-HSA-380934	p-AMPK heterotrimer	biolink:Gene	NCBITaxon:9606
obo:go/extensions/reacto.owl#REACTO_R-HSA-391423	VHL	biolink:Gene	NCBITaxon:9606
UniProtKB:P55211	CASP9 Hsap	biolink:Gene	NCBITaxon:9606
MGI:MGI:1927655	Ggcx Mmus	biolink:Gene	NCBITaxon:10090
MGI:MGI:88156	Bglap Mmus	biolink:Gene	NCBITaxon:10090
MGI:MGI:2441697	Gpr158 Mmus	biolink:Gene	NCBITaxon:10090
UniProtKB:P01574	IFNB1 Hsap	biolink:Gene	NCBITaxon:9606
UniProtKB:P48551-1	IFNAR2 Hsap	biolink:Gene	NCBITaxon:9606
UniProtKB:P17181	IFNAR1 Hsap	biolink:Gene	NCBITaxon:9606
UniProtKB:P29597	TYK2 Hsap	biolink:Gene	NCBITaxon:9606
UniProtKB:Q9NW38	FANCL Hsap	biolink:Gene	NCBITaxon:9606
UniProtKB:Q9NVI1	FANCI Hsap	biolink:Gene	NCBITaxon:9606
UniProtKB:Q9BXW9	FANCD2 Hsap	biolink:Gene	NCBITaxon:9606
UniProtKB:Q9NPD8	UBE2T Hsap	biolink:Gene	NCBITaxon:9606
UniProtKB:O94782	USP1 Hsap	biolink:Gene	NCBITaxon:9606
UniProtKB:P14778	IL1R1 Hsap	biolink:Gene	NCBITaxon:10090
UniProtKB:P24394	IL4R Hsap	biolink:Gene	NCBITaxon:10090
UniProtKB:Q9NWZ3	IRAK4 Hsap	biolink:Gene	NCBITaxon:10090
UniProtKB:P60568	IL2 Hsap	biolink:Gene	NCBITaxon:10090
UniProtKB:P01589	IL2RA Hsap	biolink:Gene	NCBITaxon:10090
UniProtKB:O60674	JAK2 Hsap	biolink:Gene	NCBITaxon:10090
UniProtKB:P26951	IL3RA Hsap	biolink:Gene	NCBITaxon:10090
CHEBI:33695	information biomacromolecule	biolink:Gene	NCBITaxon:10090
UniProtKB:P01583	IL1A Hsap	biolink:Gene	NCBITaxon:10090
UniProtKB:Q01344	IL5RA Hsap	biolink:Gene	NCBITaxon:10090
UniProtKB:Q00535	CDK5 Hsap	biolink:Gene	NCBITaxon:10090
UniProtKB:P08700	IL3 Hsap	biolink:Gene	NCBITaxon:10090
UniProtKB:P05113	IL5 Hsap	biolink:Gene	NCBITaxon:10090
UniProtKB:P05112-1	IL4 Hsap	biolink:Gene	NCBITaxon:10090
obo:go/extensions/reacto.owl#REACTO_R-HSA-3640827	RNF146	biolink:Gene	NCBITaxon:9606
obo:go/extensions/reacto.owl#REACTO_R-HSA-2130272	USP34	biolink:Gene	NCBITaxon:9606
MGI:MGI:1298224	Pip5k1c Mmus	biolink:Gene	NCBITaxon:10090
MGI:MGI:1919020	Ap2b1 Mmus	biolink:Gene	NCBITaxon:10090
MGI:MGI:99435	Arf6 Mmus	biolink:Gene	NCBITaxon:10090
MGI:MGI:1921303	Grip1 Mmus	biolink:Gene	NCBITaxon:10090
RGD:69437	Pick1 Rnor	biolink:Gene	NCBITaxon:10090
MGI:MGI:1098687	Aak1 Mmus	biolink:Gene	NCBITaxon:10090
RGD:3247	Pacsin1 Rnor	biolink:Gene	NCBITaxon:10090
MGI:MGI:1196356	Iqsec1 Mmus	biolink:Gene	NCBITaxon:10090
RGD:1564808	Usp46 Rnor	biolink:Gene	NCBITaxon:10090
RGD:3157	Nedd4 Rnor	biolink:Gene	NCBITaxon:10090
RGD:1305550	Eps15 Rnor	biolink:Gene	NCBITaxon:10090
RGD:620546	Syne1 Rnor	biolink:Gene	NCBITaxon:10090
RGD:1305886	Sh3glb2 Rnor	biolink:Gene	NCBITaxon:10090
RGD:621481	Sirt2 Rnor	biolink:Gene	NCBITaxon:10090
MGI:MGI:1316660	Cacng2 Mmus	biolink:Gene	NCBITaxon:10090
MGI:MGI:1915816	Caly Mmus	biolink:Gene	NCBITaxon:10090
MGI:MGI:894297	Clta Mmus	biolink:Gene	NCBITaxon:10090
MGI:MGI:1914852	Necap1 Mmus	biolink:Gene	NCBITaxon:10090
MGI:MGI:1333763	Epn1 Mmus	biolink:Gene	NCBITaxon:10090
MGI:MGI:1338069	Itsn1 Mmus	biolink:Gene	NCBITaxon:10090
MGI:MGI:3505790	Fcho2 Mmus	biolink:Gene	NCBITaxon:10090
UniProtKB:Q13049	TRIM32 Hsap	biolink:Gene	NCBITaxon:9606
UniProtKB:Q15051	IQCB1 Hsap	biolink:Gene	NCBITaxon:9606
UniProtKB:Q9H992	MARCHF7 Hsap	biolink:Gene	NCBITaxon:9606
UniProtKB:Q93008	USP9X Hsap	biolink:Gene	NCBITaxon:9606
MGI:MGI:1098246	Nrg2 Mmus	biolink:Gene	NCBITaxon:10090
MGI:MGI:104771	Erbb4 Mmus	biolink:Gene	NCBITaxon:10090
UniProtKB:P31037	VACWR175 VACCW	biolink:Gene	NCBITaxon:9606
MGI:MGI:96159	Hmgcr Mmus	biolink:Gene	NCBITaxon:10090
MGI:MGI:107624	Mvk Mmus	biolink:Gene	NCBITaxon:10090
MGI:MGI:1298378	Dhcr7 Mmus	biolink:Gene	NCBITaxon:10090
MGI:MGI:1922004	Dhcr24 Mmus	biolink:Gene	NCBITaxon:10090
MGI:MGI:104888	Fdps Mmus	biolink:Gene	NCBITaxon:10090
MGI:MGI:102706	Fdft1 Mmus	biolink:Gene	NCBITaxon:10090
MGI:MGI:1099438	Nsdhl Mmus	biolink:Gene	NCBITaxon:10090
MGI:MGI:1330808	Hsd17b7 Mmus	biolink:Gene	NCBITaxon:10090
MGI:MGI:109296	Sqle Mmus	biolink:Gene	NCBITaxon:10090
MGI:MGI:1336155	Lss Mmus	biolink:Gene	NCBITaxon:10090
MGI:MGI:106040	Cyp51 Mmus	biolink:Gene	NCBITaxon:10090
MGI:MGI:1920416	Tm7sf2 Mmus	biolink:Gene	NCBITaxon:10090
MGI:MGI:1913484	Msmo1 Mmus	biolink:Gene	NCBITaxon:10090
MGI:MGI:2138281	Lbr Mmus	biolink:Gene	NCBITaxon:10090
MGI:MGI:107822	Ebp Mmus	biolink:Gene	NCBITaxon:10090
MGI:MGI:1353611	Sc5d Mmus	biolink:Gene	NCBITaxon:10090
MGI:MGI:2179327	Mvd Mmus	biolink:Gene	NCBITaxon:10090
MGI:MGI:2442264	Idi1 Mmus	biolink:Gene	NCBITaxon:10090
MGI:MGI:103251	Acly Mmus	biolink:Gene	NCBITaxon:10090
MGI:MGI:87871	Acat2 Mmus	biolink:Gene	NCBITaxon:10090
MGI:MGI:1916115	Arv1 Mmus	biolink:Gene	NCBITaxon:10090
MGI:MGI:1915853	Pmvk Mmus	biolink:Gene	NCBITaxon:10090
MGI:MGI:107592	Hmgcs1 Mmus	biolink:Gene	NCBITaxon:10090
UniProtKB:P08559	PDHA1 Hsap	biolink:Gene	NCBITaxon:9606
UniProtKB:O75390	CS Hsap	biolink:Gene	NCBITaxon:9606
obo:go/extensions/reacto.owl#REACTO_R-HSA-372870	PFKFB dimers	biolink:Gene	NCBITaxon:9606
obo:go/extensions/reacto.owl#REACTO_R-HSA-165961	PP2A-ABdeltaC complex	biolink:Gene	NCBITaxon:9606
obo:go/extensions/reacto.owl#REACTO_R-HSA-70469	GPI dimer	biolink:Gene	NCBITaxon:9606
UniProtKB:Q13523	PRP4K Hsap	biolink:Gene	NCBITaxon:9606
UniProtKB:Q03112-7	MECOM Hsap	biolink:Gene	NCBITaxon:9606
UniProtKB:Q8TEX9	IPO4 Hsap	biolink:Gene	NCBITaxon:9606
UniProtKB:Q9Y294	ASF1A Hsap	biolink:Gene	NCBITaxon:9606
UniProtKB:Q9HAZ2	PRDM16 Hsap	biolink:Gene	NCBITaxon:9606
UniProtKB:Q86WJ1-5	CHD1L Hsap	biolink:Gene	NCBITaxon:9606
UniProtKB:P30419	NMT1 Hsap	biolink:Gene	NCBITaxon:9606
UniProtKB:Q9NYG2	ZDHHC3 Hsap	biolink:Gene	NCBITaxon:9606
UniProtKB:Q6IAA8	LAMTOR1 Hsap	biolink:Gene	NCBITaxon:9606
obo:go/extensions/reacto.owl#REACTO_R-HSA-174191	phosphorylated anaphase promoting complex (APC/C)	biolink:Gene	NCBITaxon:9606
obo:go/extensions/reacto.owl#REACTO_R-HSA-174244	UbcX	biolink:Gene	NCBITaxon:9606
obo:go/extensions/reacto.owl#REACTO_R-HSA-177750	26S proteasome	biolink:Gene	NCBITaxon:9606
UniProtKB:P00973-1	OAS1 Hsap	biolink:Gene	NCBITaxon:9606
UniProtKB:Q05823	RNASEL Hsap	biolink:Gene	NCBITaxon:9606
UniProtKB:P24385	CCND1 Hsap	biolink:Gene	NCBITaxon:9606
UniProtKB:Q00534	CDK6 Hsap	biolink:Gene	NCBITaxon:9606
UniProtKB:P11802	CDK4 Hsap	biolink:Gene	NCBITaxon:9606
UniProtKB:Q9C0C7	AMBRA1 Hsap	biolink:Gene	NCBITaxon:9606
UniProtKB:P30279	CCND2 Hsap	biolink:Gene	NCBITaxon:9606
UniProtKB:P30281	CCND3 Hsap	biolink:Gene	NCBITaxon:9606
UniProtKB:Q96E52	OMA1 Hsap	biolink:Gene	NCBITaxon:9606
UniProtKB:P35638	DDIT3 Hsap	biolink:Gene	NCBITaxon:9606
obo:go/extensions/reacto.owl#REACTO_R-HSA-399856	PAK1,2,3 dimer	biolink:Gene	NCBITaxon:9606
obo:go/extensions/reacto.owl#REACTO_R-HSA-399836	p-S,T-PAK1,2,3	biolink:Gene	NCBITaxon:9606
obo:go/extensions/reacto.owl#REACTO_R-HSA-1247946	GGT dimers	biolink:Gene	NCBITaxon:9606
obo:go/extensions/reacto.owl#REACTO_R-HSA-1258421	CNDP2 homodimer	biolink:Gene	NCBITaxon:9606
obo:go/extensions/reacto.owl#REACTO_R-HSA-9753788	NAT1,2	biolink:Gene	NCBITaxon:9606
obo:go/extensions/reacto.owl#REACTO_R-HSA-9753787	ABCC1,4,5	biolink:Gene	NCBITaxon:9606
obo:go/extensions/reacto.owl#REACTO_R-HSA-174382	GSS:Mg2+ dimer	biolink:Gene	NCBITaxon:9606
obo:go/extensions/reacto.owl#REACTO_R-HSA-9753675	GSTM1,P1,T1 dimers	biolink:Gene	NCBITaxon:9606
obo:go/extensions/reacto.owl#REACTO_R-HSA-9648892	p-T-EIF2AK1	biolink:Gene	NCBITaxon:9606
obo:go/extensions/reacto.owl#REACTO_R-HSA-9648894	E2AK1_HUMAN	biolink:Gene	NCBITaxon:9606
MGI:MGI:107364	Il17a Mmus	biolink:Gene	NCBITaxon:10090
MGI:MGI:2143599	Traf3ip2 Mmus	biolink:Gene	NCBITaxon:10090
MGI:MGI:104798	Tnf Mmus	biolink:Gene	NCBITaxon:10090
UniProtKB:P18378	VACWR034 VACCW	biolink:Gene	NCBITaxon:9606
UniProtKB:P19525	EIF2AK2 Hsap	biolink:Gene	NCBITaxon:9606
UniProtKB:Q9BY44	EIF2A Hsap	biolink:Gene	NCBITaxon:9606
UniProtKB:P20042	EIF2S2 Hsap	biolink:Gene	NCBITaxon:9606
UniProtKB:P60484	PTEN Hsap	biolink:Gene	NCBITaxon:9606
UniProtKB:P35222	CTNNB1 Hsap	biolink:Gene	NCBITaxon:9606
GO:0017146	NMDA selective glutamate receptor complex	biolink:Gene	NCBITaxon:9606
UniProtKB:P78352	DLG4 Hsap	biolink:Gene	NCBITaxon:9606
UniProtKB:Q9NP91	SLC6A20 Hsap	biolink:Gene	NCBITaxon:9606
obo:go/extensions/reacto.owl#REACTO_R-HSA-449645	ALG6	biolink:Gene	NCBITaxon:9606
obo:go/extensions/reacto.owl#REACTO_R-HSA-449640	ALG8	biolink:Gene	NCBITaxon:9606
obo:go/extensions/reacto.owl#REACTO_R-HSA-449336	ALG2	biolink:Gene	NCBITaxon:9606
obo:go/extensions/reacto.owl#REACTO_R-HSA-449267	ALG11	biolink:Gene	NCBITaxon:9606
obo:go/extensions/reacto.owl#REACTO_R-HSA-449255	RFT1	biolink:Gene	NCBITaxon:9606
obo:go/extensions/reacto.owl#REACTO_R-HSA-449287	ALG3	biolink:Gene	NCBITaxon:9606
obo:go/extensions/reacto.owl#REACTO_R-HSA-449274	DOLK	biolink:Gene	NCBITaxon:9606
obo:go/extensions/reacto.owl#REACTO_R-HSA-449262	DPAGT1	biolink:Gene	NCBITaxon:9606
obo:go/extensions/reacto.owl#REACTO_R-HSA-449241	ALG9	biolink:Gene	NCBITaxon:9606
obo:go/extensions/reacto.owl#REACTO_R-HSA-449348	ALG12	biolink:Gene	NCBITaxon:9606
obo:go/extensions/reacto.owl#REACTO_R-HSA-449223	ALG1	biolink:Gene	NCBITaxon:9606
obo:go/extensions/reacto.owl#REACTO_R-HSA-449706	DOLPP1	biolink:Gene	NCBITaxon:9606
obo:go/extensions/reacto.owl#REACTO_R-HSA-3558426	2xUAP1	biolink:Gene	NCBITaxon:9606
obo:go/extensions/reacto.owl#REACTO_R-HSA-449326	ALG13:ALG14	biolink:Gene	NCBITaxon:9606
obo:go/extensions/reacto.owl#REACTO_R-HSA-449652	ALG10 homologue	biolink:Gene	NCBITaxon:9606
UniProtKB:Q8TDU6	GPBAR1 Hsap	biolink:Gene	NCBITaxon:9606
UniProtKB:P11473	VDR Hsap	biolink:Gene	NCBITaxon:9606
UniProtKB:Q9Y6Q9	NCOA3 Hsap	biolink:Gene	NCBITaxon:9606
obo:go/extensions/reacto.owl#REACTO_R-HSA-451893	JAK3	biolink:Gene	NCBITaxon:9606
obo:go/extensions/reacto.owl#REACTO_R-HSA-451898	JAK1	biolink:Gene	NCBITaxon:9606
obo:go/extensions/reacto.owl#REACTO_R-HSA-5675402	PPP5C	biolink:Gene	NCBITaxon:9606
obo:go/extensions/reacto.owl#REACTO_R-HSA-196206	PP2A	biolink:Gene	NCBITaxon:9606
UniProtKB:P41743	PRKCI Hsap	biolink:Gene	NCBITaxon:9606
UniProtKB:O00213	APBB1 Hsap	biolink:Gene	NCBITaxon:9606
UniProtKB:P62330	ARF6 Hsap	biolink:Gene	NCBITaxon:9606
MGI:MGI:87994	Aldoa Mmus	biolink:Gene	NCBITaxon:10090
MGI:MGI:97552	Pgam1 Mmus	biolink:Gene	NCBITaxon:10090
MGI:MGI:95393	Eno1 Mmus	biolink:Gene	NCBITaxon:10090
MGI:MGI:95640	Gapdh Mmus	biolink:Gene	NCBITaxon:10090
MGI:MGI:97555	Pgk1 Mmus	biolink:Gene	NCBITaxon:10090
MGI:MGI:97604	Pklr Mmus	biolink:Gene	NCBITaxon:10090
MGI:MGI:98797	Tpi1 Mmus	biolink:Gene	NCBITaxon:10090
UniProtKB:P41586	ADCYAP1R1 Hsap	biolink:Gene	NCBITaxon:9606
UniProtKB:P18509	ADCYAP1 Hsap	biolink:Gene	NCBITaxon:9606
obo:go/extensions/reacto.owl#REACTO_R-HSA-5357666	MSDM	biolink:Gene	NCBITaxon:9606
obo:go/extensions/reacto.owl#REACTO_R-HSA-5359018	PXLP-K259-SCLY dimer	biolink:Gene	NCBITaxon:9606
obo:go/extensions/reacto.owl#REACTO_R-HSA-174373	AHCY	biolink:Gene	NCBITaxon:9606
obo:go/extensions/reacto.owl#REACTO_R-HSA-1614610	PXLP-K119-CBS tetramer	biolink:Gene	NCBITaxon:9606
obo:go/extensions/reacto.owl#REACTO_R-HSA-5359013	MetTrans(1)	biolink:Gene	NCBITaxon:9606
obo:go/extensions/reacto.owl#REACTO_R-HSA-443377	SCN2A	biolink:Gene	NCBITaxon:9606
obo:go/extensions/reacto.owl#REACTO_R-HSA-9717390	CALHM1:CALHM3	biolink:Gene	NCBITaxon:9606
obo:go/extensions/reacto.owl#REACTO_R-HSA-9717365	TRPM4 tetramer	biolink:Gene	NCBITaxon:9606
obo:go/extensions/reacto.owl#REACTO_R-HSA-9717389	TRPM5 tetramer	biolink:Gene	NCBITaxon:9606
obo:go/extensions/reacto.owl#REACTO_R-HSA-2672342	SCNN channels	biolink:Gene	NCBITaxon:9606
obo:go/extensions/reacto.owl#REACTO_R-HSA-443375	SCN3A	biolink:Gene	NCBITaxon:9606
obo:go/extensions/reacto.owl#REACTO_R-HSA-443374	SCN9A	biolink:Gene	NCBITaxon:9606
UniProtKB:P54760	EPHB4 Hsap	biolink:Gene	NCBITaxon:9606
UniProtKB:P20936	RASA1 Hsap	biolink:Gene	NCBITaxon:9606
UniProtKB:P52799	EFNB2 Hsap	biolink:Gene	NCBITaxon:9606
UniProtKB:P04628	WNT1 Hsap	biolink:Gene	NCBITaxon:9606
UniProtKB:Q9UP38	FZD1 Hsap	biolink:Gene	NCBITaxon:9606
UniProtKB:Q96EB6	SIRT1 Hsap	biolink:Gene	NCBITaxon:9606
UniProtKB:Q6PF18	MORN3 Hsap	biolink:Gene	NCBITaxon:9606
UniProtKB:Q96JB5	CDK5RAP3 Hsap	biolink:Gene	NCBITaxon:9606
UniProtKB:P42771	CDKN2A Hsap	biolink:Gene	NCBITaxon:9606
UniProtKB:P00751-PRO_0000027547	CFB Hsap	biolink:Gene	NCBITaxon:9606
UniProtKB:P00746	CFD Hsap	biolink:Gene	NCBITaxon:9606
UniProtKB:P48740-2	MASP1 Hsap	biolink:Gene	NCBITaxon:9606
MGI:MGI:2384987	B4galt7 Mmus	biolink:Gene	NCBITaxon:10090
MGI:MGI:2152819	B3galt6 Mmus	biolink:Gene	NCBITaxon:10090
MGI:MGI:1924148	B3gat1 Mmus	biolink:Gene	NCBITaxon:10090
MGI:MGI:1919977	B3gat3 Mmus	biolink:Gene	NCBITaxon:10090
MGI:MGI:2389490	B3gat2 Mmus	biolink:Gene	NCBITaxon:10090
MGI:MGI:1915133	Uxs1 Mmus	biolink:Gene	NCBITaxon:10090
MGI:MGI:2444797	Xylt2 Mmus	biolink:Gene	NCBITaxon:10090
MGI:MGI:2451073	Xylt1 Mmus	biolink:Gene	NCBITaxon:10090
MGI:MGI:1931249	Slc35b4 Mmus	biolink:Gene	NCBITaxon:10090
UniProtKB:O75154	RAB11FIP3 Hsap	biolink:Gene	NCBITaxon:9606
UniProtKB:Q9UPT5	EXOC7 Hsap	biolink:Gene	NCBITaxon:9606
UniProtKB:Q9H0H5	RACGAP1 Hsap	biolink:Gene	NCBITaxon:9606
UniProtKB:Q9H8V3	ECT2 Hsap	biolink:Gene	NCBITaxon:9606
UniProtKB:P62491	RAB11A Hsap	biolink:Gene	NCBITaxon:9606
obo:go/extensions/reacto.owl#REACTO_R-HSA-173752	Cell surface:C3b:Bb:Properdin	biolink:Gene	NCBITaxon:9606
obo:go/extensions/reacto.owl#REACTO_R-HSA-173750	C3 convertases	biolink:Gene	NCBITaxon:9606
obo:go/extensions/reacto.owl#REACTO_R-HSA-173759	C5 convertases	biolink:Gene	NCBITaxon:9606
obo:go/extensions/reacto.owl#REACTO_R-HSA-8933003	COQ7:COQ9	biolink:Gene	NCBITaxon:9606
obo:go/extensions/reacto.owl#REACTO_R-HSA-2162206	COQ3	biolink:Gene	NCBITaxon:9606
obo:go/extensions/reacto.owl#REACTO_R-HSA-5216195	SAMC	biolink:Gene	NCBITaxon:9606
obo:go/extensions/reacto.owl#REACTO_R-HSA-2162210	COQ5	biolink:Gene	NCBITaxon:9606
obo:go/extensions/reacto.owl#REACTO_R-HSA-1299439	COQ2	biolink:Gene	NCBITaxon:9606
obo:go/extensions/reacto.owl#REACTO_R-HSA-2162308	COQ6:FAD	biolink:Gene	NCBITaxon:9606
obo:go/extensions/reacto.owl#REACTO_R-HSA-2167848		biolink:Gene	NCBITaxon:9606
obo:go/extensions/reacto.owl#REACTO_R-HSA-2162271	PDSS1/2 tetramer	biolink:Gene	NCBITaxon:9606
obo:go/extensions/reacto.owl#REACTO_R-HSA-2167826	DMPhOH monooxygenase	biolink:Gene	NCBITaxon:9606
UniProtKB:Q5JWF2	GNAS Hsap	biolink:Gene	NCBITaxon:9606
UniProtKB:Q08828	ADCY1 Hsap	biolink:Gene	NCBITaxon:9606
UniProtKB:P01225	FSHB Hsap	biolink:Gene	NCBITaxon:9606
UniProtKB:P23945-4	FSHR Hsap	biolink:Gene	NCBITaxon:9606
UniProtKB:Q13263	TRIM28 Hsap	biolink:Gene	NCBITaxon:9606
UniProtKB:O75534	CSDE1 Hsap	biolink:Gene	NCBITaxon:9606
UniProtKB:P27361	MAPK3 Hsap	biolink:Gene	NCBITaxon:9606
GO:0036396	RNA N6-methyladenosine methyltransferase complex	biolink:Gene	NCBITaxon:9606
UniProtKB:Q9Y6M1	IGF2BP2 Hsap	biolink:Gene	NCBITaxon:9606
RNAcentral:URS000075C624_9606	URS000075C624_9606 Hsap	biolink:Gene	NCBITaxon:9606
MGI:MGI:2681120	Chsy1 Mmus	biolink:Gene	NCBITaxon:10090
MGI:MGI:106576	Chpf Mmus	biolink:Gene	NCBITaxon:10090
MGI:MGI:1926173	Chsy3 Mmus	biolink:Gene	NCBITaxon:10090
MGI:MGI:1858224	Chst3 Mmus	biolink:Gene	NCBITaxon:10090
MGI:MGI:1891767	Chst7 Mmus	biolink:Gene	NCBITaxon:10090
MGI:MGI:2442354	Csgalnact1 Mmus	biolink:Gene	NCBITaxon:10090
MGI:MGI:1917522	Chpf2 Mmus	biolink:Gene	NCBITaxon:10090
MGI:MGI:1926002	Csgalnact2 Mmus	biolink:Gene	NCBITaxon:10090
UniProtKB:P30518	AVPR2 Hsap	biolink:Gene	NCBITaxon:9606
UniProtKB:P01185	AVP Hsap	biolink:Gene	NCBITaxon:9606
MGI:MGI:1196334	Hyal2 Mmus	biolink:Gene	NCBITaxon:10090
MGI:MGI:98725	Tgfb1 Mmus	biolink:Gene	NCBITaxon:10090
UniProtKB:Q9H0E7	USP44 Hsap	biolink:Gene	NCBITaxon:9606
UniProtKB:Q92466	DDB2 Hsap	biolink:Gene	NCBITaxon:9606
UniProtKB:Q01831	XPC Hsap	biolink:Gene	NCBITaxon:9606
obo:go/extensions/reacto.owl#REACTO_R-HSA-266038	LTA4H:Zn2+	biolink:Gene	NCBITaxon:9606
obo:go/extensions/reacto.owl#REACTO_R-HSA-9020572	GPX4-2	biolink:Gene	NCBITaxon:9606
obo:go/extensions/reacto.owl#REACTO_R-HSA-2142838	ALOX15	biolink:Gene	NCBITaxon:9606
UniProtKB:P11142	HSPA8 Hsap	biolink:Gene	NCBITaxon:9606
UniProtKB:P13473	LAMP2 Hsap	biolink:Gene	NCBITaxon:9606
UniProtKB:Q9H6Z9	EGLN3 Hsap	biolink:Gene	NCBITaxon:9606
UniProtKB:Q9Y617	PSAT1 Hsap	biolink:Gene	NCBITaxon:9606
UniProtKB:P36969	GPX4 Hsap	biolink:Gene	NCBITaxon:9606
MGI:MGI:107543	Sox17 Mmus	biolink:Gene	NCBITaxon:10090
MGI:MGI:96217	Hprt1 Mmus	biolink:Gene	NCBITaxon:10090
MGI:MGI:98299	Shmt1 Mmus	biolink:Gene	NCBITaxon:10090
obo:go/extensions/reacto.owl#REACTO_R-HSA-2685603	p-Y551-BTK	biolink:Gene	NCBITaxon:9606
obo:go/extensions/reacto.owl#REACTO_R-HSA-2685652	SYK/BTK	biolink:Gene	NCBITaxon:9606
obo:go/extensions/reacto.owl#REACTO_R-HSA-1861712	p-6Y-SYK	biolink:Gene	NCBITaxon:9606
obo:go/extensions/reacto.owl#REACTO_R-HSA-114534	G-protein alpha (q/11): GTP	biolink:Gene	NCBITaxon:9606
obo:go/extensions/reacto.owl#REACTO_R-HSA-428935	MAPK14	biolink:Gene	NCBITaxon:9606
obo:go/extensions/reacto.owl#REACTO_R-HSA-432116	FGR	biolink:Gene	NCBITaxon:9606
obo:go/extensions/reacto.owl#REACTO_R-HSA-189046	alpha-amylase	biolink:Gene	NCBITaxon:9606
obo:go/extensions/reacto.owl#REACTO_R-HSA-189009	MGAM dimer	biolink:Gene	NCBITaxon:9606
obo:go/extensions/reacto.owl#REACTO_R-HSA-189082	sucrase-isomaltase dimer	biolink:Gene	NCBITaxon:9606
UniProtKB:Q01220	VACWR178 VACCW	biolink:Gene	NCBITaxon:9606
UniProtKB:O43187	IRAK2 Hsap	biolink:Gene	NCBITaxon:9606
UniProtKB:O15111	CHUK Hsap	biolink:Gene	NCBITaxon:9606
UniProtKB:P63104	YWHAZ Hsap	biolink:Gene	NCBITaxon:9606
UniProtKB:Q8N122	RPTOR Hsap	biolink:Gene	NCBITaxon:9606
obo:go/extensions/reacto.owl#REACTO_R-HSA-1474144	GCH1 decamer	biolink:Gene	NCBITaxon:9606
obo:go/extensions/reacto.owl#REACTO_R-HSA-1475058	p-PTPS hexamer	biolink:Gene	NCBITaxon:9606
obo:go/extensions/reacto.owl#REACTO_R-HSA-1497817	p-SPR dimer	biolink:Gene	NCBITaxon:9606
obo:go/extensions/reacto.owl#REACTO_R-HSA-1497822	DHFR dimer	biolink:Gene	NCBITaxon:9606
obo:go/extensions/reacto.owl#REACTO_R-HSA-418377	PRKG2	biolink:Gene	NCBITaxon:9606
UniProtKB:Q96G23	CERS2 Hsap	biolink:Gene	NCBITaxon:9606
UniProtKB:O15121	DEGS1 Hsap	biolink:Gene	NCBITaxon:9606
UniProtKB:Q06136	KDSR Hsap	biolink:Gene	NCBITaxon:9606
GO:0017059	serine palmitoyltransferase complex	biolink:Gene	NCBITaxon:9606
obo:go/extensions/reacto.owl#REACTO_R-HSA-9668812	PRIM1:PRIM2	biolink:Gene	NCBITaxon:9606
obo:go/extensions/reacto.owl#REACTO_R-HSA-68507	primosome	biolink:Gene	NCBITaxon:9606
UniProtKB:Q9HAN9	NMNAT1 Hsap	biolink:Gene	NCBITaxon:9606
obo:go/extensions/reacto.owl#REACTO_R-HSA-209979	CYP27B1	biolink:Gene	NCBITaxon:9606
obo:go/extensions/reacto.owl#REACTO_R-HSA-209969	CYP24A1	biolink:Gene	NCBITaxon:9606
obo:go/extensions/reacto.owl#REACTO_R-HSA-209941	CYP2R1	biolink:Gene	NCBITaxon:9606
obo:go/extensions/reacto.owl#REACTO_R-HSA-2990843	UBA2:SAE1	biolink:Gene	NCBITaxon:9606
obo:go/extensions/reacto.owl#REACTO_R-HSA-2993789	PIAS4	biolink:Gene	NCBITaxon:9606
UniProtKB:Q96T88	UHRF1 Hsap	biolink:Gene	NCBITaxon:9606
UniProtKB:P26358	DNMT1 Hsap	biolink:Gene	NCBITaxon:9606
UniProtKB:Q9H5I1	SUV39H2 Hsap	biolink:Gene	NCBITaxon:9606
GO:0005965	protein farnesyltransferase complex	biolink:Gene	NCBITaxon:10090
obo:go/extensions/reacto.owl#REACTO_R-HSA-936550	UBA7	biolink:Gene	NCBITaxon:9606
obo:go/extensions/reacto.owl#REACTO_R-HSA-936014	UBCH8	biolink:Gene	NCBITaxon:9606
MGI:MGI:96298	Hyal1 Mmus	biolink:Gene	NCBITaxon:10090
MGI:MGI:95872	Gusb Mmus	biolink:Gene	NCBITaxon:10090
MGI:MGI:1355303	Galns Mmus	biolink:Gene	NCBITaxon:10090
MGI:MGI:1330288	Hyal3 Mmus	biolink:Gene	NCBITaxon:10090
MGI:MGI:1924292	Hyal4 Mmus	biolink:Gene	NCBITaxon:10090
MGI:MGI:96074	Hexb Mmus	biolink:Gene	NCBITaxon:10090
MGI:MGI:88075	Arsb Mmus	biolink:Gene	NCBITaxon:10090
MGI:MGI:88151	Glb1 Mmus	biolink:Gene	NCBITaxon:10090
MGI:MGI:1922862	Gns Mmus	biolink:Gene	NCBITaxon:10090
MGI:MGI:96073	Hexa Mmus	biolink:Gene	NCBITaxon:10090
obo:go/extensions/reacto.owl#REACTO_R-HSA-199420	PTEN	biolink:Gene	NCBITaxon:9606
obo:go/extensions/reacto.owl#REACTO_R-HSA-1806157	PIP5K1A-C	biolink:Gene	NCBITaxon:9606
obo:go/extensions/reacto.owl#REACTO_R-HSA-1806223	SYNJ/MTM(1)	biolink:Gene	NCBITaxon:9606
obo:go/extensions/reacto.owl#REACTO_R-HSA-1806229	PIP4K2 dimers	biolink:Gene	NCBITaxon:9606
obo:go/extensions/reacto.owl#REACTO_R-HSA-1806214	SYNJ/INPP5(1)	biolink:Gene	NCBITaxon:9606
obo:go/extensions/reacto.owl#REACTO_R-HSA-2316432	Activator:PI3K	biolink:Gene	NCBITaxon:9606
obo:go/extensions/reacto.owl#REACTO_R-HSA-1806245	PIP5K1A/B	biolink:Gene	NCBITaxon:9606
obo:go/extensions/reacto.owl#REACTO_R-HSA-1806167	PI4K2A/2B	biolink:Gene	NCBITaxon:9606
MGI:MGI:106686	Pon3 Mmus	biolink:Gene	NCBITaxon:10090
GO:0034706	sodium channel complex	biolink:Gene	NCBITaxon:10090
UniProtKB:Q14116	IL18 Hsap	biolink:Gene	NCBITaxon:9606
UniProtKB:P49662	CASP4 Hsap	biolink:Gene	NCBITaxon:9606
UniProtKB:P51878	CASP5 Hsap	biolink:Gene	NCBITaxon:9606
UniProtKB:P25942	CD40 Hsap	biolink:Gene	NCBITaxon:9606
UniProtKB:O00463	TRAF5 Hsap	biolink:Gene	NCBITaxon:9606
UniProtKB:Q12933	TRAF2 Hsap	biolink:Gene	NCBITaxon:9606
UniProtKB:P29965	CD40LG Hsap	biolink:Gene	NCBITaxon:9606
obo:go/extensions/reacto.owl#REACTO_R-HSA-435359	DCT1	biolink:Gene	NCBITaxon:9606
obo:go/extensions/reacto.owl#REACTO_R-HSA-904825	SLC40A1:CP:6Cu2+	biolink:Gene	NCBITaxon:9606
obo:go/extensions/reacto.owl#REACTO_R-HSA-904821	SLC40A1:HEPH:6Cu2+	biolink:Gene	NCBITaxon:9606
obo:go/extensions/reacto.owl#REACTO_R-HSA-917916	CYBRD1:Heme	biolink:Gene	NCBITaxon:9606
obo:go/extensions/reacto.owl#REACTO_R-HSA-9661427	FLVCR1-2	biolink:Gene	NCBITaxon:9606
obo:go/extensions/reacto.owl#REACTO_R-HSA-189382	HMOX1 dimer, HMOX2	biolink:Gene	NCBITaxon:9606
UniProtKB:Q86WT6	TRIM69 Hsap	biolink:Gene	NCBITaxon:9606
UniProtKB:P53350	PLK1 Hsap	biolink:Gene	NCBITaxon:9606
UniProtKB:P51955	NEK2 Hsap	biolink:Gene	NCBITaxon:9606
MGI:MGI:2178563	Nt5c2 Mmus	biolink:Gene	NCBITaxon:10090
obo:go/extensions/reacto.owl#REACTO_R-HSA-51645	GPIV	biolink:Gene	NCBITaxon:9606
obo:go/extensions/reacto.owl#REACTO_R-HSA-9632658	ACSL3,4	biolink:Gene	NCBITaxon:9606
UniProtKB:Q06124	PTPN11 Hsap	biolink:Gene	NCBITaxon:9606
UniProtKB:P14373	TRIM27 Hsap	biolink:Gene	NCBITaxon:9606
UniProtKB:Q9BZZ2	SIGLEC1 Hsap	biolink:Gene	NCBITaxon:9606
UniProtKB:O43914	TYROBP Hsap	biolink:Gene	NCBITaxon:9606
UniProtKB:Q5JSH3	WDR44 Hsap	biolink:Gene	NCBITaxon:9606
UniProtKB:P31749	AKT1 Hsap	biolink:Gene	NCBITaxon:9606
UniProtKB:Q92633	LPAR1 Hsap	biolink:Gene	NCBITaxon:9606
MGI:MGI:2148922	Ehmt2 Mmus	biolink:Gene	NCBITaxon:10090
MGI:MGI:94912	Dnmt1 Mmus	biolink:Gene	NCBITaxon:10090
obo:go/extensions/reacto.owl#REACTO_R-HSA-1250221	ERBB4 homodimers	biolink:Gene	NCBITaxon:9606
obo:go/extensions/reacto.owl#REACTO_R-HSA-1251963	ADAM17	biolink:Gene	NCBITaxon:9606
obo:go/extensions/reacto.owl#REACTO_R-HSA-157343	gamma-secretase complex	biolink:Gene	NCBITaxon:9606
UniProtKB:Q68D85	NCR3LG1 Hsap	biolink:Gene	NCBITaxon:9606
UniProtKB:O14931	NCR3 Hsap	biolink:Gene	NCBITaxon:9606
UniProtKB:Q8ND25	ZNRF1 Hsap	biolink:Gene	NCBITaxon:9606
UniProtKB:Q03135	CAV1 Hsap	biolink:Gene	NCBITaxon:9606
UniProtKB:P27986	PIK3R1 Hsap	biolink:Gene	NCBITaxon:9606
obo:go/extensions/reacto.owl#REACTO_R-HSA-5682046	Ac-K3016-ATM dimer	biolink:Gene	NCBITaxon:9606
obo:go/extensions/reacto.owl#REACTO_R-HSA-5693527	p-S1981,Ac-K3016-ATM	biolink:Gene	NCBITaxon:9606
obo:go/extensions/reacto.owl#REACTO_R-HSA-6804437	RNF34,RFFL	biolink:Gene	NCBITaxon:9606
obo:go/extensions/reacto.owl#REACTO_R-HSA-5683773	p-T68-CHEK2 dimer	biolink:Gene	NCBITaxon:9606
obo:go/extensions/reacto.owl#REACTO_R-HSA-5683784	p-S,3T-CHEK2	biolink:Gene	NCBITaxon:9606
obo:go/extensions/reacto.owl#REACTO_R-HSA-6804936	p-S166,S188-MDM2:p-S346,S367,S403-MDM4	biolink:Gene	NCBITaxon:9606
obo:go/extensions/reacto.owl#REACTO_R-HSA-165662	MTOR	biolink:Gene	NCBITaxon:9606
obo:go/extensions/reacto.owl#REACTO_R-HSA-109697	PDPK1:PIP3	biolink:Gene	NCBITaxon:9606
obo:go/extensions/reacto.owl#REACTO_R-HSA-6804885	p-S166,S188-MDM2 dimer, p-S166,S188-MDM2,MDM4:TP53	biolink:Gene	NCBITaxon:9606
obo:go/extensions/reacto.owl#REACTO_R-HSA-3215278	USP7	biolink:Gene	NCBITaxon:9606
obo:go/extensions/reacto.owl#REACTO_R-HSA-6795449	p-T256,S422-SGK1	biolink:Gene	NCBITaxon:9606
obo:go/extensions/reacto.owl#REACTO_R-HSA-3222161	CNK	biolink:Gene	NCBITaxon:9606
obo:go/extensions/reacto.owl#REACTO_R-HSA-61459	PDK1	biolink:Gene	NCBITaxon:9606
obo:go/extensions/reacto.owl#REACTO_R-HSA-202074	Active AKT	biolink:Gene	NCBITaxon:9606
obo:go/extensions/reacto.owl#REACTO_R-HSA-965005	2xPDXK:2xZn2+	biolink:Gene	NCBITaxon:9606
obo:go/extensions/reacto.owl#REACTO_R-HSA-964943	2xPNPO:2xFMN	biolink:Gene	NCBITaxon:9606
UniProtKB:P07948-1	LYN Hsap	biolink:Gene	NCBITaxon:10116
RGD:621667	Grip1 Rnor	biolink:Gene	NCBITaxon:10116
RGD:621594	Nsf Rnor	biolink:Gene	NCBITaxon:10116
RGD:1309009	Ppfia1 Rnor	biolink:Gene	NCBITaxon:10116
RGD:69331	Git1 Rnor	biolink:Gene	NCBITaxon:10116
RGD:3395	Prkca Rnor	biolink:Gene	NCBITaxon:10116
UniProtKB:P25490	YY1 Hsap	biolink:Gene	NCBITaxon:9606
UniProtKB:P16298	PPP3CB Hsap	biolink:Gene	NCBITaxon:9606
UniProtKB:Q9GZU1	MCOLN1 Hsap	biolink:Gene	NCBITaxon:9606
UniProtKB:P19484	TFEB Hsap	biolink:Gene	NCBITaxon:9606
UniProtKB:A1A4Y4	IRGM Hsap	biolink:Gene	NCBITaxon:9606
obo:go/extensions/reacto.owl#REACTO_R-HSA-351581	HDAC4	biolink:Gene	NCBITaxon:9606
obo:go/extensions/reacto.owl#REACTO_R-HSA-912481	UBE2I	biolink:Gene	NCBITaxon:9606
obo:go/extensions/reacto.owl#REACTO_R-HSA-9610513	PIAS2-2,PIAS3,PIAS4	biolink:Gene	NCBITaxon:9606
obo:go/extensions/reacto.owl#REACTO_R-HSA-4086016	PIAS1,3	biolink:Gene	NCBITaxon:9606
obo:go/extensions/reacto.owl#REACTO_R-HSA-2993779	PIAS2-2	biolink:Gene	NCBITaxon:9606
obo:go/extensions/reacto.owl#REACTO_R-HSA-4090382	PIAS1,2-1	biolink:Gene	NCBITaxon:9606
obo:go/extensions/reacto.owl#REACTO_R-HSA-877307	PIAS1	biolink:Gene	NCBITaxon:9606
obo:go/extensions/reacto.owl#REACTO_R-HSA-2993764	PIAS3	biolink:Gene	NCBITaxon:9606
obo:go/extensions/reacto.owl#REACTO_R-HSA-4717502	PIAS1,2-2	biolink:Gene	NCBITaxon:9606
MGI:MGI:1346864	Mapk13 Mmus	biolink:Gene	NCBITaxon:10090
TAIR:2161690		biolink:Gene	NCBITaxon:10090
MGI:MGI:3033142	Mrgprd Mmus	biolink:Gene	NCBITaxon:10090
obo:go/extensions/reacto.owl#REACTO_R-HSA-1524157	PLA2(9)	biolink:Gene	NCBITaxon:9606
obo:go/extensions/reacto.owl#REACTO_R-HSA-1524155	PLA2(10)	biolink:Gene	NCBITaxon:9606
obo:go/extensions/reacto.owl#REACTO_R-HSA-1524037	LPSAT	biolink:Gene	NCBITaxon:9606
UniProtKB:P81172	HAMP Hsap	biolink:Gene	NCBITaxon:9606
UniProtKB:Q9NP59	SLC40A1 Hsap	biolink:Gene	NCBITaxon:9606
UniProtKB:P02787	TF Hsap	biolink:Gene	NCBITaxon:9606
UniProtKB:P02786	TFRC Hsap	biolink:Gene	NCBITaxon:9606
obo:go/extensions/reacto.owl#REACTO_R-HSA-4641156	HECW1	biolink:Gene	NCBITaxon:9606
obo:go/extensions/reacto.owl#REACTO_R-HSA-180582	RBX1	biolink:Gene	NCBITaxon:9606
UniProtKB:Q99717	SMAD5 Hsap	biolink:Gene	NCBITaxon:9606
UniProtKB:Q4G0M1	ERFE Hsap	biolink:Gene	NCBITaxon:9606
UniProtKB:P22004	BMP6 Hsap	biolink:Gene	NCBITaxon:9606
UniProtKB:Q15797	SMAD1 Hsap	biolink:Gene	NCBITaxon:9606
UniProtKB:Q13705	ACVR2B Hsap	biolink:Gene	NCBITaxon:9606
UniProtKB:Q04771	ACVR1 Hsap	biolink:Gene	NCBITaxon:9606
UniProtKB:O15198	SMAD9 Hsap	biolink:Gene	NCBITaxon:9606
UniProtKB:Q9C0C7-4	AMBRA1 Hsap	biolink:Gene	NCBITaxon:9606
UniProtKB:Q5MNZ9	WIPI1 Hsap	biolink:Gene	NCBITaxon:9606
UniProtKB:Q96BY7	ATG2B Hsap	biolink:Gene	NCBITaxon:9606
UniProtKB:Q2TAZ0-5	ATG2A Hsap	biolink:Gene	NCBITaxon:9606
UniProtKB:O95352	ATG7 Hsap	biolink:Gene	NCBITaxon:9606
UniProtKB:Q9H0Y0	ATG10 Hsap	biolink:Gene	NCBITaxon:9606
UniProtKB:Q9NT62	ATG3 Hsap	biolink:Gene	NCBITaxon:9606
UniProtKB:Q9Y4P1	ATG4B Hsap	biolink:Gene	NCBITaxon:9606
UniProtKB:O95166	GABARAP Hsap	biolink:Gene	NCBITaxon:9606
UniProtKB:Q9BXW4	MAP1LC3C Hsap	biolink:Gene	NCBITaxon:9606
UniProtKB:P60520	GABARAPL2 Hsap	biolink:Gene	NCBITaxon:9606
UniProtKB:Q9H0R8	GABARAPL1 Hsap	biolink:Gene	NCBITaxon:9606
UniProtKB:Q9GZQ8	MAP1LC3B Hsap	biolink:Gene	NCBITaxon:9606
UniProtKB:Q9H492	MAP1LC3A Hsap	biolink:Gene	NCBITaxon:9606
UniProtKB:Q9H1Y0	ATG5 Hsap	biolink:Gene	NCBITaxon:9606
UniProtKB:Q86TL0-2	ATG4D Hsap	biolink:Gene	NCBITaxon:9606
UniProtKB:Q8TDY2-1	RB1CC1 Hsap	biolink:Gene	NCBITaxon:9606
UniProtKB:Q14457	BECN1 Hsap	biolink:Gene	NCBITaxon:9606
UniProtKB:Q6ZNE5	ATG14 Hsap	biolink:Gene	NCBITaxon:9606
UniProtKB:Q676U5	ATG16L1 Hsap	biolink:Gene	NCBITaxon:9606
UniProtKB:Q8NEB9	PIK3C3 Hsap	biolink:Gene	NCBITaxon:9606
UniProtKB:O75143	ATG13 Hsap	biolink:Gene	NCBITaxon:9606
UniProtKB:Q8WYN0	ATG4A Hsap	biolink:Gene	NCBITaxon:9606
UniProtKB:Q96DT6	ATG4C Hsap	biolink:Gene	NCBITaxon:9606
UniProtKB:P16410	CTLA4 Hsap	biolink:Gene	NCBITaxon:9606
UniProtKB:P42081	CD86 Hsap	biolink:Gene	NCBITaxon:9606
GO:0042105	alpha-beta T cell receptor complex	biolink:Gene	NCBITaxon:9606
UniProtKB:P01730	CD4 Hsap	biolink:Gene	NCBITaxon:9606
UniProtKB:P10747	CD28 Hsap	biolink:Gene	NCBITaxon:9606
GO:0042613	MHC class II protein complex	biolink:Gene	NCBITaxon:9606
UniProtKB:Q92805	GOLGA1 Hsap	biolink:Gene	NCBITaxon:9606
UniProtKB:P12830	CDH1 Hsap	biolink:Gene	NCBITaxon:9606
UniProtKB:Q15139	PRKD1 Hsap	biolink:Gene	NCBITaxon:9606
UniProtKB:Q9H0J9	PARP12 Hsap	biolink:Gene	NCBITaxon:9606
UniProtKB:O95071	UBR5 Hsap	biolink:Gene	NCBITaxon:9606
UniProtKB:P10276	RARA Hsap	biolink:Gene	NCBITaxon:9606
UniProtKB:P19793	RXRA Hsap	biolink:Gene	NCBITaxon:9606
obo:go/extensions/reacto.owl#REACTO_R-HSA-936957	p-T342,T345,S346-IRAK4	biolink:Gene	NCBITaxon:9606
obo:go/extensions/reacto.owl#REACTO_R-HSA-166279	p-T209,387-IRAK1	biolink:Gene	NCBITaxon:9606
UniProtKB:Q9H082	RAB33B Hsap	biolink:Gene	NCBITaxon:9606
obo:go/extensions/reacto.owl#REACTO_R-HSA-210620	JAK2	biolink:Gene	NCBITaxon:9606
obo:go/extensions/reacto.owl#REACTO_R-HSA-873799	p-Y1007-JAK2	biolink:Gene	NCBITaxon:9606
obo:go/extensions/reacto.owl#REACTO_R-HSA-909568	CaMKII and PKC-delta	biolink:Gene	NCBITaxon:9606
obo:go/extensions/reacto.owl#REACTO_R-HSA-451921	p-JAK1	biolink:Gene	NCBITaxon:9606
obo:go/extensions/reacto.owl#REACTO_R-HSA-74011	cGMP:CNG channel	biolink:Gene	NCBITaxon:9606
obo:go/extensions/reacto.owl#REACTO_R-HSA-74129	NCKX1	biolink:Gene	NCBITaxon:9606
UniProtKB:Q96S15	WDR24 Hsap	biolink:Gene	NCBITaxon:9606
UniProtKB:Q8WTW4	NPRL2 Hsap	biolink:Gene	NCBITaxon:9606
UniProtKB:Q9HB90	RRAGC Hsap	biolink:Gene	NCBITaxon:9606
UniProtKB:Q7L523	RRAGA Hsap	biolink:Gene	NCBITaxon:9606
UniProtKB:O75140	DEPDC5 Hsap	biolink:Gene	NCBITaxon:9606
UniProtKB:Q9NUQ7	UFSP2 Hsap	biolink:Gene	NCBITaxon:9606
UniProtKB:P00387	CYB5R3 Hsap	biolink:Gene	NCBITaxon:9606
UniProtKB:Q96HY6	DDRGK1 Hsap	biolink:Gene	NCBITaxon:9606
UniProtKB:O94874	UFL1 Hsap	biolink:Gene	NCBITaxon:9606
obo:go/extensions/reacto.owl#REACTO_R-HSA-2142875	HAS1,2,3	biolink:Gene	NCBITaxon:9606
obo:go/extensions/reacto.owl#REACTO_R-HSA-174400	PAPSS1,2	biolink:Gene	NCBITaxon:9606
obo:go/extensions/reacto.owl#REACTO_R-HSA-71726	PPA1 dimer	biolink:Gene	NCBITaxon:9606
obo:go/extensions/reacto.owl#REACTO_R-HSA-2395830	NUDT1	biolink:Gene	NCBITaxon:9606
obo:go/extensions/reacto.owl#REACTO_R-HSA-56085	GMPS	biolink:Gene	NCBITaxon:9606
obo:go/extensions/reacto.owl#REACTO_R-HSA-507865	ASNS dimer	biolink:Gene	NCBITaxon:9606
obo:go/extensions/reacto.owl#REACTO_R-HSA-73790	PPAT dimer	biolink:Gene	NCBITaxon:9606
obo:go/extensions/reacto.owl#REACTO_R-HSA-419512	UMPS dimer	biolink:Gene	NCBITaxon:9606
obo:go/extensions/reacto.owl#REACTO_R-HSA-71733	ACS	biolink:Gene	NCBITaxon:9606
obo:go/extensions/reacto.owl#REACTO_R-HSA-6810875	ASS1 tetramer:NMRAL1 dimer:NADPH	biolink:Gene	NCBITaxon:9606
obo:go/extensions/reacto.owl#REACTO_R-HSA-74211	APRT dimer	biolink:Gene	NCBITaxon:9606
obo:go/extensions/reacto.owl#REACTO_R-HSA-74208	HPRT1 tetramer	biolink:Gene	NCBITaxon:9606
obo:go/extensions/reacto.owl#REACTO_R-HSA-70281	8xUGP2	biolink:Gene	NCBITaxon:9606
UniProtKB:P40818	USP8 Hsap	biolink:Gene	NCBITaxon:9606
UniProtKB:P00533	EGFR Hsap	biolink:Gene	NCBITaxon:9606
UniProtKB:Q16760	DGKD Hsap	biolink:Gene	NCBITaxon:9606
UniProtKB:P17252	PRKCA Hsap	biolink:Gene	NCBITaxon:9606
UniProtKB:Q13283	G3BP1 Hsap	biolink:Gene	NCBITaxon:9606
UniProtKB:Q14694	USP10 Hsap	biolink:Gene	NCBITaxon:9606
UniProtKB:P45983	MAPK8 Hsap	biolink:Gene	NCBITaxon:9606
UniProtKB:Q8N6T7	SIRT6 Hsap	biolink:Gene	NCBITaxon:9606
obo:go/extensions/reacto.owl#REACTO_R-HSA-143487	CDC25A	biolink:Gene	NCBITaxon:9606
obo:go/extensions/reacto.owl#REACTO_R-HSA-68889	CDK1	biolink:Gene	NCBITaxon:9606
UniProtKB:P01189	POMC Hsap	biolink:Gene	NCBITaxon:9606
UniProtKB:Q01726	MC1R Hsap	biolink:Gene	NCBITaxon:9606
obo:go/extensions/reacto.owl#REACTO_R-HSA-9013119	RHOC GEFs	biolink:Gene	NCBITaxon:9606
obo:go/extensions/reacto.owl#REACTO_R-HSA-9013126	RHOC GAPs	biolink:Gene	NCBITaxon:9606
UniProtKB:Q9NYG5	ANAPC11 Hsap	biolink:Gene	NCBITaxon:9606
UniProtKB:Q5XUX0	FBXO31 Hsap	biolink:Gene	NCBITaxon:9606
UniProtKB:Q12834	CDC20 Hsap	biolink:Gene	NCBITaxon:9606
MGI:MGI:1274789	Taldo1 Mmus	biolink:Gene	NCBITaxon:10090
MGI:MGI:105992	Tkt Mmus	biolink:Gene	NCBITaxon:10090
MGI:MGI:95797	Gpi1 Mmus	biolink:Gene	NCBITaxon:10090
obo:go/extensions/reacto.owl#REACTO_R-HSA-169696	ITPR:I(1,4,5)P3 tetramer	biolink:Gene	NCBITaxon:9606
obo:go/extensions/reacto.owl#REACTO_R-HSA-387383	Core SNARE Complex	biolink:Gene	NCBITaxon:9606
obo:go/extensions/reacto.owl#REACTO_R-HSA-265569	Voltage-gated Calcium Channels (pancreatic beta cell)	biolink:Gene	NCBITaxon:9606
obo:go/extensions/reacto.owl#REACTO_R-HSA-265561	KCNJ11	biolink:Gene	NCBITaxon:9606
obo:go/extensions/reacto.owl#REACTO_R-HSA-1498799	PLA2G4C	biolink:Gene	NCBITaxon:9606
obo:go/extensions/reacto.owl#REACTO_R-HSA-1524040	PLA2(8)	biolink:Gene	NCBITaxon:9606
obo:go/extensions/reacto.owl#REACTO_R-HSA-8933312	PLA2G15	biolink:Gene	NCBITaxon:9606
obo:go/extensions/reacto.owl#REACTO_R-HSA-1524107	PLA2(6)	biolink:Gene	NCBITaxon:9606
obo:go/extensions/reacto.owl#REACTO_R-HSA-1524120	PLA2(5)	biolink:Gene	NCBITaxon:9606
obo:go/extensions/reacto.owl#REACTO_R-HSA-1524112	PLA2(7)	biolink:Gene	NCBITaxon:9606
UniProtKB:P34995	PTGER1 Hsap	biolink:Gene	NCBITaxon:9606
UniProtKB:P23945	FSHR Hsap	biolink:Gene	NCBITaxon:9606
GO:0032991	protein-containing complex	biolink:Gene	NCBITaxon:9606
UniProtKB:P13861-2	PRKAR2A Hsap	biolink:Gene	NCBITaxon:9606
UniProtKB:P17612	PRKACA Hsap	biolink:Gene	NCBITaxon:9606
UniProtKB:Q9BZR9	TRIM8 Hsap	biolink:Gene	NCBITaxon:9606
UniProtKB:Q9C019	TRIM15 Hsap	biolink:Gene	NCBITaxon:9606
obo:go/extensions/reacto.owl#REACTO_R-HSA-5615661	RDH10,16,DHRS9,RDHE2	biolink:Gene	NCBITaxon:9606
obo:go/extensions/reacto.owl#REACTO_R-HSA-5362725	ALDH1A1,2,3 tetramers	biolink:Gene	NCBITaxon:9606
obo:go/extensions/reacto.owl#REACTO_R-HSA-5362706	ADH1A,1C,4 dimers	biolink:Gene	NCBITaxon:9606
obo:go/extensions/reacto.owl#REACTO_R-HSA-5696100	ALDH8A1	biolink:Gene	NCBITaxon:9606
obo:go/extensions/reacto.owl#REACTO_R-HSA-211025	CYP26C1	biolink:Gene	NCBITaxon:9606
obo:go/extensions/reacto.owl#REACTO_R-HSA-532516	OST complex	biolink:Gene	NCBITaxon:9606
obo:go/extensions/reacto.owl#REACTO_R-HSA-532676	MOGS	biolink:Gene	NCBITaxon:9606
UniProtKB:P96614	cshA BACSU	biolink:Gene	NCBITaxon:10090
MGI:MGI:3577024	Klf14 Mmus	biolink:Gene	NCBITaxon:10090
MGI:MGI:88251	Calm1 Mmus	biolink:Gene	NCBITaxon:10090
MGI:MGI:2144727	Ddx1 Mmus	biolink:Gene	NCBITaxon:10090
MGI:MGI:88177	Bmp2 Mmus	biolink:Gene	NCBITaxon:10090
MGI:MGI:1095407	Bmpr2 Mmus	biolink:Gene	NCBITaxon:10090
MGI:MGI:109452	Smad1 Mmus	biolink:Gene	NCBITaxon:10090
obo:go/extensions/reacto.owl#REACTO_R-HSA-975149	IRAK4(phosphorylated)	biolink:Gene	NCBITaxon:9606
obo:go/extensions/reacto.owl#REACTO_R-HSA-975117	p-T209,387-IRAK1	biolink:Gene	NCBITaxon:9606
UniProtKB:Q92889-2	ERCC4 Hsap	biolink:Gene	NCBITaxon:9606
MGI:MGI:2686159	Aim2 Mmus	biolink:Gene	NCBITaxon:10090
UniProtKB:P17812	CTPS1 Hsap	biolink:Gene	NCBITaxon:9606
UniProtKB:P10412	H1-4 Hsap	biolink:Gene	NCBITaxon:9606
MGI:MGI:1923904	Upp2 Mmus	biolink:Gene	NCBITaxon:10090
MGI:MGI:98904	Uck1 Mmus	biolink:Gene	NCBITaxon:10090
MGI:MGI:1931744	Uck2 Mmus	biolink:Gene	NCBITaxon:10090
MGI:MGI:1915806	Uckl1 Mmus	biolink:Gene	NCBITaxon:10090
MGI:MGI:1919519	Cda Mmus	biolink:Gene	NCBITaxon:10090
UniProtKB:P56703	WNT3 Hsap	biolink:Gene	NCBITaxon:9606
obo:go/extensions/reacto.owl#REACTO_R-HSA-264471	NSF	biolink:Gene	NCBITaxon:9606
obo:go/extensions/reacto.owl#REACTO_R-HSA-139830	Activated conventional protein kinase C	biolink:Gene	NCBITaxon:9606
MGI:MGI:107177	Hsd17b3 Mmus	biolink:Gene	NCBITaxon:10090
MGI:MGI:2150380	Srd5a2 Mmus	biolink:Gene	NCBITaxon:10090
MGI:MGI:98400	Srd5a1 Mmus	biolink:Gene	NCBITaxon:10090
MGI:MGI:88586	Cyp17a1 Mmus	biolink:Gene	NCBITaxon:10090
MGI:MGI:96233	Hsd3b1 Mmus	biolink:Gene	NCBITaxon:10090
MGI:MGI:2145458	Akr1c14 Mmus	biolink:Gene	NCBITaxon:10090
obo:go/extensions/reacto.owl#REACTO_R-HSA-68465	DNA2	biolink:Gene	NCBITaxon:9606
obo:go/extensions/reacto.owl#REACTO_R-HSA-54745	MF1	biolink:Gene	NCBITaxon:9606
UniProtKB:P23582	NPPC Hsap	biolink:Gene	NCBITaxon:9606
UniProtKB:P20594	NPR2 Hsap	biolink:Gene	NCBITaxon:9606
GO:0031390	Ctf18 RFC-like complex	biolink:Gene	NCBITaxon:9606
UniProtKB:P12004	PCNA Hsap	biolink:Gene	NCBITaxon:9606
UniProtKB:O75717	WDHD1 Hsap	biolink:Gene	NCBITaxon:9606
UniProtKB:O75419	CDC45 Hsap	biolink:Gene	NCBITaxon:9606
GO:0000811	GINS complex	biolink:Gene	NCBITaxon:9606
UniProtKB:Q7L590	MCM10 Hsap	biolink:Gene	NCBITaxon:9606
GO:0042555	MCM complex	biolink:Gene	NCBITaxon:9606
GO:0008622	epsilon DNA polymerase complex	biolink:Gene	NCBITaxon:9606
GO:0031462	Cul2-RING ubiquitin ligase complex	biolink:Gene	NCBITaxon:9606
UniProtKB:P55072	VCP Hsap	biolink:Gene	NCBITaxon:9606
GO:0031298	replication fork protection complex	biolink:Gene	NCBITaxon:9606
UniProtKB:Q9HAW4	CLSPN Hsap	biolink:Gene	NCBITaxon:9606
UniProtKB:O00311	CDC7 Hsap	biolink:Gene	NCBITaxon:9606
UniProtKB:Q12772	SREBF2 Hsap	biolink:Gene	NCBITaxon:9606
MGI:MGI:1328363	Ccnt1 Mmus	biolink:Gene	NCBITaxon:10090
MGI:MGI:1328368	Cdk9 Mmus	biolink:Gene	NCBITaxon:10090
MGI:MGI:98086	Polr2a Mmus	biolink:Gene	NCBITaxon:10090
MGI:MGI:103186	Rn7sk Mmus	biolink:Gene	NCBITaxon:10090
MGI:MGI:105923	Ednra Mmus	biolink:Gene	NCBITaxon:10090
MGI:MGI:95776	Gnaq Mmus	biolink:Gene	NCBITaxon:10090
MGI:MGI:95766	Gna11 Mmus	biolink:Gene	NCBITaxon:10090
MGI:MGI:95283	Edn1 Mmus	biolink:Gene	NCBITaxon:10090
MGI:MGI:97370	Enpp1 Mmus	biolink:Gene	NCBITaxon:10090
MGI:MGI:87883	Acp5 Mmus	biolink:Gene	NCBITaxon:10090
UniProtKB:O43561	LAT Hsap	biolink:Gene	NCBITaxon:9606
UniProtKB:P43403	ZAP70 Hsap	biolink:Gene	NCBITaxon:9606
obo:go/extensions/reacto.owl#REACTO_R-HSA-749455	Ligand:GPCR complexes that activate Gi:Heterotrimeric G-protein Gi (inactive)	biolink:Gene	NCBITaxon:9606
obo:go/extensions/reacto.owl#REACTO_R-HSA-418572	G-protein alpha (12/13):GTP	biolink:Gene	NCBITaxon:9606
CHEBI:36080	protein	biolink:Gene	NCBITaxon:10116
RGD:61843	Ybx1 Rnor	biolink:Gene	NCBITaxon:10116
RGD:1594177	2810025M15Rikl Rnor	biolink:Gene	NCBITaxon:10116
MGI:MGI:107676	Tank Mmus	biolink:Gene	NCBITaxon:10090
MGI:MGI:101835	Traf2 Mmus	biolink:Gene	NCBITaxon:10090
GO:0031588	nucleotide-activated protein kinase complex	biolink:Gene	NCBITaxon:9606
UniProtKB:Q9H019	MTFR1L Hsap	biolink:Gene	NCBITaxon:9606
UniProtKB:O60313	OPA1 Hsap	biolink:Gene	NCBITaxon:9606
obo:go/extensions/reacto.owl#REACTO_R-HSA-2314687	Ac-PTGS2 dimer	biolink:Gene	NCBITaxon:9606
UniProtKB:Q7Z434	MAVS Hsap	biolink:Gene	NCBITaxon:9606
UniProtKB:P03208	BILF1 NCBITaxon:10377	biolink:Gene	NCBITaxon:9606
obo:go/extensions/reacto.owl#REACTO_R-HSA-400155	EHHADH	biolink:Gene	NCBITaxon:9606
obo:go/extensions/reacto.owl#REACTO_R-HSA-382579	ALDP	biolink:Gene	NCBITaxon:9606
obo:go/extensions/reacto.owl#REACTO_R-HSA-380954	LKB1	biolink:Gene	NCBITaxon:9606
obo:go/extensions/reacto.owl#REACTO_R-HSA-380928	PPM1A	biolink:Gene	NCBITaxon:9606
MGI:MGI:88379	F13b Mmus	biolink:Gene	NCBITaxon:10090
MGI:MGI:1921395	F13a1 Mmus	biolink:Gene	NCBITaxon:10090
MGI:MGI:1933206	Grin3a Mmus	biolink:Gene	NCBITaxon:10090
UniProtKB:P63208	SKP1 Hsap	biolink:Gene	NCBITaxon:9606
UniProtKB:P41002	CCNF Hsap	biolink:Gene	NCBITaxon:9606
UniProtKB:Q9UQ84	EXO1 Hsap	biolink:Gene	NCBITaxon:9606
obo:go/extensions/reacto.owl#REACTO_R-HSA-3640837	Cholinesterase	biolink:Gene	NCBITaxon:9606
obo:go/extensions/reacto.owl#REACTO_R-HSA-1498767	PEMT	biolink:Gene	NCBITaxon:9606
obo:go/extensions/reacto.owl#REACTO_R-HSA-1524125	PCYT1 dimer	biolink:Gene	NCBITaxon:9606
obo:go/extensions/reacto.owl#REACTO_R-HSA-1500652	CHPT1:Mg2+/Mn2+	biolink:Gene	NCBITaxon:9606
obo:go/extensions/reacto.owl#REACTO_R-HSA-1524078	CHK dimer	biolink:Gene	NCBITaxon:9606
obo:go/extensions/reacto.owl#REACTO_R-HSA-1500579	PNPLA2/3	biolink:Gene	NCBITaxon:9606
obo:go/extensions/reacto.owl#REACTO_R-HSA-1500636	LPIN	biolink:Gene	NCBITaxon:9606
obo:go/extensions/reacto.owl#REACTO_R-HSA-5675858	ULK1_HUMAN	biolink:Gene	NCBITaxon:9606
obo:go/extensions/reacto.owl#REACTO_R-HSA-8876437	DENND3	biolink:Gene	NCBITaxon:9606
obo:go/extensions/reacto.owl#REACTO_R-HSA-5673748	p-AMPK heterotrimer:AMP:p-S317,467,556,638,T575-ULK1:ATG13:RB1CC1:ATG101	biolink:Gene	NCBITaxon:9606
MGI:MGI:1095438	Slc2a2 Mmus	biolink:Gene	NCBITaxon:10090
MGI:MGI:1270854	Gck Mmus	biolink:Gene	NCBITaxon:10090
MGI:MGI:1352629	Abcc8 Mmus	biolink:Gene	NCBITaxon:10090
RNAcentral:URS000024463E_9606	URS000024463E_9606 Hsap	biolink:Gene	NCBITaxon:9606
UniProtKB:P02452	COL1A1 Hsap	biolink:Gene	NCBITaxon:9606
MGI:MGI:1917633	Cox10 Mmus	biolink:Gene	NCBITaxon:10090
MGI:MGI:1920112	Cox15 Mmus	biolink:Gene	NCBITaxon:10090
MGI:MGI:95513	Fech Mmus	biolink:Gene	NCBITaxon:10090
obo:go/extensions/reacto.owl#REACTO_R-HSA-2685681	K63polyUb-TRAF6	biolink:Gene	NCBITaxon:9606
obo:go/extensions/reacto.owl#REACTO_R-HSA-5607687	SCF-beta-TRCP	biolink:Gene	NCBITaxon:9606
obo:go/extensions/reacto.owl#REACTO_R-HSA-5607649	K63polyUb-34,158-p-T178,184,187,S192-TAK1	biolink:Gene	NCBITaxon:9606
obo:go/extensions/reacto.owl#REACTO_R-HSA-8849952	OCRL	biolink:Gene	NCBITaxon:9606
obo:go/extensions/reacto.owl#REACTO_R-HSA-1806263	MTM(2)	biolink:Gene	NCBITaxon:9606
obo:go/extensions/reacto.owl#REACTO_R-HSA-1806185	PIK3C2A/3	biolink:Gene	NCBITaxon:9606
obo:go/extensions/reacto.owl#REACTO_R-HSA-1806281	INPP4A/B	biolink:Gene	NCBITaxon:9606
obo:go/extensions/reacto.owl#REACTO_R-HSA-1806280	PIP5K3	biolink:Gene	NCBITaxon:9606
obo:go/extensions/reacto.owl#REACTO_R-HSA-6809679	MTM1:MTMR12	biolink:Gene	NCBITaxon:9606
obo:go/extensions/reacto.owl#REACTO_R-HSA-1806255	FIG4	biolink:Gene	NCBITaxon:9606
obo:go/extensions/reacto.owl#REACTO_R-HSA-1604655	PIK3C2A:Ca2+/Mg2+	biolink:Gene	NCBITaxon:9606
GO:0098820	trans-synaptic protein complex	biolink:Gene	NCBITaxon:9606
UniProtKB:Q9NZC2	TREM2 Hsap	biolink:Gene	NCBITaxon:9606
UniProtKB:P43405	SYK Hsap	biolink:Gene	NCBITaxon:9606
obo:go/extensions/reacto.owl#REACTO_R-HSA-5684073	RNF4 homodimer	biolink:Gene	NCBITaxon:9606
obo:go/extensions/reacto.owl#REACTO_R-HSA-187952	CCNA:p-T160-CDK2	biolink:Gene	NCBITaxon:9606
UniProtKB:P01019	AGT Hsap	biolink:Gene	NCBITaxon:9606
UniProtKB:Q13618	CUL3 Hsap	biolink:Gene	NCBITaxon:9606
UniProtKB:Q9UH77	KLHL3 Hsap	biolink:Gene	NCBITaxon:9606
UniProtKB:Q96J92	WNK4 Hsap	biolink:Gene	NCBITaxon:9606
UniProtKB:Q08209	PPP3CA Hsap	biolink:Gene	NCBITaxon:9606
MGI:MGI:101863	Aldoc Mmus	biolink:Gene	NCBITaxon:10090
MGI:MGI:97501	Pck1 Mmus	biolink:Gene	NCBITaxon:10090
MGI:MGI:97520	Pcx Mmus	biolink:Gene	NCBITaxon:10090
MGI:MGI:97050	Mdh2 Mmus	biolink:Gene	NCBITaxon:10090
MGI:MGI:1353497	Slc25a10 Mmus	biolink:Gene	NCBITaxon:10090
MGI:MGI:1915113	Slc25a11 Mmus	biolink:Gene	NCBITaxon:10090
MGI:MGI:1316650	Slc37a4 Mmus	biolink:Gene	NCBITaxon:10090
MGI:MGI:97051	Mdh1 Mmus	biolink:Gene	NCBITaxon:10090
MGI:MGI:95607	G6pc1 Mmus	biolink:Gene	NCBITaxon:10090
MGI:MGI:1915651	G6pc3 Mmus	biolink:Gene	NCBITaxon:10090
MGI:MGI:95492	Fbp1 Mmus	biolink:Gene	NCBITaxon:10090
UniProtKB:Q9ULE0	WWC3 Hsap	biolink:Gene	NCBITaxon:9606
UniProtKB:A1Z0Q5		biolink:Gene	NCBITaxon:9606
UniProtKB:Q8IYR6	TMEFF1 Hsap	biolink:Gene	NCBITaxon:9606
obo:go/extensions/reacto.owl#REACTO_R-HSA-2002397	Procollagen C-proteinases	biolink:Gene	NCBITaxon:9606
obo:go/extensions/reacto.owl#REACTO_R-HSA-2022132	Lysyl oxidases:Cu2+	biolink:Gene	NCBITaxon:9606
MGI:MGI:97591	Pkm Mmus	biolink:Gene	NCBITaxon:10090
MGI:MGI:2177632	Cys1 Mmus	biolink:Gene	NCBITaxon:10090
MGI:MGI:97290	Ndn Mmus	biolink:Gene	NCBITaxon:10090
UniProtKB:P07645		biolink:Gene	NCBITaxon:9606
obo:go/extensions/reacto.owl#REACTO_R-HSA-2997551	GSK3B	biolink:Gene	NCBITaxon:9606
obo:go/extensions/reacto.owl#REACTO_R-HSA-205718	CSNK1G2	biolink:Gene	NCBITaxon:9606
UniProtKB:Q9H223	EHD4 Hsap	biolink:Gene	NCBITaxon:10090
UniProtKB:P33151	CDH5 Hsap	biolink:Gene	NCBITaxon:10090
UniProtKB:O60716	CTNND1 Hsap	biolink:Gene	NCBITaxon:10090
UniProtKB:Q8N3F8	MICALL1 Hsap	biolink:Gene	NCBITaxon:10090
UniProtKB:Q9UNF0	PACSIN2 Hsap	biolink:Gene	NCBITaxon:10090
UniProtKB:Q6GPH6	ITPRIPL1 Hsap	biolink:Gene	NCBITaxon:9606
UniProtKB:P07766	CD3E Hsap	biolink:Gene	NCBITaxon:9606
UniProtKB:P16333	NCK1 Hsap	biolink:Gene	NCBITaxon:9606
GO:0042101	T cell receptor complex	biolink:Gene	NCBITaxon:9606
UniProtKB:P25391	LAMA1 Hsap	biolink:Gene	NCBITaxon:9606
UniProtKB:Q14118-PRO_0000021065	Alpha-DG Hsap	biolink:Gene	NCBITaxon:9606
UniProtKB:P62993	GRB2 Hsap	biolink:Gene	NCBITaxon:9606
UniProtKB:Q07889	SOS1 Hsap	biolink:Gene	NCBITaxon:9606
UniProtKB:P63000	RAC1 Hsap	biolink:Gene	NCBITaxon:9606
UniProtKB:P12931	SRC Hsap	biolink:Gene	NCBITaxon:9606
UniProtKB:Q13424	SNTA1 Hsap	biolink:Gene	NCBITaxon:9606
UniProtKB:O95568	METTL18 Hsap	biolink:Gene	NCBITaxon:9606
UniProtKB:P39023	RPL3 Hsap	biolink:Gene	NCBITaxon:9606
MGI:MGI:109246	Htr4 Mmus	biolink:Gene	NCBITaxon:10090
MGI:MGI:1339364	Muc2 Mmus	biolink:Gene	NCBITaxon:10090
GO:0043235	receptor complex	biolink:Gene	NCBITaxon:9606
obo:go/extensions/reacto.owl#REACTO_R-HSA-2161990	CYP(5)	biolink:Gene	NCBITaxon:9606
obo:go/extensions/reacto.owl#REACTO_R-HSA-2142777	EPHX2 dimer	biolink:Gene	NCBITaxon:9606
obo:go/extensions/reacto.owl#REACTO_R-HSA-2161805	CYP(4)	biolink:Gene	NCBITaxon:9606
MGI:MGI:1333743	Mpeg1 Mmus	biolink:Gene	NCBITaxon:10090
MGI:MGI:1201689	Tapbp Mmus	biolink:Gene	NCBITaxon:10090
MGI:MGI:1330838	Lgmn Mmus	biolink:Gene	NCBITaxon:10090
obo:go/extensions/reacto.owl#REACTO_R-HSA-5668618	NOX2 complex:RAC2:GTP	biolink:Gene	NCBITaxon:9606
obo:go/extensions/reacto.owl#REACTO_R-HSA-6789113	MPO dimer	biolink:Gene	NCBITaxon:9606
obo:go/extensions/reacto.owl#REACTO_R-HSA-5693689	DUOX1,2	biolink:Gene	NCBITaxon:9606
obo:go/extensions/reacto.owl#REACTO_R-HSA-8855484	LPO:ferriheme	biolink:Gene	NCBITaxon:9606
GO:0032281	AMPA glutamate receptor complex	biolink:Gene	NCBITaxon:9606
UniProtKB:O15399	GRIN2D Hsap	biolink:Gene	NCBITaxon:9606
UniProtKB:Q05586	GRIN1 Hsap	biolink:Gene	NCBITaxon:9606
obo:go/extensions/reacto.owl#REACTO_R-HSA-909682	p-TYK2	biolink:Gene	NCBITaxon:9606
obo:go/extensions/reacto.owl#REACTO_R-HSA-909703	IFNA/B:IFNAR2:JAK1:STAT2:IFNAR1:TYK2	biolink:Gene	NCBITaxon:9606
UniProtKB:O60885	BRD4 Hsap	biolink:Gene	NCBITaxon:9606
UniProtKB:P50750	CDK9 Hsap	biolink:Gene	NCBITaxon:9606
GO:0070691	P-TEFb complex	biolink:Gene	NCBITaxon:9606
GO:0016591	RNA polymerase II, holoenzyme	biolink:Gene	NCBITaxon:9606
MGI:MGI:96567	Impdh1 Mmus	biolink:Gene	NCBITaxon:10090
MGI:MGI:2448526	Gmps Mmus	biolink:Gene	NCBITaxon:10090
MGI:MGI:1096344	Ampd3 Mmus	biolink:Gene	NCBITaxon:10090
MGI:MGI:109367	Impdh2 Mmus	biolink:Gene	NCBITaxon:10090
MGI:MGI:88061	Aprt Mmus	biolink:Gene	NCBITaxon:10090
MGI:MGI:88016	Ampd2 Mmus	biolink:Gene	NCBITaxon:10090
MGI:MGI:88015	Ampd1 Mmus	biolink:Gene	NCBITaxon:10090
MGI:MGI:99454	Irs1 Mmus	biolink:Gene	NCBITaxon:10090
MGI:MGI:96575	Insr Mmus	biolink:Gene	NCBITaxon:10090
MGI:MGI:109334	Irs2 Mmus	biolink:Gene	NCBITaxon:10090
MGI:MGI:96572	Ins1 Mmus	biolink:Gene	NCBITaxon:10090
MGI:MGI:96573	Ins2 Mmus	biolink:Gene	NCBITaxon:10090
MGI:MGI:98355	Sos2 Mmus	biolink:Gene	NCBITaxon:10090
UniProtKB:Q9H4I9	SMDT1 Hsap	biolink:Gene	NCBITaxon:9606
UniProtKB:Q9BPX6	MICU1 Hsap	biolink:Gene	NCBITaxon:9606
UniProtKB:Q8IYU8	MICU2 Hsap	biolink:Gene	NCBITaxon:9606
UniProtKB:Q8NE86	MCU Hsap	biolink:Gene	NCBITaxon:9606
UniProtKB:O43164	PJA2 Hsap	biolink:Gene	NCBITaxon:9606
UniProtKB:O75665	OFD1 Hsap	biolink:Gene	NCBITaxon:9606
UniProtKB:Q96DN5	TBC1D31 Hsap	biolink:Gene	NCBITaxon:9606
UniProtKB:O60391	GRIN3B Hsap	biolink:Gene	NCBITaxon:9606
GO:0098878	neurotransmitter receptor complex	biolink:Gene	NCBITaxon:9606
UniProtKB:O60894	RAMP1 Hsap	biolink:Gene	NCBITaxon:9606
UniProtKB:Q16602	CALCRL Hsap	biolink:Gene	NCBITaxon:9606
UniProtKB:P10092	CALCB Hsap	biolink:Gene	NCBITaxon:9606
MGI:MGI:99571	Glp1r Mmus	biolink:Gene	NCBITaxon:10090
MGI:MGI:95777	Gnas Mmus	biolink:Gene	NCBITaxon:10090
MGI:MGI:1341110	Adcy8 Mmus	biolink:Gene	NCBITaxon:10090
MGI:MGI:1917723	Rapgef4 Mmus	biolink:Gene	NCBITaxon:10090
MGI:MGI:2152972	Rims2 Mmus	biolink:Gene	NCBITaxon:10090
MGI:MGI:894315	Rap1b Mmus	biolink:Gene	NCBITaxon:10090
MGI:MGI:97852	Rap1a Mmus	biolink:Gene	NCBITaxon:10090
MGI:MGI:95674	Gcg Mmus	biolink:Gene	NCBITaxon:10090
obo:go/extensions/reacto.owl#REACTO_R-HSA-196002	NRAGE	biolink:Gene	NCBITaxon:9606
obo:go/extensions/reacto.owl#REACTO_R-HSA-194371	p-T,Y-JNK1	biolink:Gene	NCBITaxon:9606
UniProtKB:Q9NXF8	ZDHHC7 Hsap	biolink:Gene	NCBITaxon:9606
UniProtKB:Q14160	SCRIB Hsap	biolink:Gene	NCBITaxon:9606
obo:go/extensions/reacto.owl#REACTO_R-HSA-5656133	POLI	biolink:Gene	NCBITaxon:9606
obo:go/extensions/reacto.owl#REACTO_R-HSA-110279	POLZ	biolink:Gene	NCBITaxon:9606
UniProtKB:Q15884	ENTREP1 Hsap	biolink:Gene	NCBITaxon:9606
UniProtKB:Q96J02	ITCH Hsap	biolink:Gene	NCBITaxon:9606
UniProtKB:P61073	CXCR4 Hsap	biolink:Gene	NCBITaxon:9606
UniProtKB:P49902	NT5C2 Hsap	biolink:Gene	NCBITaxon:9606
UniProtKB:O95786	RIGI Hsap	biolink:Gene	NCBITaxon:9606
UniProtKB:Q8IYM9	TRIM22 Hsap	biolink:Gene	NCBITaxon:9606
obo:go/extensions/reacto.owl#REACTO_R-HSA-1031704	GILT	biolink:Gene	NCBITaxon:9606
obo:go/extensions/reacto.owl#REACTO_R-HSA-2130682	Cathepsin	biolink:Gene	NCBITaxon:9606
obo:go/extensions/reacto.owl#REACTO_R-HSA-350135	LGMN	biolink:Gene	NCBITaxon:9606
obo:go/extensions/reacto.owl#REACTO_R-HSA-2130544	Cathepsin	biolink:Gene	NCBITaxon:9606
UniProtKB:Q7Z402	TMC7 Hsap	biolink:Gene	NCBITaxon:9606
UniProtKB:Q9H5I5	PIEZO2 Hsap	biolink:Gene	NCBITaxon:9606
obo:go/extensions/reacto.owl#REACTO_R-HSA-205877	CSNK1E	biolink:Gene	NCBITaxon:9606
UniProtKB:Q9NVI7	ATAD3A Hsap	biolink:Gene	NCBITaxon:9606
UniProtKB:Q9HC29	NOD2 Hsap	biolink:Gene	NCBITaxon:9606
obo:go/extensions/reacto.owl#REACTO_R-HSA-2993791	TOPORS	biolink:Gene	NCBITaxon:9606
obo:go/extensions/reacto.owl#REACTO_R-HSA-4656922	SUMO1:C93-UBE2I	biolink:Gene	NCBITaxon:9606
UniProtKB:O00182	LGALS9 Hsap	biolink:Gene	NCBITaxon:9606
UniProtKB:P07237	P4HB Hsap	biolink:Gene	NCBITaxon:9606
obo:go/extensions/reacto.owl#REACTO_R-HSA-8986159	PITRM1	biolink:Gene	NCBITaxon:9606
obo:go/extensions/reacto.owl#REACTO_R-HSA-1252242	TIMM23 Complex	biolink:Gene	NCBITaxon:9606
obo:go/extensions/reacto.owl#REACTO_R-HSA-1252240	TOMM70:TOMM40	biolink:Gene	NCBITaxon:9606
obo:go/extensions/reacto.owl#REACTO_R-HSA-1252247	SAM complex	biolink:Gene	NCBITaxon:9606
obo:go/extensions/reacto.owl#REACTO_R-HSA-1252098	TIMM22	biolink:Gene	NCBITaxon:9606
obo:go/extensions/reacto.owl#REACTO_R-HSA-1252140	CHCHD4	biolink:Gene	NCBITaxon:9606
obo:go/extensions/reacto.owl#REACTO_R-HSA-417142	SET8	biolink:Gene	NCBITaxon:9606
obo:go/extensions/reacto.owl#REACTO_R-HSA-2245219	PHF8:Fe2+	biolink:Gene	NCBITaxon:9606
UniProtKB:Q9H0H3	KLHL25 Hsap	biolink:Gene	NCBITaxon:9606
obo:go/extensions/reacto.owl#REACTO_R-HSA-354251	LYN	biolink:Gene	NCBITaxon:9606
obo:go/extensions/reacto.owl#REACTO_R-HSA-9029095	p-Y-PLCG1,2	biolink:Gene	NCBITaxon:9606
MGI:MGI:109267	Gzmb Mmus	biolink:Gene	NCBITaxon:10090
MGI:MGI:97551	Prf1 Mmus	biolink:Gene	NCBITaxon:10090
UniProtKB:Q13651	IL10RA Hsap	biolink:Gene	NCBITaxon:9606
UniProtKB:Q08334	IL10RB Hsap	biolink:Gene	NCBITaxon:9606
UniProtKB:P22301	IL10 Hsap	biolink:Gene	NCBITaxon:9606
UniProtKB:Q9Y264-1	ANGPT4 Hsap	biolink:Gene	NCBITaxon:9606
UniProtKB:Q02763	TEK Hsap	biolink:Gene	NCBITaxon:9606
UniProtKB:Q13535	ATR Hsap	biolink:Gene	NCBITaxon:9606
UniProtKB:Q92547	TOPBP1 Hsap	biolink:Gene	NCBITaxon:9606
UniProtKB:P20963	CD247 Hsap	biolink:Gene	NCBITaxon:9606
UniProtKB:Q15116	PDCD1 Hsap	biolink:Gene	NCBITaxon:9606
UniProtKB:Q9BQ51	PDCD1LG2 Hsap	biolink:Gene	NCBITaxon:9606
UniProtKB:P06241	FYN Hsap	biolink:Gene	NCBITaxon:9606
UniProtKB:P60842	EIF4A1 Hsap	biolink:Gene	NCBITaxon:9606
UniProtKB:Q9UKT5	FBXO4 Hsap	biolink:Gene	NCBITaxon:9606
UniProtKB:P49841	GSK3B Hsap	biolink:Gene	NCBITaxon:9606
obo:go/extensions/reacto.owl#REACTO_R-HSA-947508	MOCS2	biolink:Gene	NCBITaxon:9606
obo:go/extensions/reacto.owl#REACTO_R-HSA-947576	3xGPHN:3xMg2+	biolink:Gene	NCBITaxon:9606
obo:go/extensions/reacto.owl#REACTO_R-HSA-947498	holo-MOCS1	biolink:Gene	NCBITaxon:9606
obo:go/extensions/reacto.owl#REACTO_R-HSA-947509	2xPXLP-NFS1	biolink:Gene	NCBITaxon:9606
obo:go/extensions/reacto.owl#REACTO_R-HSA-947584	MOCS3-S-S(1-):Zn2+	biolink:Gene	NCBITaxon:9606
obo:go/extensions/reacto.owl#REACTO_R-HSA-947549	PXLP-K264-MOCOS	biolink:Gene	NCBITaxon:9606
MGI:MGI:95564	Fmr1 Mmus	biolink:Gene	NCBITaxon:10090
MGI:MGI:2144013	Xpo1 Mmus	biolink:Gene	NCBITaxon:10090
MGI:MGI:2442926	Mettl14 Mmus	biolink:Gene	NCBITaxon:10090
MGI:MGI:1927165	Mettl3 Mmus	biolink:Gene	NCBITaxon:10090
obo:go/extensions/reacto.owl#REACTO_R-HSA-390765	PAK1,2,3	biolink:Gene	NCBITaxon:9606
UniProtKB:P63096	GNAI1 Hsap	biolink:Gene	NCBITaxon:9606
UniProtKB:Q8TDS7	MRGPRD Hsap	biolink:Gene	NCBITaxon:9606
UniProtKB:P35348	ADRA1A Hsap	biolink:Gene	NCBITaxon:9606
obo:go/extensions/reacto.owl#REACTO_R-HSA-67447	ERCC5	biolink:Gene	NCBITaxon:9606
obo:go/extensions/reacto.owl#REACTO_R-HSA-5651800	POLD,POLE	biolink:Gene	NCBITaxon:9606
obo:go/extensions/reacto.owl#REACTO_R-HSA-5690475	LIG1,LIG3:XRCC1	biolink:Gene	NCBITaxon:9606
UniProtKB:Q5T601	ADGRF1 Hsap	biolink:Gene	NCBITaxon:9606
UniProtKB:Q9BRZ2	TRIM56 Hsap	biolink:Gene	NCBITaxon:9606
obo:go/extensions/reacto.owl#REACTO_R-HSA-5696766	ELAC2	biolink:Gene	NCBITaxon:9606
obo:go/extensions/reacto.owl#REACTO_R-HSA-5696800	TRNT1	biolink:Gene	NCBITaxon:9606
obo:go/extensions/reacto.owl#REACTO_R-HSA-5696765	TSEN complex	biolink:Gene	NCBITaxon:9606
obo:go/extensions/reacto.owl#REACTO_R-HSA-5696778	tRNA ligase complex	biolink:Gene	NCBITaxon:9606
obo:go/extensions/reacto.owl#REACTO_R-HSA-5696795	RNase P	biolink:Gene	NCBITaxon:9606
UniProtKB:P01579	IFNG Hsap	biolink:Gene	NCBITaxon:9606
UniProtKB:P15260	IFNGR1 Hsap	biolink:Gene	NCBITaxon:9606
UniProtKB:P38484	IFNGR2 Hsap	biolink:Gene	NCBITaxon:9606
UniProtKB:P24770	OPG193 VACCW	biolink:Gene	NCBITaxon:9606
MGI:MGI:1349215	Abcd1 Mmus	biolink:Gene	NCBITaxon:10090
MGI:MGI:1330812	Acox1 Mmus	biolink:Gene	NCBITaxon:10090
MGI:MGI:1923517	Fads1 Mmus	biolink:Gene	NCBITaxon:10090
MGI:MGI:1858960	Elovl2 Mmus	biolink:Gene	NCBITaxon:10090
MGI:MGI:3605455	Acaa1b Mmus	biolink:Gene	NCBITaxon:10090
MGI:MGI:2158201	Acot8 Mmus	biolink:Gene	NCBITaxon:10090
MGI:MGI:105089	Hsd17b4 Mmus	biolink:Gene	NCBITaxon:10090
MGI:MGI:2148491	Acaa1a Mmus	biolink:Gene	NCBITaxon:10090
MGI:MGI:98254	Scp2 Mmus	biolink:Gene	NCBITaxon:10090
MGI:MGI:1277964	Ehhadh Mmus	biolink:Gene	NCBITaxon:10090
MGI:MGI:1349467	Abcd2 Mmus	biolink:Gene	NCBITaxon:10090
MGI:MGI:1930079	Fads2 Mmus	biolink:Gene	NCBITaxon:10090
MGI:MGI:1916051	Elovl5 Mmus	biolink:Gene	NCBITaxon:10090
MGI:MGI:1354713	Acsl4 Mmus	biolink:Gene	NCBITaxon:10090
MGI:MGI:1920009	Tmem135 Mmus	biolink:Gene	NCBITaxon:10090
UniProtKB:Q9BWT1	CDCA7 Hsap	biolink:Gene	NCBITaxon:9606
UniProtKB:Q9NRZ9	HELLS Hsap	biolink:Gene	NCBITaxon:9606
UniProtKB:Q9BXW6	OSBPL1A Hsap	biolink:Gene	NCBITaxon:9606
UniProtKB:P21709	EPHA1 Hsap	biolink:Gene	NCBITaxon:9606
UniProtKB:Q13418	ILK Hsap	biolink:Gene	NCBITaxon:9606
UniProtKB:P20827	EFNA1 Hsap	biolink:Gene	NCBITaxon:9606
UniProtKB:O14512	SOCS7 Hsap	biolink:Gene	NCBITaxon:9606
UniProtKB:O75553	DAB1 Hsap	biolink:Gene	NCBITaxon:9606
UniProtKB:P78509	RELN Hsap	biolink:Gene	NCBITaxon:9606
UniProtKB:Q14114-4	LRP8 Hsap	biolink:Gene	NCBITaxon:9606
MGI:MGI:107508	Ereg Mmus	biolink:Gene	NCBITaxon:10090
UniProtKB:Q14773	ICAM4 Hsap	biolink:Gene	NCBITaxon:9606
GO:0034689	integrin alphaX-beta2 complex	biolink:Gene	NCBITaxon:9606
MGI:MGI:1926080	Slc25a12 Mmus	biolink:Gene	NCBITaxon:10090
MGI:MGI:95791	Got1 Mmus	biolink:Gene	NCBITaxon:10090
MGI:MGI:95792	Got2 Mmus	biolink:Gene	NCBITaxon:10090
MGI:MGI:1354721	Slc25a13 Mmus	biolink:Gene	NCBITaxon:10090
obo:go/extensions/reacto.owl#REACTO_R-HSA-162387	p-T309,S474-AKT2:PIP3	biolink:Gene	NCBITaxon:9606
UniProtKB:Q9BVC4	MLST8 Hsap	biolink:Gene	NCBITaxon:9606
UniProtKB:Q6AWC2	WWC2 Hsap	biolink:Gene	NCBITaxon:9606
UniProtKB:Q9H8L6	MMRN2 Hsap	biolink:Gene	NCBITaxon:9606
UniProtKB:Q9NPY3	CD93 Hsap	biolink:Gene	NCBITaxon:9606
UniProtKB:P05556	ITGB1 Hsap	biolink:Gene	NCBITaxon:9606
UniProtKB:Q96B36	AKT1S1 Hsap	biolink:Gene	NCBITaxon:9606
UniProtKB:Q9BZS1	FOXP3 Hsap	biolink:Gene	NCBITaxon:9606
UniProtKB:Q92769	HDAC2 Hsap	biolink:Gene	NCBITaxon:9606
UniProtKB:P06493	CDK1 Hsap	biolink:Gene	NCBITaxon:9606
UniProtKB:Q9NY74	ETAA1 Hsap	biolink:Gene	NCBITaxon:9606
UniProtKB:Q08050	FOXM1 Hsap	biolink:Gene	NCBITaxon:9606
UniProtKB:O60895	RAMP2 Hsap	biolink:Gene	NCBITaxon:9606
UniProtKB:P01258	CALCA Hsap	biolink:Gene	NCBITaxon:9606
GO:0019815	B cell receptor complex	biolink:Gene	NCBITaxon:9606
UniProtKB:P07948	LYN Hsap	biolink:Gene	NCBITaxon:9606
UniProtKB:P21854	CD72 Hsap	biolink:Gene	NCBITaxon:9606
obo:go/extensions/reacto.owl#REACTO_R-HSA-5682402	p-AMPK heterotrimer:AMP:p-T180,S317,467,556,638,T575-ULK1:ATG13:RB1CC1:ATG101	biolink:Gene	NCBITaxon:9606
obo:go/extensions/reacto.owl#REACTO_R-HSA-188011	VPS34	biolink:Gene	NCBITaxon:9606
obo:go/extensions/reacto.owl#REACTO_R-HSA-380931	p-AMPK heterotrimer:AMP	biolink:Gene	NCBITaxon:9606
obo:go/extensions/reacto.owl#REACTO_R-HSA-5656350	RHEB	biolink:Gene	NCBITaxon:9606
obo:go/extensions/reacto.owl#REACTO_R-HSA-5671734	ATG16L1	biolink:Gene	NCBITaxon:9606
obo:go/extensions/reacto.owl#REACTO_R-HSA-5682664	ATG4	biolink:Gene	NCBITaxon:9606
UniProtKB:Q96FZ2	HMCES Hsap	biolink:Gene	NCBITaxon:9606
UniProtKB:Q9BX63	BRIP1 Hsap	biolink:Gene	NCBITaxon:9606
UniProtKB:Q9H040	SPRTN Hsap	biolink:Gene	NCBITaxon:9606
UniProtKB:P13945	ADRB3 Hsap	biolink:Gene	NCBITaxon:9606
obo:go/extensions/reacto.owl#REACTO_R-HSA-71068	PAH:Fe2+ tetramer	biolink:Gene	NCBITaxon:9606
obo:go/extensions/reacto.owl#REACTO_R-HSA-71153	TAT dimer	biolink:Gene	NCBITaxon:9606
UniProtKB:P62136	PPP1CA Hsap	biolink:Gene	NCBITaxon:9606
UniProtKB:Q9UNE7	STUB1 Hsap	biolink:Gene	NCBITaxon:9606
UniProtKB:P37231	PPARG Hsap	biolink:Gene	NCBITaxon:9606
obo:go/extensions/reacto.owl#REACTO_R-HSA-9610125	BRAF dimer complex	biolink:Gene	NCBITaxon:9606
obo:go/extensions/reacto.owl#REACTO_R-HSA-5672716	MAP2K homo/heterodimers	biolink:Gene	NCBITaxon:9606
UniProtKB:Q6UX46	ALKAL2 Hsap	biolink:Gene	NCBITaxon:9606
UniProtKB:Q9UM73	ALK Hsap	biolink:Gene	NCBITaxon:9606
UniProtKB:P29376	LTK Hsap	biolink:Gene	NCBITaxon:9606
UniProtKB:Q6UXT8	ALKAL1 Hsap	biolink:Gene	NCBITaxon:9606
UniProtKB:Q9Y618	NCOR2 Hsap	biolink:Gene	NCBITaxon:9606
obo:go/extensions/reacto.owl#REACTO_R-HSA-205123	mature NGF homodimer:p75NTR	biolink:Gene	NCBITaxon:9606
obo:go/extensions/reacto.owl#REACTO_R-HSA-194354	Active N-SMase:Mg2+	biolink:Gene	NCBITaxon:9606
UniProtKB:Q96C12	ARMC5 Hsap	biolink:Gene	NCBITaxon:9606
MGI:MGI:103202	Adsl Mmus	biolink:Gene	NCBITaxon:10090
MGI:MGI:1351352	Atic Mmus	biolink:Gene	NCBITaxon:10090
MGI:MGI:95654	Gart Mmus	biolink:Gene	NCBITaxon:10090
MGI:MGI:1914304	Paics Mmus	biolink:Gene	NCBITaxon:10090
MGI:MGI:2684864	Pfas Mmus	biolink:Gene	NCBITaxon:10090
MGI:MGI:2387203	Ppat Mmus	biolink:Gene	NCBITaxon:10090
UniProtKB:Q9UBS8	RNF14 Hsap	biolink:Gene	NCBITaxon:9606
UniProtKB:P68104	EEF1A1 Hsap	biolink:Gene	NCBITaxon:9606
UniProtKB:Q92616	GCN1 Hsap	biolink:Gene	NCBITaxon:9606
UniProtKB:Q96BH1	RNF25 Hsap	biolink:Gene	NCBITaxon:9606
UniProtKB:P01584	IL1B Hsap	biolink:Gene	NCBITaxon:9606
UniProtKB:P0C0J1	speB STRP1	biolink:Gene	NCBITaxon:9606
UniProtKB:P13501	CCL5 Hsap	biolink:Gene	NCBITaxon:9606
UniProtKB:O95800	GPR75 Hsap	biolink:Gene	NCBITaxon:9606
UniProtKB:P28482	MAPK1 Hsap	biolink:Gene	NCBITaxon:9606
obo:go/extensions/reacto.owl#REACTO_R-HSA-389905	ACOX3:FAD	biolink:Gene	NCBITaxon:9606
obo:go/extensions/reacto.owl#REACTO_R-HSA-192348	SCPx	biolink:Gene	NCBITaxon:9606
obo:go/extensions/reacto.owl#REACTO_R-HSA-390293	CRAT	biolink:Gene	NCBITaxon:9606
obo:go/extensions/reacto.owl#REACTO_R-HSA-8848531	ACOX2:FAD, ACOXL:FAD	biolink:Gene	NCBITaxon:9606
obo:go/extensions/reacto.owl#REACTO_R-HSA-389579	VLCS	biolink:Gene	NCBITaxon:9606
obo:go/extensions/reacto.owl#REACTO_R-HSA-192146	AMACR	biolink:Gene	NCBITaxon:9606
UniProtKB:P35368	ADRA1B Hsap	biolink:Gene	NCBITaxon:9606
UniProtKB:Q8NDV7	TNRC6A Hsap	biolink:Gene	NCBITaxon:9606
UniProtKB:Q9UKV8	AGO2 Hsap	biolink:Gene	NCBITaxon:9606
UniProtKB:Q2HR75	ORF57 NCBITaxon:868565	biolink:Gene	NCBITaxon:9606
MGI:MGI:2685725	Shisa6 Mmus	biolink:Gene	NCBITaxon:10090
MGI:MGI:2676869	Mir1a-1 Mmus	biolink:Gene	NCBITaxon:10090
MGI:MGI:88145	Bdnf Mmus	biolink:Gene	NCBITaxon:10090
MGI:MGI:2676840	Mir155 Mmus	biolink:Gene	NCBITaxon:10090
MGI:MGI:2676855	Mir191 Mmus	biolink:Gene	NCBITaxon:10090
MGI:MGI:2676804	Mir10b Mmus	biolink:Gene	NCBITaxon:10090
UniProtKB:P50150	GNG4 Hsap	biolink:Gene	NCBITaxon:9606
UniProtKB:O95069	KCNK2 Hsap	biolink:Gene	NCBITaxon:9606
UniProtKB:Q9Y450	HBS1L Hsap	biolink:Gene	NCBITaxon:9606
UniProtKB:Q9BRX2	PELO Hsap	biolink:Gene	NCBITaxon:9606
UniProtKB:P61221	ABCE1 Hsap	biolink:Gene	NCBITaxon:9606
GO:0055087	Ski complex	biolink:Gene	NCBITaxon:9606
obo:go/extensions/reacto.owl#REACTO_R-HSA-3632863	CTDNEP1	biolink:Gene	NCBITaxon:9606
obo:go/extensions/reacto.owl#REACTO_R-HSA-5223295	p-PKCA, p-PKCB	biolink:Gene	NCBITaxon:9606
obo:go/extensions/reacto.owl#REACTO_R-HSA-4419925	LPIN	biolink:Gene	NCBITaxon:9606
obo:go/extensions/reacto.owl#REACTO_R-HSA-2993899	VRK1/VRK2	biolink:Gene	NCBITaxon:9606
UniProtKB:Q8NFY4	SEMA6D Hsap	biolink:Gene	NCBITaxon:10090
GO:0002116	semaphorin receptor complex	biolink:Gene	NCBITaxon:10090
MGI:MGI:1338068	Pdpk1 Mmus	biolink:Gene	NCBITaxon:10090
MGI:MGI:87986	Akt1 Mmus	biolink:Gene	NCBITaxon:10090
MGI:MGI:97583	Pik3r1 Mmus	biolink:Gene	NCBITaxon:10090
MGI:MGI:1206581	Pik3ca Mmus	biolink:Gene	NCBITaxon:10090
obo:go/extensions/reacto.owl#REACTO_R-HSA-173554	C1R	biolink:Gene	NCBITaxon:9606
obo:go/extensions/reacto.owl#REACTO_R-HSA-173604	Activated C1R	biolink:Gene	NCBITaxon:9606
UniProtKB:P08588	ADRB1 Hsap	biolink:Gene	NCBITaxon:9606
UniProtKB:P43694	GATA4 Hsap	biolink:Gene	NCBITaxon:9606
UniProtKB:P29474	NOS3 Hsap	biolink:Gene	NCBITaxon:9606
UniProtKB:P01160	NPPA Hsap	biolink:Gene	NCBITaxon:9606
UniProtKB:P52952	NKX2-5 Hsap	biolink:Gene	NCBITaxon:9606
obo:go/extensions/reacto.owl#REACTO_R-HSA-9013035	RHOB GEFs	biolink:Gene	NCBITaxon:9606
obo:go/extensions/reacto.owl#REACTO_R-HSA-9013040	RHOB GAPs	biolink:Gene	NCBITaxon:9606
obo:go/extensions/reacto.owl#REACTO_R-HSA-9767994	unknown kinase	biolink:Gene	NCBITaxon:9606
obo:go/extensions/reacto.owl#REACTO_R-HSA-482610	NME1,2 hexamers	biolink:Gene	NCBITaxon:9606
obo:go/extensions/reacto.owl#REACTO_R-HSA-2509833	ITPA dimer	biolink:Gene	NCBITaxon:9606
obo:go/extensions/reacto.owl#REACTO_R-HSA-381108	S1P	biolink:Gene	NCBITaxon:9606
obo:go/extensions/reacto.owl#REACTO_R-HSA-381131	S2P	biolink:Gene	NCBITaxon:9606
UniProtKB:Q9Y397	ZDHHC9 Hsap	biolink:Gene	NCBITaxon:9606
UniProtKB:Q5W0Z9	ZDHHC20 Hsap	biolink:Gene	NCBITaxon:9606
obo:go/extensions/reacto.owl#REACTO_R-HSA-194921	Rif	biolink:Gene	NCBITaxon:9606
obo:go/extensions/reacto.owl#REACTO_R-HSA-9693284	RHOF GAPs	biolink:Gene	NCBITaxon:9606
obo:go/extensions/reacto.owl#REACTO_R-HSA-5215924	ABCD4	biolink:Gene	NCBITaxon:9606
obo:go/extensions/reacto.owl#REACTO_R-HSA-2980949	MMACHC	biolink:Gene	NCBITaxon:9606
obo:go/extensions/reacto.owl#REACTO_R-HSA-3149516	MTRR:MTR:cob(I)alamin	biolink:Gene	NCBITaxon:9606
UniProtKB:P10912	GHR Hsap	biolink:Gene	NCBITaxon:9606
UniProtKB:P51692	STAT5B Hsap	biolink:Gene	NCBITaxon:9606
UniProtKB:P01241	GH1 Hsap	biolink:Gene	NCBITaxon:9606
obo:go/extensions/reacto.owl#REACTO_R-HSA-71680	2xGSR-2:2xFAD	biolink:Gene	NCBITaxon:9606
obo:go/extensions/reacto.owl#REACTO_R-HSA-71674	GPX1 tetramer	biolink:Gene	NCBITaxon:9606
obo:go/extensions/reacto.owl#REACTO_R-HSA-111740	TTase	biolink:Gene	NCBITaxon:9606
obo:go/extensions/reacto.owl#REACTO_R-HSA-389845	HAO1 tetramer	biolink:Gene	NCBITaxon:9606
obo:go/extensions/reacto.owl#REACTO_R-HSA-76028	CAT tetramer	biolink:Gene	NCBITaxon:9606
obo:go/extensions/reacto.owl#REACTO_R-HSA-389849	DAO dimer	biolink:Gene	NCBITaxon:9606
obo:go/extensions/reacto.owl#REACTO_R-HSA-74244	XDH dimer	biolink:Gene	NCBITaxon:9606
obo:go/extensions/reacto.owl#REACTO_R-HSA-3299688	SOD3 tetramer	biolink:Gene	NCBITaxon:9606
obo:go/extensions/reacto.owl#REACTO_R-HSA-3341349	GPX3 tetramer	biolink:Gene	NCBITaxon:9606
obo:go/extensions/reacto.owl#REACTO_R-HSA-3323058	TXNRD2 dimer	biolink:Gene	NCBITaxon:9606
obo:go/extensions/reacto.owl#REACTO_R-HSA-3323011	PRDX3,5	biolink:Gene	NCBITaxon:9606
obo:go/extensions/reacto.owl#REACTO_R-HSA-3323008	PRDX5-1	biolink:Gene	NCBITaxon:9606
obo:go/extensions/reacto.owl#REACTO_R-HSA-3299714	CCS	biolink:Gene	NCBITaxon:9606
obo:go/extensions/reacto.owl#REACTO_R-HSA-3299679	2xHC-SOD1:Zn2+:Cu2+ dimer	biolink:Gene	NCBITaxon:9606
obo:go/extensions/reacto.owl#REACTO_R-HSA-3343687	PRDX6:GSTP1	biolink:Gene	NCBITaxon:9606
obo:go/extensions/reacto.owl#REACTO_R-HSA-3341359	PRDX1,2,5	biolink:Gene	NCBITaxon:9606
obo:go/extensions/reacto.owl#REACTO_R-HSA-2142735	GPX2 tetramer	biolink:Gene	NCBITaxon:9606
obo:go/extensions/reacto.owl#REACTO_R-HSA-3341350	PRDX5	biolink:Gene	NCBITaxon:9606
obo:go/extensions/reacto.owl#REACTO_R-HSA-3299689	SOD2 tetramer	biolink:Gene	NCBITaxon:9606
obo:go/extensions/reacto.owl#REACTO_R-HSA-3779353	AQP8 tetramer	biolink:Gene	NCBITaxon:9606
obo:go/extensions/reacto.owl#REACTO_R-HSA-3323016	GPX1 tetramer	biolink:Gene	NCBITaxon:9606
obo:go/extensions/reacto.owl#REACTO_R-HSA-198809	GSTO dimers	biolink:Gene	NCBITaxon:9606
obo:go/extensions/reacto.owl#REACTO_R-HSA-464971	G6PD dimer and tetramer	biolink:Gene	NCBITaxon:9606
obo:go/extensions/reacto.owl#REACTO_R-HSA-467365	PGD dimer	biolink:Gene	NCBITaxon:9606
obo:go/extensions/reacto.owl#REACTO_R-HSA-3323075	GSR dimer	biolink:Gene	NCBITaxon:9606
GO:0043509	activin A complex	biolink:Gene	NCBITaxon:9606
MGI:MGI:108173	Prkg2 Mmus	biolink:Gene	NCBITaxon:10090
MGI:MGI:1338783	Pts Mmus	biolink:Gene	NCBITaxon:10090
MGI:MGI:103078	Spr Mmus	biolink:Gene	NCBITaxon:10090
MGI:MGI:95675	Gch1 Mmus	biolink:Gene	NCBITaxon:10090
MGI:MGI:2443977	Gchfr Mmus	biolink:Gene	NCBITaxon:10090
obo:go/extensions/reacto.owl#REACTO_R-HSA-372474	SLC25A21	biolink:Gene	NCBITaxon:9606
obo:go/extensions/reacto.owl#REACTO_R-HSA-70579	PXLP-K259-GOT1 dimer	biolink:Gene	NCBITaxon:9606
obo:go/extensions/reacto.owl#REACTO_R-HSA-70594	GOT2 dimer	biolink:Gene	NCBITaxon:9606
obo:go/extensions/reacto.owl#REACTO_R-HSA-372469	SLC25A12,13	biolink:Gene	NCBITaxon:9606
UniProtKB:Q96GF1	RNF185 Hsap	biolink:Gene	NCBITaxon:9606
UniProtKB:P12955	PEPD Hsap	biolink:Gene	NCBITaxon:9606
UniProtKB:Q9Y2G2	CARD8 Hsap	biolink:Gene	NCBITaxon:9606
UniProtKB:Q9NQW7	XPNPEP1 Hsap	biolink:Gene	NCBITaxon:9606
UniProtKB:Q6V1X1	DPP8 Hsap	biolink:Gene	NCBITaxon:9606
UniProtKB:Q86TI2	DPP9 Hsap	biolink:Gene	NCBITaxon:9606
obo:go/extensions/reacto.owl#REACTO_R-HSA-73468	DPYS tetramer	biolink:Gene	NCBITaxon:9606
obo:go/extensions/reacto.owl#REACTO_R-HSA-73465	UPB1:Zn2+	biolink:Gene	NCBITaxon:9606
obo:go/extensions/reacto.owl#REACTO_R-HSA-73529	DPYD dimer	biolink:Gene	NCBITaxon:9606
obo:go/extensions/reacto.owl#REACTO_R-HSA-73462	CDA tetramer	biolink:Gene	NCBITaxon:9606
obo:go/extensions/reacto.owl#REACTO_R-HSA-977408	UPP1, UPP2	biolink:Gene	NCBITaxon:9606
UniProtKB:P28222	HTR1B Hsap	biolink:Gene	NCBITaxon:9606
UniProtKB:Q9BQB6	VKORC1 Hsap	biolink:Gene	NCBITaxon:9606
UniProtKB:Q9BRQ8	AIFM2 Hsap	biolink:Gene	NCBITaxon:9606
UniProtKB:O14757	CHEK1 Hsap	biolink:Gene	NCBITaxon:9606
UniProtKB:Q9UMR2	DDX19B Hsap	biolink:Gene	NCBITaxon:9606
UniProtKB:Q9HCU5	PREB Hsap	biolink:Gene	NCBITaxon:9606
UniProtKB:Q9NR31	SAR1A Hsap	biolink:Gene	NCBITaxon:9606
UniProtKB:P01024	C3 Hsap	biolink:Gene	NCBITaxon:9606
UniProtKB:P20023	CR2 Hsap	biolink:Gene	NCBITaxon:9606
UniProtKB:Q96RD9	FCRL5 Hsap	biolink:Gene	NCBITaxon:9606
UniProtKB:P16885	PLCG2 Hsap	biolink:Gene	NCBITaxon:9606
obo:go/extensions/reacto.owl#REACTO_R-HSA-70965	IDH3 complex	biolink:Gene	NCBITaxon:9606
obo:go/extensions/reacto.owl#REACTO_R-HSA-1237308	CA4:Zn2+	biolink:Gene	NCBITaxon:9606
obo:go/extensions/reacto.owl#REACTO_R-HSA-444408	RHAG	biolink:Gene	NCBITaxon:9606
obo:go/extensions/reacto.owl#REACTO_R-HSA-432246	AQP1 tetramer	biolink:Gene	NCBITaxon:9606
obo:go/extensions/reacto.owl#REACTO_R-HSA-1475437	CA1:Zn2+,CA2:Zn2+	biolink:Gene	NCBITaxon:9606
obo:go/extensions/reacto.owl#REACTO_R-HSA-450982	IDH2 dimer	biolink:Gene	NCBITaxon:9606
obo:go/extensions/reacto.owl#REACTO_R-HSA-1244330	SLC4A1 dimer	biolink:Gene	NCBITaxon:9606
obo:go/extensions/reacto.owl#REACTO_R-HSA-109800	GRB2-1:SOS1:p-Y-IRS1,p-Y-IRS2	biolink:Gene	NCBITaxon:9606
obo:go/extensions/reacto.owl#REACTO_R-HSA-3656389	MAPK3,(MAPK1)	biolink:Gene	NCBITaxon:9606
UniProtKB:Q96R67	OR4C12 Hsap	biolink:Gene	NCBITaxon:9606
UniProtKB:Q70CQ1	USP49 Hsap	biolink:Gene	NCBITaxon:9606
UniProtKB:Q13451	FKBP5 Hsap	biolink:Gene	NCBITaxon:9606
UniProtKB:O60346	PHLPP1 Hsap	biolink:Gene	NCBITaxon:9606
UniProtKB:Q9NRC8	SIRT7 Hsap	biolink:Gene	NCBITaxon:9606
MGI:MGI:1928394	Mtor Mmus	biolink:Gene	NCBITaxon:10090
PR:000044840	mNRG1/isoIII Mmus	biolink:Gene	NCBITaxon:10090
UniProtKB:O95398	RAPGEF3 Hsap	biolink:Gene	NCBITaxon:9606
UniProtKB:P48736	PIK3CG Hsap	biolink:Gene	NCBITaxon:9606
UniProtKB:P0DSV7	OPG002 VAR67	biolink:Gene	NCBITaxon:9606
UniProtKB:P01375	TNF Hsap	biolink:Gene	NCBITaxon:9606
UniProtKB:Q15628	TRADD Hsap	biolink:Gene	NCBITaxon:9606
UniProtKB:Q13158	FADD Hsap	biolink:Gene	NCBITaxon:9606
UniProtKB:P19438	TNFRSF1A Hsap	biolink:Gene	NCBITaxon:9606
UniProtKB:O14640	DVL1 Hsap	biolink:Gene	NCBITaxon:9606
obo:go/extensions/reacto.owl#REACTO_R-HSA-5671920	CIT	biolink:Gene	NCBITaxon:9606
obo:go/extensions/reacto.owl#REACTO_R-HSA-419080	Myosin phosphatase	biolink:Gene	NCBITaxon:9606
obo:go/extensions/reacto.owl#REACTO_R-HSA-422483	Activated ROCK:RhoA/B/C:GTP	biolink:Gene	NCBITaxon:9606
obo:go/extensions/reacto.owl#REACTO_R-HSA-377179	PDK1:PIP3	biolink:Gene	NCBITaxon:9606
obo:go/extensions/reacto.owl#REACTO_R-HSA-5623651	p-T774-PKN1	biolink:Gene	NCBITaxon:9606
obo:go/extensions/reacto.owl#REACTO_R-HSA-445764	MYLK:Ca2+:CALM1	biolink:Gene	NCBITaxon:9606
UniProtKB:Q14676	MDC1 Hsap	biolink:Gene	NCBITaxon:9606
UniProtKB:Q8IYL9	GPR65 Hsap	biolink:Gene	NCBITaxon:9606
obo:go/extensions/reacto.owl#REACTO_R-HSA-1638167	ESP1	biolink:Gene	NCBITaxon:9606
obo:go/extensions/reacto.owl#REACTO_R-HSA-2467770	ESPL1 Autocleaved	biolink:Gene	NCBITaxon:9606
obo:go/extensions/reacto.owl#REACTO_R-HSA-204219	PDP	biolink:Gene	NCBITaxon:9606
obo:go/extensions/reacto.owl#REACTO_R-HSA-203947	PDK isozyme dimers	biolink:Gene	NCBITaxon:9606
obo:go/extensions/reacto.owl#REACTO_R-HSA-549205		biolink:Gene	NCBITaxon:9606
UniProtKB:Q5T2D3	OTUD3 Hsap	biolink:Gene	NCBITaxon:9606
UniProtKB:Q03181	PPARD Hsap	biolink:Gene	NCBITaxon:9606
UniProtKB:Q96F25	ALG14 Hsap	biolink:Gene	NCBITaxon:9606
UniProtKB:Q9NP73	ALG13 Hsap	biolink:Gene	NCBITaxon:9606
MGI:MGI:87947	Adss1 Mmus	biolink:Gene	NCBITaxon:10090
MGI:MGI:87916	Ada Mmus	biolink:Gene	NCBITaxon:10090
UniProtKB:P35414	APLNR Hsap	biolink:Gene	NCBITaxon:9606
UniProtKB:P32121	ARRB2 Hsap	biolink:Gene	NCBITaxon:9606
UniProtKB:P49407	ARRB1 Hsap	biolink:Gene	NCBITaxon:9606
UniProtKB:P0DMC3	APELA Hsap	biolink:Gene	NCBITaxon:9606
obo:go/extensions/reacto.owl#REACTO_R-HSA-166763	C4 activators	biolink:Gene	NCBITaxon:9606
RNAcentral:URS000075ADFD_9606	URS000075ADFD_9606 Hsap	biolink:Gene	NCBITaxon:9606
UniProtKB:P31153	MAT2A Hsap	biolink:Gene	NCBITaxon:9606
MGI:MGI:1859214	Pmm2 Mmus	biolink:Gene	NCBITaxon:10090
MGI:MGI:2660880	Gmppb Mmus	biolink:Gene	NCBITaxon:10090
MGI:MGI:97075	Mpi Mmus	biolink:Gene	NCBITaxon:10090
UniProtKB:Q08257	CRYZ Hsap	biolink:Gene	NCBITaxon:9606
UniProtKB:Q13621	SLC12A1 Hsap	biolink:Gene	NCBITaxon:9606
MGI:MGI:88279	Cbl Mmus	biolink:Gene	NCBITaxon:10090
MGI:MGI:1889583	Sh3kbp1 Mmus	biolink:Gene	NCBITaxon:10090
MGI:MGI:1345138	Spry2 Mmus	biolink:Gene	NCBITaxon:10090
obo:go/extensions/reacto.owl#REACTO_R-HSA-210625	PTPN1	biolink:Gene	NCBITaxon:9606
obo:go/extensions/reacto.owl#REACTO_R-HSA-162563	SHP2	biolink:Gene	NCBITaxon:9606
obo:go/extensions/reacto.owl#REACTO_R-HSA-197938	SHP1	biolink:Gene	NCBITaxon:9606
UniProtKB:Q8WWH5	TRUB1 Hsap	biolink:Gene	NCBITaxon:9606
UniProtKB:Q9H9Z2	LIN28A Hsap	biolink:Gene	NCBITaxon:9606
UniProtKB:Q8WYQ5	DGCR8 Hsap	biolink:Gene	NCBITaxon:9606
obo:go/extensions/reacto.owl#REACTO_R-HSA-350083	LRP2	biolink:Gene	NCBITaxon:9606
obo:go/extensions/reacto.owl#REACTO_R-HSA-8960083	unknown protease	biolink:Gene	NCBITaxon:9606
obo:go/extensions/reacto.owl#REACTO_R-HSA-266068	MRP1	biolink:Gene	NCBITaxon:9606
obo:go/extensions/reacto.owl#REACTO_R-HSA-2980925	TCN2	biolink:Gene	NCBITaxon:9606
obo:go/extensions/reacto.owl#REACTO_R-HSA-2980909	CD320	biolink:Gene	NCBITaxon:9606
MGI:MGI:1918851	Ceacam20 Mmus	biolink:Gene	NCBITaxon:10090
MGI:MGI:99515	Syk Mmus	biolink:Gene	NCBITaxon:10090
MGI:MGI:3026877	Ptprh Mmus	biolink:Gene	NCBITaxon:10090
UniProtKB:O15123	ANGPT2 Hsap	biolink:Gene	NCBITaxon:9606
obo:go/extensions/reacto.owl#REACTO_R-HSA-191990	BACS	biolink:Gene	NCBITaxon:9606
obo:go/extensions/reacto.owl#REACTO_R-HSA-159392	BAAT	biolink:Gene	NCBITaxon:9606
obo:go/extensions/reacto.owl#REACTO_R-HSA-194172	MRP3	biolink:Gene	NCBITaxon:9606
obo:go/extensions/reacto.owl#REACTO_R-HSA-194062	OATP-A	biolink:Gene	NCBITaxon:9606
obo:go/extensions/reacto.owl#REACTO_R-HSA-194116	NTCP	biolink:Gene	NCBITaxon:9606
obo:go/extensions/reacto.owl#REACTO_R-HSA-194075	OATP-8	biolink:Gene	NCBITaxon:9606
obo:go/extensions/reacto.owl#REACTO_R-HSA-194133	OATP-C	biolink:Gene	NCBITaxon:9606
obo:go/extensions/reacto.owl#REACTO_R-HSA-193509	ABCB11	biolink:Gene	NCBITaxon:9606
MGI:MGI:97828	Pygb Mmus	biolink:Gene	NCBITaxon:10090
MGI:MGI:97565	Pgm1 Mmus	biolink:Gene	NCBITaxon:10090
MGI:MGI:1924809	Agl Mmus	biolink:Gene	NCBITaxon:10090
MGI:MGI:97564	Pgm2 Mmus	biolink:Gene	NCBITaxon:10090
MGI:MGI:97579	Phkg1 Mmus	biolink:Gene	NCBITaxon:10090
obo:go/extensions/reacto.owl#REACTO_R-HSA-69593	Ubiquitin ligase	biolink:Gene	NCBITaxon:9606
obo:go/extensions/reacto.owl#REACTO_R-HSA-5649651	PNK	biolink:Gene	NCBITaxon:9606
obo:go/extensions/reacto.owl#REACTO_R-HSA-53845	POLB	biolink:Gene	NCBITaxon:9606
obo:go/extensions/reacto.owl#REACTO_R-HSA-5649648	NEH1	biolink:Gene	NCBITaxon:9606
obo:go/extensions/reacto.owl#REACTO_R-HSA-5649697	NEIL1,NEIL2	biolink:Gene	NCBITaxon:9606
obo:go/extensions/reacto.owl#REACTO_R-HSA-53789	LIG3	biolink:Gene	NCBITaxon:9606
obo:go/extensions/reacto.owl#REACTO_R-HSA-5649650	NEH2	biolink:Gene	NCBITaxon:9606
UniProtKB:Q06609	RAD51 Hsap	biolink:Gene	NCBITaxon:9606
UniProtKB:Q92698	RAD54L Hsap	biolink:Gene	NCBITaxon:9606
UniProtKB:Q9H8M2	BRD9 Hsap	biolink:Gene	NCBITaxon:9606
UniProtKB:Q92830	KAT2A Hsap	biolink:Gene	NCBITaxon:9606
UniProtKB:Q92831	KAT2B Hsap	biolink:Gene	NCBITaxon:9606
UniProtKB:Q9NP71	MLXIPL Hsap	biolink:Gene	NCBITaxon:9606
UniProtKB:Q07869	PPARA Hsap	biolink:Gene	NCBITaxon:9606
UniProtKB:Q9H0K1	SIK2 Hsap	biolink:Gene	NCBITaxon:9606
UniProtKB:Q5T0T0	MARCHF8 Hsap	biolink:Gene	NCBITaxon:9606
UniProtKB:O00220	TNFRSF10A Hsap	biolink:Gene	NCBITaxon:9606
UniProtKB:O14763	TNFRSF10B Hsap	biolink:Gene	NCBITaxon:9606
UniProtKB:P03126	E6 HPV16	biolink:Gene	NCBITaxon:9606
UniProtKB:P50876	RNF144A Hsap	biolink:Gene	NCBITaxon:9606
MGI:MGI:99779	Chrna7 Mmus	biolink:Gene	NCBITaxon:10090
MGI:MGI:96629	Jak2 Mmus	biolink:Gene	NCBITaxon:10090
MGI:MGI:103038	Stat3 Mmus	biolink:Gene	NCBITaxon:10090
UniProtKB:Q9UJ41	RABGEF1 Hsap	biolink:Gene	NCBITaxon:9606
UniProtKB:P20339	RAB5A Hsap	biolink:Gene	NCBITaxon:9606
UniProtKB:Q96HU8	DIRAS2 Hsap	biolink:Gene	NCBITaxon:9606
UniProtKB:Q8WXH4	ASB11 Hsap	biolink:Gene	NCBITaxon:9606
obo:go/extensions/reacto.owl#REACTO_R-HSA-2993756	RANBP2	biolink:Gene	NCBITaxon:9606
MGI:MGI:96820	Lpl Mmus	biolink:Gene	NCBITaxon:10090
MGI:MGI:96765	Ldlr Mmus	biolink:Gene	NCBITaxon:10090
MGI:MGI:1891259	Lrat Mmus	biolink:Gene	NCBITaxon:10090
GO:0042627	chylomicron	biolink:Gene	NCBITaxon:10090
MGI:MGI:97876	Rbp1 Mmus	biolink:Gene	NCBITaxon:10090
MGI:MGI:87921	Adh1 Mmus	biolink:Gene	NCBITaxon:10090
MGI:MGI:1315215	Dhrs3 Mmus	biolink:Gene	NCBITaxon:10090
UniProtKB:Q86UK7	ZNF598 Hsap	biolink:Gene	NCBITaxon:9606
UniProtKB:Q9H1I8	ASCC2 Hsap	biolink:Gene	NCBITaxon:9606
UniProtKB:Q9UK80	USP21 Hsap	biolink:Gene	NCBITaxon:9606
UniProtKB:O15379	HDAC3 Hsap	biolink:Gene	NCBITaxon:9606
UniProtKB:P16220	CREB1 Hsap	biolink:Gene	NCBITaxon:9606
GO:0005952	cAMP-dependent protein kinase complex	biolink:Gene	NCBITaxon:9606
UniProtKB:Q6ZRS2	SRCAP Hsap	biolink:Gene	NCBITaxon:9606
UniProtKB:Q96LB1	MRGPRX2 Hsap	biolink:Gene	NCBITaxon:9606
UniProtKB:P06436		biolink:Gene	NCBITaxon:9606
UniProtKB:P35580	MYH10 Hsap	biolink:Gene	NCBITaxon:9606
obo:go/extensions/reacto.owl#REACTO_R-HSA-193148	CYP11A1	biolink:Gene	NCBITaxon:9606
obo:go/extensions/reacto.owl#REACTO_R-HSA-2980957	TSPO	biolink:Gene	NCBITaxon:9606
UniProtKB:P32455	GBP1 Hsap	biolink:Gene	NCBITaxon:9606
UniProtKB:O94762	RECQL5 Hsap	biolink:Gene	NCBITaxon:9606
UniProtKB:Q96NY9	MUS81 Hsap	biolink:Gene	NCBITaxon:9606
MGI:MGI:98857	Gfus Mmus	biolink:Gene	NCBITaxon:10090
GO:0090443	FAR/SIN/STRIPAK complex	biolink:Gene	NCBITaxon:9606
UniProtKB:Q14BN4	SLMAP Hsap	biolink:Gene	NCBITaxon:9606
obo:go/extensions/reacto.owl#REACTO_R-HSA-6782869	LCMT2	biolink:Gene	NCBITaxon:9606
obo:go/extensions/reacto.owl#REACTO_R-HSA-6782888	TYW3	biolink:Gene	NCBITaxon:9606
obo:go/extensions/reacto.owl#REACTO_R-HSA-6783460	TYW5:Fe2+ dimer	biolink:Gene	NCBITaxon:9606
obo:go/extensions/reacto.owl#REACTO_R-HSA-6782860	TRMT12	biolink:Gene	NCBITaxon:9606
obo:go/extensions/reacto.owl#REACTO_R-HSA-6782882	TYW1:FMN:4Fe-4S	biolink:Gene	NCBITaxon:9606
obo:go/extensions/reacto.owl#REACTO_R-HSA-9037759	CYP1A1, CYP1A2	biolink:Gene	NCBITaxon:9606
obo:go/extensions/reacto.owl#REACTO_R-HSA-6788652	ICMT:Zn2+	biolink:Gene	NCBITaxon:9606
obo:go/extensions/reacto.owl#REACTO_R-HSA-9647931	ZDHHC9	biolink:Gene	NCBITaxon:9606
obo:go/extensions/reacto.owl#REACTO_R-HSA-2530496	FNTA:FNTB	biolink:Gene	NCBITaxon:9606
obo:go/extensions/reacto.owl#REACTO_R-HSA-9647780	PolyUb-RCE1	biolink:Gene	NCBITaxon:9606
UniProtKB:P16473	TSHR Hsap	biolink:Gene	NCBITaxon:9606
UniProtKB:P20396	TRH Hsap	biolink:Gene	NCBITaxon:9606
UniProtKB:P03950	ANG Hsap	biolink:Gene	NCBITaxon:9606
UniProtKB:O15031	PLXNB2 Hsap	biolink:Gene	NCBITaxon:9606
GO:0022625	cytosolic large ribosomal subunit	biolink:Gene	NCBITaxon:9606
UniProtKB:P13489	RNH1 Hsap	biolink:Gene	NCBITaxon:9606
obo:go/extensions/reacto.owl#REACTO_R-HSA-5686084	PCNA:POLD,POLE,POLH,POLK:RPA:RFC	biolink:Gene	NCBITaxon:9606
obo:go/extensions/reacto.owl#REACTO_R-HSA-8933487	MUS81:EME1, (MUS81:EME2)	biolink:Gene	NCBITaxon:9606
MGI:MGI:1890081	Foxo3 Mmus	biolink:Gene	NCBITaxon:10090
MGI:MGI:104565	Cdkn1b Mmus	biolink:Gene	NCBITaxon:10090
MGI:MGI:87930	Adk Mmus	biolink:Gene	NCBITaxon:10090
obo:go/extensions/reacto.owl#REACTO_R-HSA-176269	ATR:ATRIP	biolink:Gene	NCBITaxon:9606
UniProtKB:P33681	CD80 Hsap	biolink:Gene	NCBITaxon:9606
UniProtKB:O75208	COQ9 Hsap	biolink:Gene	NCBITaxon:9606
UniProtKB:Q99807	COQ7 Hsap	biolink:Gene	NCBITaxon:9606
UniProtKB:Q6P4F2-2	FDX2 Hsap	biolink:Gene	NCBITaxon:9606
UniProtKB:Q9Y2Z9	COQ6 Hsap	biolink:Gene	NCBITaxon:9606
UniProtKB:P22570	FDXR Hsap	biolink:Gene	NCBITaxon:9606
UniProtKB:O94972	TRIM37 Hsap	biolink:Gene	NCBITaxon:9606
UniProtKB:P50542	PEX5 Hsap	biolink:Gene	NCBITaxon:9606
UniProtKB:P28328	PEX2 Hsap	biolink:Gene	NCBITaxon:9606
UniProtKB:O43933	PEX1 Hsap	biolink:Gene	NCBITaxon:9606
UniProtKB:Q13608	PEX6 Hsap	biolink:Gene	NCBITaxon:9606
UniProtKB:O75381	PEX14 Hsap	biolink:Gene	NCBITaxon:9606
UniProtKB:O00623	PEX12 Hsap	biolink:Gene	NCBITaxon:9606
UniProtKB:O60683	PEX10 Hsap	biolink:Gene	NCBITaxon:9606
UniProtKB:Q7Z412	PEX26 Hsap	biolink:Gene	NCBITaxon:9606
UniProtKB:Q92968	PEX13 Hsap	biolink:Gene	NCBITaxon:9606
UniProtKB:Q8TAF3	WDR48 Hsap	biolink:Gene	NCBITaxon:9606
UniProtKB:F5HGQ8	UL138 HCMVM	biolink:Gene	NCBITaxon:9606
UniProtKB:Q9UI95	MAD2L2 Hsap	biolink:Gene	NCBITaxon:9606
UniProtKB:O60673	REV3L Hsap	biolink:Gene	NCBITaxon:9606
UniProtKB:Q9UBZ9	REV1 Hsap	biolink:Gene	NCBITaxon:9606
obo:go/extensions/reacto.owl#REACTO_R-HSA-374939	Docked Noradrenalin loaded synaptic vesicle	biolink:Gene	NCBITaxon:9606
obo:go/extensions/reacto.owl#REACTO_R-HSA-2901780	SLC22A1,SLC22A2	biolink:Gene	NCBITaxon:9606
UniProtKB:Q9BV68	RNF126 Hsap	biolink:Gene	NCBITaxon:9606
obo:go/extensions/reacto.owl#REACTO_R-HSA-9023198	CPE:Zn2+	biolink:Gene	NCBITaxon:9606
obo:go/extensions/reacto.owl#REACTO_R-HSA-265156	PC2	biolink:Gene	NCBITaxon:9606
obo:go/extensions/reacto.owl#REACTO_R-HSA-378974	PC1:calcium cofactor	biolink:Gene	NCBITaxon:9606
obo:go/extensions/reacto.owl#REACTO_R-HSA-437105	ZnT5	biolink:Gene	NCBITaxon:9606
obo:go/extensions/reacto.owl#REACTO_R-HSA-3878118	KIF5B-like proteins	biolink:Gene	NCBITaxon:9606
obo:go/extensions/reacto.owl#REACTO_R-HSA-1428499	MYO5A	biolink:Gene	NCBITaxon:9606
obo:go/extensions/reacto.owl#REACTO_R-HSA-437106	ZnT8	biolink:Gene	NCBITaxon:9606
obo:go/extensions/reacto.owl#REACTO_R-HSA-3341287	PDIA1	biolink:Gene	NCBITaxon:9606
obo:go/extensions/reacto.owl#REACTO_R-HSA-4084704	ERO1B	biolink:Gene	NCBITaxon:9606
obo:go/extensions/reacto.owl#REACTO_R-HSA-264960	Signal Peptidase	biolink:Gene	NCBITaxon:9606
UniProtKB:Q96CH1	GPR146 Hsap	biolink:Gene	NCBITaxon:9606
UniProtKB:Q9BRJ6	CHLSN Hsap	biolink:Gene	NCBITaxon:9606
obo:go/extensions/reacto.owl#REACTO_R-HSA-1524151	PLA2(11)	biolink:Gene	NCBITaxon:9606
obo:go/extensions/reacto.owl#REACTO_R-HSA-1498778	LPIAT	biolink:Gene	NCBITaxon:9606
obo:go/extensions/reacto.owl#REACTO_R-HSA-1806173	SYNJs,OCRL	biolink:Gene	NCBITaxon:9606
obo:go/extensions/reacto.owl#REACTO_R-HSA-1602359	PLA2(15)	biolink:Gene	NCBITaxon:9606
obo:go/extensions/reacto.owl#REACTO_R-HSA-1524143	PLA2(13)	biolink:Gene	NCBITaxon:9606
obo:go/extensions/reacto.owl#REACTO_R-HSA-1524141	PLA2(12)	biolink:Gene	NCBITaxon:9606
obo:go/extensions/reacto.owl#REACTO_R-HSA-1500647	CDIPT:Mg2+/Mn2+	biolink:Gene	NCBITaxon:9606
obo:go/extensions/reacto.owl#REACTO_R-HSA-1604637	SACM1L	biolink:Gene	NCBITaxon:9606
MGI:MGI:1927999	Mlxipl Mmus	biolink:Gene	NCBITaxon:10090
MGI:MGI:95485	Fasn Mmus	biolink:Gene	NCBITaxon:10090
MGI:MGI:108451	Acaca Mmus	biolink:Gene	NCBITaxon:10090
MGI:MGI:108398	Mlx Mmus	biolink:Gene	NCBITaxon:10090
MGI:MGI:1339639	Ogt Mmus	biolink:Gene	NCBITaxon:10090
UniProtKB:Q16531	DDB1 Hsap	biolink:Gene	NCBITaxon:9606
UniProtKB:Q13619	CUL4A Hsap	biolink:Gene	NCBITaxon:9606
UniProtKB:Q69027	X HBVCJ	biolink:Gene	NCBITaxon:9606
UniProtKB:Q96SB8	SMC6 Hsap	biolink:Gene	NCBITaxon:9606
UniProtKB:Q8IY18	SMC5 Hsap	biolink:Gene	NCBITaxon:9606
obo:go/extensions/reacto.owl#REACTO_R-HSA-6782581	MAN1B1,EDEM2	biolink:Gene	NCBITaxon:9606
obo:go/extensions/reacto.owl#REACTO_R-HSA-548881	UGGT1,2	biolink:Gene	NCBITaxon:9606
obo:go/extensions/reacto.owl#REACTO_R-HSA-6782691	EDEM1,3	biolink:Gene	NCBITaxon:9606
obo:go/extensions/reacto.owl#REACTO_R-HSA-8866890	ERAD E3 ligases	biolink:Gene	NCBITaxon:9606
UniProtKB:P08908	HTR1A Hsap	biolink:Gene	NCBITaxon:9606
UniProtKB:Q13224	GRIN2B Hsap	biolink:Gene	NCBITaxon:9606
obo:go/extensions/reacto.owl#REACTO_R-HSA-198808	CYB5A:heme	biolink:Gene	NCBITaxon:9606
obo:go/extensions/reacto.owl#REACTO_R-HSA-198850	CYB5R3:FAD	biolink:Gene	NCBITaxon:9606
obo:go/extensions/reacto.owl#REACTO_R-HSA-198841	GLUT1,3	biolink:Gene	NCBITaxon:9606
UniProtKB:Q92673	SORL1 Hsap	biolink:Gene	NCBITaxon:9606
UniProtKB:P49768	PSEN1 Hsap	biolink:Gene	NCBITaxon:9606
UniProtKB:P05067	APP Hsap	biolink:Gene	NCBITaxon:9606
UniProtKB:P21730	C5AR1 Hsap	biolink:Gene	NCBITaxon:9606
obo:go/extensions/reacto.owl#REACTO_R-HSA-206748	BTRC:CUL1:RBX1:SKP1	biolink:Gene	NCBITaxon:9606
obo:go/extensions/reacto.owl#REACTO_R-HSA-195263	CSNK1A1	biolink:Gene	NCBITaxon:9606
obo:go/extensions/reacto.owl#REACTO_R-HSA-5610569	PKA catalytic subunit	biolink:Gene	NCBITaxon:9606
MGI:MGI:1926170	Dlst Mmus	biolink:Gene	NCBITaxon:10090
MGI:MGI:107450	Dld Mmus	biolink:Gene	NCBITaxon:10090
MGI:MGI:1099463	Idh3g Mmus	biolink:Gene	NCBITaxon:10090
MGI:MGI:1915084	Idh3a Mmus	biolink:Gene	NCBITaxon:10090
MGI:MGI:2158650	Idh3b Mmus	biolink:Gene	NCBITaxon:10090
MGI:MGI:1098267	Ogdh Mmus	biolink:Gene	NCBITaxon:10090
MGI:MGI:1927665	Sirt3 Mmus	biolink:Gene	NCBITaxon:10090
GO:0045273	respiratory chain complex II (succinate dehydrogenase)	biolink:Gene	NCBITaxon:10090
obo:go/extensions/reacto.owl#REACTO_R-HSA-1181110	ACVR1C	biolink:Gene	NCBITaxon:9606
obo:go/extensions/reacto.owl#REACTO_R-HSA-1181336	p-ACVR1B,C	biolink:Gene	NCBITaxon:9606
obo:go/extensions/reacto.owl#REACTO_R-HSA-1181136	ACVR2A,B	biolink:Gene	NCBITaxon:9606
MGI:MGI:1922106	Pip5k1bos Mmus	biolink:Gene	NCBITaxon:10090
MGI:MGI:88067	Arc Mmus	biolink:Gene	NCBITaxon:10090
RGD:1565135	Rnf216 Rnor	biolink:Gene	NCBITaxon:10090
MGI:MGI:1915229	Atad1 Mmus	biolink:Gene	NCBITaxon:10090
MGI:MGI:104785	Myo6 Mmus	biolink:Gene	NCBITaxon:10090
RGD:71048	Ap2b1 Rnor	biolink:Gene	NCBITaxon:10090
UniProtKB:P07385		biolink:Gene	NCBITaxon:9606
UniProtKB:P01588	EPO Hsap	biolink:Gene	NCBITaxon:9606
UniProtKB:P19235	EPOR Hsap	biolink:Gene	NCBITaxon:9606
UniProtKB:O14508	SOCS2 Hsap	biolink:Gene	NCBITaxon:9606
MGI:MGI:1916622	Mocs3 Mmus	biolink:Gene	NCBITaxon:10090
MGI:MGI:1336894	Mocs2 Mmus	biolink:Gene	NCBITaxon:10090
MGI:MGI:1316706	Nfs1 Mmus	biolink:Gene	NCBITaxon:10090
MGI:MGI:109602	Gphn Mmus	biolink:Gene	NCBITaxon:10090
MGI:MGI:1915841	Mocos Mmus	biolink:Gene	NCBITaxon:10090
UniProtKB:Q9NX47	MARCHF5 Hsap	biolink:Gene	NCBITaxon:9606
UniProtKB:Q01826	SATB1 Hsap	biolink:Gene	NCBITaxon:9606
obo:go/extensions/reacto.owl#REACTO_R-HSA-432231	AQP2	biolink:Gene	NCBITaxon:9606
obo:go/extensions/reacto.owl#REACTO_R-HSA-431723	AQP3	biolink:Gene	NCBITaxon:9606
obo:go/extensions/reacto.owl#REACTO_R-HSA-431733	AQP4	biolink:Gene	NCBITaxon:9606
obo:go/extensions/reacto.owl#REACTO_R-HSA-2028712	MYO5B	biolink:Gene	NCBITaxon:9606
obo:go/extensions/reacto.owl#REACTO_R-HSA-431700	AQP1	biolink:Gene	NCBITaxon:9606
MGI:MGI:1306785	Ugdh Mmus	biolink:Gene	NCBITaxon:10090
MGI:MGI:2137698	Ugt1a6a Mmus	biolink:Gene	NCBITaxon:10090
MGI:MGI:108024	Rgn Mmus	biolink:Gene	NCBITaxon:10090
MGI:MGI:1353434	Gulo Mmus	biolink:Gene	NCBITaxon:10090
MGI:MGI:2183447	Ugp2 Mmus	biolink:Gene	NCBITaxon:10090
MGI:MGI:1353494	Akr1b1 Mmus	biolink:Gene	NCBITaxon:10090
obo:go/extensions/reacto.owl#REACTO_R-HSA-507859	GLS dimers	biolink:Gene	NCBITaxon:9606
obo:go/extensions/reacto.owl#REACTO_R-HSA-210380	Glutamate loaded synaptic vesicle	biolink:Gene	NCBITaxon:9606
obo:go/extensions/reacto.owl#REACTO_R-HSA-212663	SLC38A1	biolink:Gene	NCBITaxon:9606
obo:go/extensions/reacto.owl#REACTO_R-HSA-210458	Docked Glutamate Loaded Synaptic Vesicle	biolink:Gene	NCBITaxon:9606
obo:go/extensions/reacto.owl#REACTO_R-HSA-70699	BCAT1 dimer	biolink:Gene	NCBITaxon:9606
obo:go/extensions/reacto.owl#REACTO_R-HSA-427969	EAATs	biolink:Gene	NCBITaxon:9606
UniProtKB:P35408	PTGER4 Hsap	biolink:Gene	NCBITaxon:9606
obo:go/extensions/reacto.owl#REACTO_R-HSA-9022670	5-HEDH	biolink:Gene	NCBITaxon:9606
obo:go/extensions/reacto.owl#REACTO_R-HSA-9029001	CYP	biolink:Gene	NCBITaxon:9606
UniProtKB:P32942	ICAM3 Hsap	biolink:Gene	NCBITaxon:9606
GO:0034687	integrin alphaL-beta2 complex	biolink:Gene	NCBITaxon:9606
obo:go/extensions/reacto.owl#REACTO_R-HSA-191975	AKR1D1	biolink:Gene	NCBITaxon:9606
obo:go/extensions/reacto.owl#REACTO_R-HSA-3229260	Aldo-keto reductase family	biolink:Gene	NCBITaxon:9606
obo:go/extensions/reacto.owl#REACTO_R-HSA-3229177		biolink:Gene	NCBITaxon:9606
obo:go/extensions/reacto.owl#REACTO_R-HSA-193441	HSD3B7	biolink:Gene	NCBITaxon:9606
obo:go/extensions/reacto.owl#REACTO_R-HSA-192115	CYP27A1	biolink:Gene	NCBITaxon:9606
obo:go/extensions/reacto.owl#REACTO_R-HSA-192166	CYP39A1	biolink:Gene	NCBITaxon:9606
UniProtKB:P38936	CDKN1A Hsap	biolink:Gene	NCBITaxon:9606
UniProtKB:Q9NQV7	PRDM9 Hsap	biolink:Gene	NCBITaxon:9606
UniProtKB:P42226	STAT6 Hsap	biolink:Gene	NCBITaxon:9606
UniProtKB:P05112	IL4 Hsap	biolink:Gene	NCBITaxon:9606
UniProtKB:P13598	ICAM2 Hsap	biolink:Gene	NCBITaxon:9606
GO:0030877	beta-catenin destruction complex	biolink:Gene	NCBITaxon:9606
UniProtKB:O75569	PRKRA Hsap	biolink:Gene	NCBITaxon:9606
UniProtKB:Q15485	FCN2 Hsap	biolink:Gene	NCBITaxon:9606
UniProtKB:P03971	AMH Hsap	biolink:Gene	NCBITaxon:9606
UniProtKB:Q16671	AMHR2 Hsap	biolink:Gene	NCBITaxon:9606
UniProtKB:P36894	BMPR1A Hsap	biolink:Gene	NCBITaxon:9606
UniProtKB:O75469	NR1I2 Hsap	biolink:Gene	NCBITaxon:9606
obo:go/extensions/reacto.owl#REACTO_R-HSA-3907278	STEAP3,STEAP4	biolink:Gene	NCBITaxon:9606
obo:go/extensions/reacto.owl#REACTO_R-HSA-917803	MCOLN1	biolink:Gene	NCBITaxon:9606
UniProtKB:Q92503	SEC14L1 Hsap	biolink:Gene	NCBITaxon:9606
UniProtKB:Q04726	TLE3 Hsap	biolink:Gene	NCBITaxon:9606
UniProtKB:Q9H9B1	EHMT1 Hsap	biolink:Gene	NCBITaxon:9606
UniProtKB:P37231-2	PPARG Hsap	biolink:Gene	NCBITaxon:9606
UniProtKB:Q86VK4	ZNF410 Hsap	biolink:Gene	NCBITaxon:9606
UniProtKB:Q14839	CHD4 Hsap	biolink:Gene	NCBITaxon:9606
UniProtKB:P69891	HBG1 Hsap	biolink:Gene	NCBITaxon:9606
UniProtKB:P69892	HBG2 Hsap	biolink:Gene	NCBITaxon:9606
MGI:MGI:109548	Adam10 Mmus	biolink:Gene	NCBITaxon:10090
MGI:MGI:99439	Btc Mmus	biolink:Gene	NCBITaxon:10090
UniProtKB:Q13616	CUL1 Hsap	biolink:Gene	NCBITaxon:9606
UniProtKB:P19021	PAM Hsap	biolink:Gene	NCBITaxon:9606
UniProtKB:Q8TDQ0	HAVCR2 Hsap	biolink:Gene	NCBITaxon:9606
obo:go/extensions/reacto.owl#REACTO_R-HSA-6791547	EXOSC10	biolink:Gene	NCBITaxon:9606
obo:go/extensions/reacto.owl#REACTO_R-HSA-6791524	NOB1	biolink:Gene	NCBITaxon:9606
obo:go/extensions/reacto.owl#REACTO_R-HSA-4127472	CTSS-like proteins	biolink:Gene	NCBITaxon:9606
obo:go/extensions/reacto.owl#REACTO_R-HSA-1236834	LAP	biolink:Gene	NCBITaxon:9606
MGI:MGI:1916071	Fcsk Mmus	biolink:Gene	NCBITaxon:10090
MGI:MGI:1922790	Fpgt Mmus	biolink:Gene	NCBITaxon:10090
MGI:MGI:1916314	Fuom Mmus	biolink:Gene	NCBITaxon:10090
UniProtKB:Q92993-4	KAT5 Hsap	biolink:Gene	NCBITaxon:9606
MGI:MGI:2137520	Twsg1 Mmus	biolink:Gene	NCBITaxon:10090
MGI:MGI:1920480	Bmper Mmus	biolink:Gene	NCBITaxon:10090
MGI:MGI:1313268	Chrd Mmus	biolink:Gene	NCBITaxon:10090
UniProtKB:Q9Y2E6	DTX4 Hsap	biolink:Gene	NCBITaxon:9606
UniProtKB:Q96MT8	CEP63 Hsap	biolink:Gene	NCBITaxon:9606
UniProtKB:A0A024B7W1		biolink:Gene	NCBITaxon:9606
UniProtKB:P00797-1	REN Hsap	biolink:Gene	NCBITaxon:9606
UniProtKB:P12821	ACE Hsap	biolink:Gene	NCBITaxon:9606
UniProtKB:P30556	AGTR1 Hsap	biolink:Gene	NCBITaxon:9606
UniProtKB:P01133	EGF Hsap	biolink:Gene	NCBITaxon:9606
obo:go/extensions/reacto.owl#REACTO_R-HSA-9020389	RAC3 GEFs	biolink:Gene	NCBITaxon:9606
obo:go/extensions/reacto.owl#REACTO_R-HSA-9020393	RAC3 GAPs	biolink:Gene	NCBITaxon:9606
UniProtKB:A0A0N9NCU6		biolink:Gene	NCBITaxon:9606
MGI:MGI:2155700	Nt5c1a Mmus	biolink:Gene	NCBITaxon:10090
UniProtKB:P22415	USF1 Hsap	biolink:Gene	NCBITaxon:9606
obo:go/extensions/reacto.owl#REACTO_R-HSA-912393	SPO11 Dimer	biolink:Gene	NCBITaxon:9606
obo:go/extensions/reacto.owl#REACTO_R-HSA-981776	MRN:CtIP	biolink:Gene	NCBITaxon:9606
obo:go/extensions/reacto.owl#REACTO_R-HSA-912345	PRDM9	biolink:Gene	NCBITaxon:9606
obo:go/extensions/reacto.owl#REACTO_R-HSA-59544	MRE11A	biolink:Gene	NCBITaxon:9606
obo:go/extensions/reacto.owl#REACTO_R-HSA-1234142	ZYP	biolink:Gene	NCBITaxon:9606
obo:go/extensions/reacto.owl#REACTO_R-HSA-159157	UGT1A4	biolink:Gene	NCBITaxon:9606
obo:go/extensions/reacto.owl#REACTO_R-HSA-159191	UGT1A1 tetramer	biolink:Gene	NCBITaxon:9606
obo:go/extensions/reacto.owl#REACTO_R-HSA-5693688	CES1 trimer, CES2	biolink:Gene	NCBITaxon:9606
obo:go/extensions/reacto.owl#REACTO_R-HSA-174920	UGTs (O-GlcA forming)	biolink:Gene	NCBITaxon:9606
obo:go/extensions/reacto.owl#REACTO_R-HSA-174388	SLC35D1 hexamer	biolink:Gene	NCBITaxon:9606
obo:go/extensions/reacto.owl#REACTO_R-HSA-159156	UGT1A1	biolink:Gene	NCBITaxon:9606
obo:go/extensions/reacto.owl#REACTO_R-HSA-174917	UGT1A3,A4,A9	biolink:Gene	NCBITaxon:9606
obo:go/extensions/reacto.owl#REACTO_R-HSA-187967	p-T160-CDK2	biolink:Gene	NCBITaxon:9606
obo:go/extensions/reacto.owl#REACTO_R-HSA-1362456	PP2A	biolink:Gene	NCBITaxon:9606
obo:go/extensions/reacto.owl#REACTO_R-HSA-8949896	p-T172-CDK4,p-T177-CDK6:CCND:CDKN1A,CDKN1B,(CDKN1C); p-T172-CDK4,p-T177-CDK6:CCND; (p-T172-CDK4,p-T177-CDK6:CCND:p-Y88-CDKN1B)	biolink:Gene	NCBITaxon:9606
obo:go/extensions/reacto.owl#REACTO_R-HSA-2142762	LTC4S trimer	biolink:Gene	NCBITaxon:9606
obo:go/extensions/reacto.owl#REACTO_R-HSA-2161915	GGT	biolink:Gene	NCBITaxon:9606
obo:go/extensions/reacto.owl#REACTO_R-HSA-9026899	Lipoxygenase	biolink:Gene	NCBITaxon:9606
MGI:MGI:87934	Adra2a Mmus	biolink:Gene	NCBITaxon:10090
MGI:MGI:95775	Gnao1 Mmus	biolink:Gene	NCBITaxon:10090
GO:0031680	G-protein beta/gamma-subunit complex	biolink:Gene	NCBITaxon:10090
MGI:MGI:95780	Gnaz Mmus	biolink:Gene	NCBITaxon:10090
PR:P18872-2	mGNAO1/isoAlpha-2 Mmus	biolink:Gene	NCBITaxon:10090
MGI:MGI:98331	Snap25 Mmus	biolink:Gene	NCBITaxon:10090
MGI:MGI:104781	Kcnj6 Mmus	biolink:Gene	NCBITaxon:10090
UniProtKB:Q06141	REG3A Hsap	biolink:Gene	NCBITaxon:10090
UniProtKB:O43909	EXTL3 Hsap	biolink:Gene	NCBITaxon:10090
UniProtKB:Q8N6P7	IL22RA1 Hsap	biolink:Gene	NCBITaxon:10090
UniProtKB:Q9GZX6	IL22 Hsap	biolink:Gene	NCBITaxon:10090
UniProtKB:O95760	IL33 Hsap	biolink:Gene	NCBITaxon:10090
UniProtKB:Q969D9	TSLP Hsap	biolink:Gene	NCBITaxon:10090
obo:go/extensions/reacto.owl#REACTO_R-HSA-1524128	PLA2(3)	biolink:Gene	NCBITaxon:9606
obo:go/extensions/reacto.owl#REACTO_R-HSA-1524135	PLA2(4)	biolink:Gene	NCBITaxon:9606
obo:go/extensions/reacto.owl#REACTO_R-HSA-1524137	PLA2(2)	biolink:Gene	NCBITaxon:9606
obo:go/extensions/reacto.owl#REACTO_R-HSA-162724	PIGN	biolink:Gene	NCBITaxon:9606
obo:go/extensions/reacto.owl#REACTO_R-HSA-162739	PIGV	biolink:Gene	NCBITaxon:9606
obo:go/extensions/reacto.owl#REACTO_R-HSA-162720	PIGB	biolink:Gene	NCBITaxon:9606
obo:go/extensions/reacto.owl#REACTO_R-HSA-9012886	PIGZ	biolink:Gene	NCBITaxon:9606
obo:go/extensions/reacto.owl#REACTO_R-HSA-162886	PIGO	biolink:Gene	NCBITaxon:9606
obo:go/extensions/reacto.owl#REACTO_R-HSA-162775	PIGL	biolink:Gene	NCBITaxon:9606
obo:go/extensions/reacto.owl#REACTO_R-HSA-162693	PIGW	biolink:Gene	NCBITaxon:9606
obo:go/extensions/reacto.owl#REACTO_R-HSA-162716	PIGG	biolink:Gene	NCBITaxon:9606
obo:go/extensions/reacto.owl#REACTO_R-HSA-162829	GPI mannosyltransferase I	biolink:Gene	NCBITaxon:9606
obo:go/extensions/reacto.owl#REACTO_R-HSA-162712	PIGA	biolink:Gene	NCBITaxon:9606
obo:go/extensions/reacto.owl#REACTO_R-HSA-202056	PKB beta	biolink:Gene	NCBITaxon:9606
obo:go/extensions/reacto.owl#REACTO_R-HSA-9023954	p-AKT1,p-AKT2	biolink:Gene	NCBITaxon:9606
UniProtKB:P14334	US6 HCMVA	biolink:Gene	NCBITaxon:9606
UniProtKB:Q03518	TAP1 Hsap	biolink:Gene	NCBITaxon:9606
UniProtKB:Q03519	TAP2 Hsap	biolink:Gene	NCBITaxon:9606
UniProtKB:O15533	TAPBP Hsap	biolink:Gene	NCBITaxon:9606
obo:go/extensions/reacto.owl#REACTO_R-HSA-2002418	Procollagen N-proteinases	biolink:Gene	NCBITaxon:9606
obo:go/extensions/reacto.owl#REACTO_R-HSA-1981135	PLOD3	biolink:Gene	NCBITaxon:9606
obo:go/extensions/reacto.owl#REACTO_R-HSA-1981148	PLOD3:Fe2+ dimer	biolink:Gene	NCBITaxon:9606
GO:0005606	laminin-1 complex	biolink:Gene	NCBITaxon:9606
MGI:MGI:1919103	Pdia6 Mmus	biolink:Gene	NCBITaxon:10090
MGI:MGI:1930134	Ern1 Mmus	biolink:Gene	NCBITaxon:10090
UniProtKB:Q92738	USP6NL Hsap	biolink:Gene	NCBITaxon:9606
UniProtKB:Q86YS6	RAB43 Hsap	biolink:Gene	NCBITaxon:9606
UniProtKB:P35225	IL13 Hsap	biolink:Gene	NCBITaxon:9606
UniProtKB:P78552	IL13RA1 Hsap	biolink:Gene	NCBITaxon:9606
obo:go/extensions/reacto.owl#REACTO_R-HSA-70925	AASS tetramer	biolink:Gene	NCBITaxon:9606
obo:go/extensions/reacto.owl#REACTO_R-HSA-508564	ALDH7A1 tetramer	biolink:Gene	NCBITaxon:9606
obo:go/extensions/reacto.owl#REACTO_R-HSA-508545	AADAT dimer	biolink:Gene	NCBITaxon:9606
obo:go/extensions/reacto.owl#REACTO_R-HSA-5693333	CRYM	biolink:Gene	NCBITaxon:9606
obo:go/extensions/reacto.owl#REACTO_R-HSA-452911	PIPOX	biolink:Gene	NCBITaxon:9606
obo:go/extensions/reacto.owl#REACTO_R-HSA-5696429	PHYKPL tetramer	biolink:Gene	NCBITaxon:9606
UniProtKB:Q9Y2K6	USP20 Hsap	biolink:Gene	NCBITaxon:9606
UniProtKB:Q9UMW8	USP18 Hsap	biolink:Gene	NCBITaxon:9606
UniProtKB:P06401	PGR Hsap	biolink:Gene	NCBITaxon:9606
UniProtKB:Q15788	NCOA1 Hsap	biolink:Gene	NCBITaxon:9606
UniProtKB:P37023	ACVRL1 Hsap	biolink:Gene	NCBITaxon:9606
UniProtKB:Q9UK05	GDF2 Hsap	biolink:Gene	NCBITaxon:9606
UniProtKB:Q13873	BMPR2 Hsap	biolink:Gene	NCBITaxon:9606
UniProtKB:Q9H3M7	TXNIP Hsap	biolink:Gene	NCBITaxon:9606
UniProtKB:P14618-1	PKM Hsap	biolink:Gene	NCBITaxon:9606
UniProtKB:Q9C0E2	XPO4 Hsap	biolink:Gene	NCBITaxon:9606
UniProtKB:P62826	RAN Hsap	biolink:Gene	NCBITaxon:9606
PR:P53657-2	mPKLR/isoL-type Mmus	biolink:Gene	NCBITaxon:10090
PR:P52480-1	mPKM/isoM2 Mmus	biolink:Gene	NCBITaxon:10090
obo:go/extensions/reacto.owl#REACTO_R-HSA-201656	ACVR2B	biolink:Gene	NCBITaxon:9606
obo:go/extensions/reacto.owl#REACTO_R-HSA-9017486	RHOJ GEFs	biolink:Gene	NCBITaxon:9606
obo:go/extensions/reacto.owl#REACTO_R-HSA-9017487	RHOJ GAPs	biolink:Gene	NCBITaxon:9606
MGI:MGI:95808	Gria1 Mmus	biolink:Gene	NCBITaxon:10090
obo:go/extensions/reacto.owl#REACTO_R-HSA-2564805	NDOR1:CIAPIN1 reduced	biolink:Gene	NCBITaxon:9606
obo:go/extensions/reacto.owl#REACTO_R-HSA-2564814	CIA Targeting Complex	biolink:Gene	NCBITaxon:9606
obo:go/extensions/reacto.owl#REACTO_R-HSA-2024044	INPP5(4)	biolink:Gene	NCBITaxon:9606
obo:go/extensions/reacto.owl#REACTO_R-HSA-1604578	INPP1:Mg2+	biolink:Gene	NCBITaxon:9606
obo:go/extensions/reacto.owl#REACTO_R-HSA-2024024	IMPA1/2	biolink:Gene	NCBITaxon:9606
obo:go/extensions/reacto.owl#REACTO_R-HSA-5678326	MIOX:2xFe2+	biolink:Gene	NCBITaxon:9606
obo:go/extensions/reacto.owl#REACTO_R-HSA-2023861	PLCdegh	biolink:Gene	NCBITaxon:9606
obo:go/extensions/reacto.owl#REACTO_R-HSA-2024026	INPP5A/B	biolink:Gene	NCBITaxon:9606
obo:go/extensions/reacto.owl#REACTO_R-HSA-8870313	PL(C)D4:3xCa2+	biolink:Gene	NCBITaxon:9606
obo:go/extensions/reacto.owl#REACTO_R-HSA-2023888	INPP5(3)/ITPK1	biolink:Gene	NCBITaxon:9606
obo:go/extensions/reacto.owl#REACTO_R-HSA-199426	PTEN:Mg2+	biolink:Gene	NCBITaxon:9606
obo:go/extensions/reacto.owl#REACTO_R-HSA-167679	p-PLCG1	biolink:Gene	NCBITaxon:9606
obo:go/extensions/reacto.owl#REACTO_R-HSA-1604601	ITPK1:Mg2+	biolink:Gene	NCBITaxon:9606
obo:go/extensions/reacto.owl#REACTO_R-HSA-2023864	PLCbz	biolink:Gene	NCBITaxon:9606
obo:go/extensions/reacto.owl#REACTO_R-HSA-2024052	ISYNA1:NAD+	biolink:Gene	NCBITaxon:9606
obo:go/extensions/reacto.owl#REACTO_R-HSA-3769048	Inositol polyphosphate 5-phosphatase	biolink:Gene	NCBITaxon:9606
obo:go/extensions/reacto.owl#REACTO_R-HSA-5694523	COPII cargo receptors:SAR1B:GTP:SEC23:SEC24	biolink:Gene	NCBITaxon:9606
obo:go/extensions/reacto.owl#REACTO_R-HSA-203984	PREB	biolink:Gene	NCBITaxon:9606
obo:go/extensions/reacto.owl#REACTO_R-HSA-5685717	CSNK1D	biolink:Gene	NCBITaxon:9606
obo:go/extensions/reacto.owl#REACTO_R-HSA-5685719	PPP6C	biolink:Gene	NCBITaxon:9606
UniProtKB:P51532	SMARCA4 Hsap	biolink:Gene	NCBITaxon:9606
UniProtKB:P15976	GATA1 Hsap	biolink:Gene	NCBITaxon:9606
UniProtKB:P16671	CD36 Hsap	biolink:Gene	NCBITaxon:9606
GO:0033176	proton-transporting V-type ATPase complex	biolink:Gene	NCBITaxon:9606
UniProtKB:P14679	TYR Hsap	biolink:Gene	NCBITaxon:9606
UniProtKB:Q8NHX9	TPCN2 Hsap	biolink:Gene	NCBITaxon:9606
UniProtKB:Q9UMX9	SLC45A2 Hsap	biolink:Gene	NCBITaxon:9606
UniProtKB:Q04656	ATP7A Hsap	biolink:Gene	NCBITaxon:9606
UniProtKB:Q04671	OCA2 Hsap	biolink:Gene	NCBITaxon:9606
UniProtKB:Q13191	CBLB Hsap	biolink:Gene	NCBITaxon:9606
UniProtKB:P18627	LAG3 Hsap	biolink:Gene	NCBITaxon:9606
UniProtKB:Q16633	POU2AF1 Hsap	biolink:Gene	NCBITaxon:9606
UniProtKB:P14859	POU2F1 Hsap	biolink:Gene	NCBITaxon:9606
UniProtKB:Q8IX07	ZFPM1 Hsap	biolink:Gene	NCBITaxon:9606
UniProtKB:P08637	FCGR3A Hsap	biolink:Gene	NCBITaxon:9606
obo:go/extensions/reacto.owl#REACTO_R-HSA-9619230	CaMKK:CALM1:4xCa2+	biolink:Gene	NCBITaxon:9606
obo:go/extensions/reacto.owl#REACTO_R-HSA-9619373	p-T177-CAMK1:CALM1:4xCa2+	biolink:Gene	NCBITaxon:9606
obo:go/extensions/reacto.owl#REACTO_R-HSA-3321979	KAT5	biolink:Gene	NCBITaxon:9606
UniProtKB:Q5QGZ9	CLEC12A Hsap	biolink:Gene	NCBITaxon:9606
obo:go/extensions/reacto.owl#REACTO_R-HSA-203817	DGCR8:Drosha	biolink:Gene	NCBITaxon:9606
obo:go/extensions/reacto.owl#REACTO_R-HSA-847721	XPO5	biolink:Gene	NCBITaxon:9606
obo:go/extensions/reacto.owl#REACTO_R-HSA-209660	pre-miRNA:RAN:GTP:Exportin-5	biolink:Gene	NCBITaxon:9606
obo:go/extensions/reacto.owl#REACTO_R-HSA-5578737	BCDIN3D	biolink:Gene	NCBITaxon:9606
obo:go/extensions/reacto.owl#REACTO_R-HSA-203820	DICER1	biolink:Gene	NCBITaxon:9606
obo:go/extensions/reacto.owl#REACTO_R-HSA-209680	RNA Polymerase II holoenzyme complex (generic)	biolink:Gene	NCBITaxon:9606
UniProtKB:Q06187-2	BTK Hsap	biolink:Gene	NCBITaxon:9606
obo:go/extensions/reacto.owl#REACTO_R-HSA-3601581	CTNNB1:destruction complex	biolink:Gene	NCBITaxon:9606
MGI:MGI:2156367	Tlr3 Mmus	biolink:Gene	NCBITaxon:10090
MGI:MGI:1346862	Mapk9 Mmus	biolink:Gene	NCBITaxon:10090
MGI:MGI:96055	Ptpn6 Mmus	biolink:Gene	NCBITaxon:10090
MGI:MGI:96559	Il6 Mmus	biolink:Gene	NCBITaxon:10090
MGI:MGI:1924375	Il33 Mmus	biolink:Gene	NCBITaxon:10090
UniProtKB:Q6ZTW0	TPGS1 Hsap	biolink:Gene	NCBITaxon:9606
UniProtKB:O95922	TTLL1 Hsap	biolink:Gene	NCBITaxon:9606
UniProtKB:Q96L34	MARK4 Hsap	biolink:Gene	NCBITaxon:9606
UniProtKB:P27816	MAP4 Hsap	biolink:Gene	NCBITaxon:9606
UniProtKB:Q15154	PCM1 Hsap	biolink:Gene	NCBITaxon:9606
UniProtKB:Q9H6J7	CSTPP1 Hsap	biolink:Gene	NCBITaxon:9606
UniProtKB:Q8IUZ0-4	LRRC49 Hsap	biolink:Gene	NCBITaxon:9606
UniProtKB:Q68CL5	TPGS2 Hsap	biolink:Gene	NCBITaxon:9606
MGI:MGI:104908	Ptk2b Mmus	biolink:Gene	NCBITaxon:10090
PR:000049741	mASAP1/isom1/UnPhos1 Mmus	biolink:Gene	NCBITaxon:10090
MGI:MGI:99572	Gcgr Mmus	biolink:Gene	NCBITaxon:10090
MGI:MGI:104878	Prkar1a Mmus	biolink:Gene	NCBITaxon:10090
obo:go/extensions/reacto.owl#REACTO_R-HSA-2161766	GPX1/2/4	biolink:Gene	NCBITaxon:9606
obo:go/extensions/reacto.owl#REACTO_R-HSA-2161674	15-HEDH	biolink:Gene	NCBITaxon:9606
obo:go/extensions/reacto.owl#REACTO_R-HSA-2161783	ALOX15/15B	biolink:Gene	NCBITaxon:9606
obo:go/extensions/reacto.owl#REACTO_R-HSA-5696652	Ub:XPC:RAD23:CETN2:Distorted dsDNA:PAR-UV-DDB:TFIIH Core:XPA:PAR-PARP1,PAR-PARP2:CHD1L	biolink:Gene	NCBITaxon:9606
obo:go/extensions/reacto.owl#REACTO_R-HSA-6790455	PIAS1,3	biolink:Gene	NCBITaxon:9606
obo:go/extensions/reacto.owl#REACTO_R-HSA-2186765	RNF111	biolink:Gene	NCBITaxon:9606
UniProtKB:P49588	AARS1 Hsap	biolink:Gene	NCBITaxon:9606
UniProtKB:O75676	RPS6KA4 Hsap	biolink:Gene	NCBITaxon:9606
UniProtKB:Q15545	TAF7 Hsap	biolink:Gene	NCBITaxon:9606
UniProtKB:Q15910	EZH2 Hsap	biolink:Gene	NCBITaxon:9606
UniProtKB:Q99873	PRMT1 Hsap	biolink:Gene	NCBITaxon:9606
UniProtKB:O43541	SMAD6 Hsap	biolink:Gene	NCBITaxon:9606
UniProtKB:Q13485	SMAD4 Hsap	biolink:Gene	NCBITaxon:9606
UniProtKB:P12644	BMP4 Hsap	biolink:Gene	NCBITaxon:9606
UniProtKB:Q96P68	OXGR1 Hsap	biolink:Gene	NCBITaxon:9606
UniProtKB:P29992	GNA11 Hsap	biolink:Gene	NCBITaxon:9606
UniProtKB:P32927	CSF2RB Hsap	biolink:Gene	NCBITaxon:9606
obo:go/extensions/reacto.owl#REACTO_R-HSA-141050	Activated protein C	biolink:Gene	NCBITaxon:9606
obo:go/extensions/reacto.owl#REACTO_R-HSA-140649	FXa	biolink:Gene	NCBITaxon:9606
obo:go/extensions/reacto.owl#REACTO_R-HSA-156786	FIIa	biolink:Gene	NCBITaxon:9606
obo:go/extensions/reacto.owl#REACTO_R-HSA-140662	Va:Xa	biolink:Gene	NCBITaxon:9606
obo:go/extensions/reacto.owl#REACTO_R-HSA-140734	TF:F7a	biolink:Gene	NCBITaxon:9606
UniProtKB:Q96Q45	TMEM237 Hsap	biolink:Gene	NCBITaxon:9606
UniProtKB:Q9NQ40	SLC52A3 Hsap	biolink:Gene	NCBITaxon:9606
UniProtKB:Q9BQT9-3	CLSTN3 Hsap	biolink:Gene	NCBITaxon:9606
UniProtKB:Q96AQ7	CIDEC Hsap	biolink:Gene	NCBITaxon:9606
MGI:MGI:2140279	Tdrd7 Mmus	biolink:Gene	NCBITaxon:10090
MGI:MGI:102717	Crybb3 Mmus	biolink:Gene	NCBITaxon:10090
MGI:MGI:96240	Hspb1 Mmus	biolink:Gene	NCBITaxon:10090
obo:go/extensions/reacto.owl#REACTO_R-HSA-3301926	GSTM4 dimer	biolink:Gene	NCBITaxon:9606
obo:go/extensions/reacto.owl#REACTO_R-HSA-2161751	DPEP	biolink:Gene	NCBITaxon:9606
MGI:MGI:95290	Egf Mmus	biolink:Gene	NCBITaxon:10090
PR:P98083-2	mSHC1/isop52Shc Mmus	biolink:Gene	NCBITaxon:10090
obo:go/extensions/reacto.owl#REACTO_R-HSA-182558	p21,p27	biolink:Gene	NCBITaxon:9606
obo:go/extensions/reacto.owl#REACTO_R-HSA-187547	CUL1:SKP1:SKP2:CKS1B	biolink:Gene	NCBITaxon:9606
UniProtKB:Q06787	FMR1 Hsap	biolink:Gene	NCBITaxon:9606
UniProtKB:Q13542	EIF4EBP2 Hsap	biolink:Gene	NCBITaxon:9606
UniProtKB:Q9UIV1	CNOT7 Hsap	biolink:Gene	NCBITaxon:9606
UniProtKB:P54764	EPHA4 Hsap	biolink:Gene	NCBITaxon:9606
MGI:MGI:103254	Rpia Mmus	biolink:Gene	NCBITaxon:10090
MGI:MGI:97775	Prps1 Mmus	biolink:Gene	NCBITaxon:10090
MGI:MGI:3779453	Prps1l3 Mmus	biolink:Gene	NCBITaxon:10090
MGI:MGI:1922706	Prps1l1 Mmus	biolink:Gene	NCBITaxon:10090
MGI:MGI:97776	Prps2 Mmus	biolink:Gene	NCBITaxon:10090
UniProtKB:Q8IU68	TMC8 Hsap	biolink:Gene	NCBITaxon:9606
MGI:MGI:97597	Prkcg Mmus	biolink:Gene	NCBITaxon:10090
MGI:MGI:95812	Grid1 Mmus	biolink:Gene	NCBITaxon:10090
MGI:MGI:1351338	Grm1 Mmus	biolink:Gene	NCBITaxon:10090
MGI:MGI:104778	Plcb3 Mmus	biolink:Gene	NCBITaxon:10090
UniProtKB:Q86VZ5	SGMS1 Hsap	biolink:Gene	NCBITaxon:9606
UniProtKB:P78368	CSNK1G2 Hsap	biolink:Gene	NCBITaxon:9606
UniProtKB:Q9P0L0	VAPA Hsap	biolink:Gene	NCBITaxon:9606
UniProtKB:Q5SGD2	PPM1L Hsap	biolink:Gene	NCBITaxon:9606
UniProtKB:Q9Y5P4	CERT1 Hsap	biolink:Gene	NCBITaxon:9606
UniProtKB:Q9BZL6	PRKD2 Hsap	biolink:Gene	NCBITaxon:9606
ComplexPortal:CPX-489	vapa-osbp_human Hsap	biolink:Gene	NCBITaxon:9606
UniProtKB:Q9UKL6	PCTP Hsap	biolink:Gene	NCBITaxon:9606
GO:0005892	acetylcholine-gated channel complex	biolink:Gene	NCBITaxon:9606
MGI:MGI:2685104	Akap5 Mmus	biolink:Gene	NCBITaxon:10090
MGI:MGI:1923452	Zdhhc2 Mmus	biolink:Gene	NCBITaxon:10090
UniProtKB:Q6PJ69	TRIM65 Hsap	biolink:Gene	NCBITaxon:9606
UniProtKB:Q8NCT1	ARRDC4 Hsap	biolink:Gene	NCBITaxon:9606
GO:0035355	Toll-like receptor 2-Toll-like receptor 6 protein complex	biolink:Gene	NCBITaxon:9606
obo:go/extensions/reacto.owl#REACTO_R-HSA-5687355	POLL,POLM	biolink:Gene	NCBITaxon:9606
obo:go/extensions/reacto.owl#REACTO_R-HSA-53791	LIG4	biolink:Gene	NCBITaxon:9606
obo:go/extensions/reacto.owl#REACTO_R-HSA-5687176	p-S516,S645-DCLRE1C	biolink:Gene	NCBITaxon:9606
obo:go/extensions/reacto.owl#REACTO_R-HSA-175597	(TDP1,TDP2)	biolink:Gene	NCBITaxon:9606
obo:go/extensions/reacto.owl#REACTO_R-HSA-76302	p-DNA-PKcs	biolink:Gene	NCBITaxon:9606
UniProtKB:Q9Y5N1	HRH3 Hsap	biolink:Gene	NCBITaxon:9606
UniProtKB:P27694	RPA1 Hsap	biolink:Gene	NCBITaxon:9606
MGI:MGI:1919026	Tha1 Mmus	biolink:Gene	NCBITaxon:10090
MGI:MGI:1861622	Aldh9a1 Mmus	biolink:Gene	NCBITaxon:10090
MGI:MGI:1891372	Bbox1 Mmus	biolink:Gene	NCBITaxon:10090
UniProtKB:P15498	VAV1 Hsap	biolink:Gene	NCBITaxon:9606
UniProtKB:Q15762	CD226 Hsap	biolink:Gene	NCBITaxon:9606
UniProtKB:P15151	PVR Hsap	biolink:Gene	NCBITaxon:9606
UniProtKB:P02647	APOA1 Hsap	biolink:Gene	NCBITaxon:9606
UniProtKB:Q96LA9	MRGPRX4 Hsap	biolink:Gene	NCBITaxon:9606
UniProtKB:A0A087WWA7		biolink:Gene	NCBITaxon:9606
obo:go/extensions/reacto.owl#REACTO_R-HSA-3928486	SRC,FYN,YES,LYN	biolink:Gene	NCBITaxon:9606
obo:go/extensions/reacto.owl#REACTO_R-HSA-3928441	NGEF	biolink:Gene	NCBITaxon:9606
UniProtKB:Q99684	GFI1 Hsap	biolink:Gene	NCBITaxon:9606
UniProtKB:O00743	PPP6C Hsap	biolink:Gene	NCBITaxon:9606
MGI:MGI:1914488	Fam220a Mmus	biolink:Gene	NCBITaxon:10090
MGI:MGI:97806	Ptpn2 Mmus	biolink:Gene	NCBITaxon:10090
UniProtKB:Q8IW19	APLF Hsap	biolink:Gene	NCBITaxon:9606
MGI:MGI:105043	Ahr Mmus	biolink:Gene	NCBITaxon:10090
MGI:MGI:1918956	Slc46a3 Mmus	biolink:Gene	NCBITaxon:10090
MGI:MGI:2145955	Prkaa1 Mmus	biolink:Gene	NCBITaxon:10090
MGI:MGI:1346861	Mapk8 Mmus	biolink:Gene	NCBITaxon:10090
MGI:MGI:1934135	Sucnr1 Mmus	biolink:Gene	NCBITaxon:10090
MGI:MGI:1096381	Bmal1 Mmus	biolink:Gene	NCBITaxon:10090
MGI:MGI:99480	Cebpa Mmus	biolink:Gene	NCBITaxon:10090
MGI:MGI:104663	Lep Mmus	biolink:Gene	NCBITaxon:10090
MGI:MGI:97999	Ros1 Mmus	biolink:Gene	NCBITaxon:10090
UniProtKB:Q9H6Y7	RNF167 Hsap	biolink:Gene	NCBITaxon:9606
UniProtKB:P58004	SESN2 Hsap	biolink:Gene	NCBITaxon:9606
UniProtKB:Q96FJ0	STAMBPL1 Hsap	biolink:Gene	NCBITaxon:9606
obo:go/extensions/reacto.owl#REACTO_R-HSA-422275	Protein Kinase C, alpha type: DAG	biolink:Gene	NCBITaxon:9606
obo:go/extensions/reacto.owl#REACTO_R-HSA-1430778	MMP3_HUMAN	biolink:Gene	NCBITaxon:9606
RNAcentral:URS00002BBD4E_9606	URS00002BBD4E_9606 Hsap	biolink:Gene	NCBITaxon:9606
UniProtKB:P01344	IGF2 Hsap	biolink:Gene	NCBITaxon:9606
obo:go/extensions/reacto.owl#REACTO_R-HSA-4332345	CAMK2:CaM	biolink:Gene	NCBITaxon:9606
obo:go/extensions/reacto.owl#REACTO_R-HSA-4332348	p-T286 CAMK2:CaM	biolink:Gene	NCBITaxon:9606
MGI:MGI:87966	Agtr2 Mmus	biolink:Gene	NCBITaxon:10090
UniProtKB:Q03431	PTH1R Hsap	biolink:Gene	NCBITaxon:9606
UniProtKB:P12272	PTHLH Hsap	biolink:Gene	NCBITaxon:9606
UniProtKB:P22694	PRKACB Hsap	biolink:Gene	NCBITaxon:9606
obo:go/extensions/reacto.owl#REACTO_R-HSA-381264	AQP7	biolink:Gene	NCBITaxon:9606
obo:go/extensions/reacto.owl#REACTO_R-HSA-431761	AQP9	biolink:Gene	NCBITaxon:9606
UniProtKB:P01562	IFNA1 Hsap	biolink:Gene	NCBITaxon:9606
UniProtKB:P03200	BLLF1 NCBITaxon:10377	biolink:Gene	NCBITaxon:9606
MGI:MGI:96070	Hbegf Mmus	biolink:Gene	NCBITaxon:10090
MGI:MGI:1914778	Nudt7 Mmus	biolink:Gene	NCBITaxon:10090
MGI:MGI:2387466	Pank4 Mmus	biolink:Gene	NCBITaxon:10090
UniProtKB:Q8TAX9-4	GSDMB Hsap	biolink:Gene	NCBITaxon:9606
UniProtKB:O14862	AIM2 Hsap	biolink:Gene	NCBITaxon:9606
UniProtKB:P12643	BMP2 Hsap	biolink:Gene	NCBITaxon:9606
UniProtKB:Q92624	APPBP2 Hsap	biolink:Gene	NCBITaxon:9606
UniProtKB:Q13617	CUL2 Hsap	biolink:Gene	NCBITaxon:9606
UniProtKB:P12755	SKI Hsap	biolink:Gene	NCBITaxon:9606
GO:0071144	heteromeric SMAD protein complex	biolink:Gene	NCBITaxon:9606
GO:0000151	ubiquitin ligase complex	biolink:Gene	NCBITaxon:9606
UniProtKB:Q7Z3T8	ZFYVE16 Hsap	biolink:Gene	NCBITaxon:9606
GO:0000152	nuclear ubiquitin ligase complex	biolink:Gene	NCBITaxon:9606
UniProtKB:P36508	ZNF76 Hsap	biolink:Gene	NCBITaxon:9606
UniProtKB:P20226	TBP Hsap	biolink:Gene	NCBITaxon:9606
UniProtKB:O60524	NEMF Hsap	biolink:Gene	NCBITaxon:9606
UniProtKB:O94822	LTN1 Hsap	biolink:Gene	NCBITaxon:9606
UniProtKB:Q8N3C0	ASCC3 Hsap	biolink:Gene	NCBITaxon:9606
MGI:MGI:1343498	Edar Mmus	biolink:Gene	NCBITaxon:10090
obo:go/extensions/reacto.owl#REACTO_R-HSA-1614636	holo-SUOX	biolink:Gene	NCBITaxon:9606
obo:go/extensions/reacto.owl#REACTO_R-HSA-372848	SLC25A10	biolink:Gene	NCBITaxon:9606
obo:go/extensions/reacto.owl#REACTO_R-HSA-209833	NIS	biolink:Gene	NCBITaxon:9606
obo:go/extensions/reacto.owl#REACTO_R-HSA-429769	AIT	biolink:Gene	NCBITaxon:9606
obo:go/extensions/reacto.owl#REACTO_R-HSA-70977	MDH2	biolink:Gene	NCBITaxon:9606
obo:go/extensions/reacto.owl#REACTO_R-HSA-1605788	NEU1	biolink:Gene	NCBITaxon:9606
obo:go/extensions/reacto.owl#REACTO_R-HSA-428624	Sialin	biolink:Gene	NCBITaxon:9606
UniProtKB:P50591	TNFSF10 Hsap	biolink:Gene	NCBITaxon:9606
obo:go/extensions/reacto.owl#REACTO_R-HSA-727812	SLC35A1	biolink:Gene	NCBITaxon:9606
obo:go/extensions/reacto.owl#REACTO_R-HSA-975904	ST6GAL1,2	biolink:Gene	NCBITaxon:9606
obo:go/extensions/reacto.owl#REACTO_R-HSA-4086290	ST3GAL1-6	biolink:Gene	NCBITaxon:9606
obo:go/extensions/reacto.owl#REACTO_R-HSA-4086295	ST8SIA1-6	biolink:Gene	NCBITaxon:9606
obo:go/extensions/reacto.owl#REACTO_R-HSA-4086259	ST6GALNAC1-6	biolink:Gene	NCBITaxon:9606
obo:go/extensions/reacto.owl#REACTO_R-HSA-4085396	NANS	biolink:Gene	NCBITaxon:9606
obo:go/extensions/reacto.owl#REACTO_R-HSA-4085395	NANP:Mg2+	biolink:Gene	NCBITaxon:9606
obo:go/extensions/reacto.owl#REACTO_R-HSA-1605644	NEU3	biolink:Gene	NCBITaxon:9606
obo:go/extensions/reacto.owl#REACTO_R-HSA-4088083	NPL tetramer	biolink:Gene	NCBITaxon:9606
obo:go/extensions/reacto.owl#REACTO_R-HSA-3781918	6xGNE	biolink:Gene	NCBITaxon:9606
obo:go/extensions/reacto.owl#REACTO_R-HSA-1605759	NEU2	biolink:Gene	NCBITaxon:9606
UniProtKB:Q8N8N0	RNF152 Hsap	biolink:Gene	NCBITaxon:9606
GO:1990130	GATOR1 complex	biolink:Gene	NCBITaxon:9606
UniProtKB:P23467	PTPRB Hsap	biolink:Gene	NCBITaxon:9606
UniProtKB:P18065	IGFBP2 Hsap	biolink:Gene	NCBITaxon:9606
UniProtKB:P48023	FASLG Hsap	biolink:Gene	NCBITaxon:9606
UniProtKB:P25445	FAS Hsap	biolink:Gene	NCBITaxon:9606
UniProtKB:Q9NQX3	GPHN Hsap	biolink:Gene	NCBITaxon:9606
UniProtKB:P14867	GABRA1 Hsap	biolink:Gene	NCBITaxon:9606
UniProtKB:P18507-1	GABRG2 Hsap	biolink:Gene	NCBITaxon:9606
UniProtKB:P28472	GABRB3 Hsap	biolink:Gene	NCBITaxon:9606
UniProtKB:P47870	GABRB2 Hsap	biolink:Gene	NCBITaxon:9606
UniProtKB:Q96GR4	ZDHHC12 Hsap	biolink:Gene	NCBITaxon:9606
UniProtKB:P19320	VCAM1 Hsap	biolink:Gene	NCBITaxon:9606
obo:go/extensions/reacto.owl#REACTO_R-HSA-168189	NIK	biolink:Gene	NCBITaxon:9606
UniProtKB:Q6UXV0	GFRAL Hsap	biolink:Gene	NCBITaxon:9606
UniProtKB:P50281	MMP14 Hsap	biolink:Gene	NCBITaxon:9606
UniProtKB:Q99988	GDF15 Hsap	biolink:Gene	NCBITaxon:9606
UniProtKB:O95977	S1PR4 Hsap	biolink:Gene	NCBITaxon:9606
UniProtKB:Q16236	NFE2L2 Hsap	biolink:Gene	NCBITaxon:9606
MGI:MGI:2429498	Gprc6a Mmus	biolink:Gene	NCBITaxon:10090
MGI:MGI:88494	Creb1 Mmus	biolink:Gene	NCBITaxon:10090
UniProtKB:Q8NHG8	ZNRF2 Hsap	biolink:Gene	NCBITaxon:9606
UniProtKB:P05023	ATP1A1 Hsap	biolink:Gene	NCBITaxon:9606
UniProtKB:P62258	YWHAE Hsap	biolink:Gene	NCBITaxon:9606
UniProtKB:P46934	NEDD4 Hsap	biolink:Gene	NCBITaxon:9606
GO:0005665	RNA polymerase II, core complex	biolink:Gene	NCBITaxon:9606
UniProtKB:P59044	NLRP6 Hsap	biolink:Gene	NCBITaxon:9606
UniProtKB:O00762	UBE2C Hsap	biolink:Gene	NCBITaxon:9606
UniProtKB:Q9H3H1-5	TRIT1 Hsap	biolink:Gene	NCBITaxon:9606
UniProtKB:Q9H825	METTL8 Hsap	biolink:Gene	NCBITaxon:9606
UniProtKB:O95427	PIGN Hsap	biolink:Gene	NCBITaxon:9606
UniProtKB:Q75T13	PGAP1 Hsap	biolink:Gene	NCBITaxon:9606
UniProtKB:Q9Y2B2	PIGL Hsap	biolink:Gene	NCBITaxon:9606
UniProtKB:Q7Z7B1	PIGW Hsap	biolink:Gene	NCBITaxon:9606
UniProtKB:Q8N2W9	PIAS4 Hsap	biolink:Gene	NCBITaxon:9606
UniProtKB:Q6P6C2	ALKBH5 Hsap	biolink:Gene	NCBITaxon:9606
UniProtKB:Q9P0U3	SENP1 Hsap	biolink:Gene	NCBITaxon:9606
UniProtKB:P45984	MAPK9 Hsap	biolink:Gene	NCBITaxon:9606
MGI:MGI:107899	Cd36 Mmus	biolink:Gene	NCBITaxon:10090
MGI:MGI:1921455	Acsl3 Mmus	biolink:Gene	NCBITaxon:10090
obo:go/extensions/reacto.owl#REACTO_R-HSA-2980965	UBIAD1	biolink:Gene	NCBITaxon:9606
obo:go/extensions/reacto.owl#REACTO_R-HSA-159860	GGCX	biolink:Gene	NCBITaxon:9606
obo:go/extensions/reacto.owl#REACTO_R-HSA-6806371	VKORC1 dimer	biolink:Gene	NCBITaxon:9606
obo:go/extensions/reacto.owl#REACTO_R-HSA-204644	DHPS tetramer	biolink:Gene	NCBITaxon:9606
obo:go/extensions/reacto.owl#REACTO_R-HSA-204627	DOHH:Fe++	biolink:Gene	NCBITaxon:9606
obo:go/extensions/reacto.owl#REACTO_R-HSA-390344	isocitrate-oxoglutarate transporter	biolink:Gene	NCBITaxon:9606
obo:go/extensions/reacto.owl#REACTO_R-HSA-389557	IDH1 dimer	biolink:Gene	NCBITaxon:9606
MGI:MGI:96764	Ldhc Mmus	biolink:Gene	NCBITaxon:10090
MGI:MGI:96759	Ldha Mmus	biolink:Gene	NCBITaxon:10090
MGI:MGI:106013	Slc16a1 Mmus	biolink:Gene	NCBITaxon:10090
MGI:MGI:1933438	Slc16a3 Mmus	biolink:Gene	NCBITaxon:10090
MGI:MGI:96763	Ldhb Mmus	biolink:Gene	NCBITaxon:10090
obo:go/extensions/reacto.owl#REACTO_R-HSA-6809215	NUDT7	biolink:Gene	NCBITaxon:9606
obo:go/extensions/reacto.owl#REACTO_R-HSA-390296	CROT	biolink:Gene	NCBITaxon:9606
UniProtKB:O95837	GNA14 Hsap	biolink:Gene	NCBITaxon:9606
UniProtKB:Q00722	PLCB2 Hsap	biolink:Gene	NCBITaxon:9606
UniProtKB:Q9Y258	CCL26 Hsap	biolink:Gene	NCBITaxon:9606
UniProtKB:P51677	CCR3 Hsap	biolink:Gene	NCBITaxon:9606
UniProtKB:Q9NQC7	CYLD Hsap	biolink:Gene	NCBITaxon:9606
UniProtKB:Q7Z6Z7	HUWE1 Hsap	biolink:Gene	NCBITaxon:9606
MGI:MGI:1349392	Macroh2a1 Mmus	biolink:Gene	NCBITaxon:10090
MGI:MGI:1340806	Parp1 Mmus	biolink:Gene	NCBITaxon:10090
UniProtKB:Q12879	GRIN2A Hsap	biolink:Gene	NCBITaxon:9606
MGI:MGI:1346871	Map2k7 Mmus	biolink:Gene	NCBITaxon:10090
MGI:MGI:1346863	Mapk10 Mmus	biolink:Gene	NCBITaxon:10090
UniProtKB:Q96PU8	QKI Hsap	biolink:Gene	NCBITaxon:9606
UniProtKB:Q9UBP6	METTL1 Hsap	biolink:Gene	NCBITaxon:9606
UniProtKB:Q9BYV6	TRIM55 Hsap	biolink:Gene	NCBITaxon:9606
UniProtKB:P19474	TRIM21 Hsap	biolink:Gene	NCBITaxon:9606
UniProtKB:Q00653	NFKB2 Hsap	biolink:Gene	NCBITaxon:9606
MGI:MGI:1931307	Slc19a3 Mmus	biolink:Gene	NCBITaxon:10090
MGI:MGI:1352500	Tpk1 Mmus	biolink:Gene	NCBITaxon:10090
MGI:MGI:1928761	Slc19a2 Mmus	biolink:Gene	NCBITaxon:10090
MGI:MGI:1914533	Slc25a19 Mmus	biolink:Gene	NCBITaxon:10090
obo:go/extensions/reacto.owl#REACTO_R-HSA-71258	ALDH9A1 tetramer	biolink:Gene	NCBITaxon:9606
obo:go/extensions/reacto.owl#REACTO_R-HSA-71107	BBOX1:AscH-:Fe2+ dimer	biolink:Gene	NCBITaxon:9606
obo:go/extensions/reacto.owl#REACTO_R-HSA-165022	carnitine exporter	biolink:Gene	NCBITaxon:9606
obo:go/extensions/reacto.owl#REACTO_R-HSA-71243	4xSHMT1	biolink:Gene	NCBITaxon:9606
MGI:MGI:106211	Cdc42 Mmus	biolink:Gene	NCBITaxon:10090
MGI:MGI:97602	Prkcz Mmus	biolink:Gene	NCBITaxon:10090
UniProtKB:P51679	CCR4 Hsap	biolink:Gene	NCBITaxon:9606
UniProtKB:Q92583	CCL17 Hsap	biolink:Gene	NCBITaxon:9606
obo:go/extensions/reacto.owl#REACTO_R-HSA-110287	POLH	biolink:Gene	NCBITaxon:9606
UniProtKB:P61366	OSTN Hsap	biolink:Gene	NCBITaxon:9606
UniProtKB:P17342	NPR3 Hsap	biolink:Gene	NCBITaxon:9606
UniProtKB:P16066	NPR1 Hsap	biolink:Gene	NCBITaxon:9606
MGI:MGI:1913509	Camk2n1 Mmus	biolink:Gene	NCBITaxon:10090
UniProtKB:Q969H0	FBXW7 Hsap	biolink:Gene	NCBITaxon:9606
UniProtKB:P40238	MPL Hsap	biolink:Gene	NCBITaxon:9606
UniProtKB:P40225	THPO Hsap	biolink:Gene	NCBITaxon:9606
obo:go/extensions/reacto.owl#REACTO_R-HSA-6801235	TRIAP1:PRELID1, PRELID3A	biolink:Gene	NCBITaxon:9606
obo:go/extensions/reacto.owl#REACTO_R-HSA-179837	EGFR	biolink:Gene	NCBITaxon:9606
obo:go/extensions/reacto.owl#REACTO_R-HSA-5490317	PTPN3	biolink:Gene	NCBITaxon:9606
obo:go/extensions/reacto.owl#REACTO_R-HSA-182923	p-Y371-CBL	biolink:Gene	NCBITaxon:9606
MGI:MGI:1346869	Map2k4 Mmus	biolink:Gene	NCBITaxon:10090
MGI:MGI:88421	Clps Mmus	biolink:Gene	NCBITaxon:10090
MGI:MGI:97722	Pnlip Mmus	biolink:Gene	NCBITaxon:10090
MGI:MGI:1333825	Dgat1 Mmus	biolink:Gene	NCBITaxon:10090
UniProtKB:Q6GQQ9	OTUD7B Hsap	biolink:Gene	NCBITaxon:9606
GO:0031932	TORC2 complex	biolink:Gene	NCBITaxon:9606
GO:0031931	TORC1 complex	biolink:Gene	NCBITaxon:9606
UniProtKB:P34969	HTR7 Hsap	biolink:Gene	NCBITaxon:9606
UniProtKB:P14672	SLC2A4 Hsap	biolink:Gene	NCBITaxon:9606
UniProtKB:P28827	PTPRM Hsap	biolink:Gene	NCBITaxon:9606
UniProtKB:P00736	C1R Hsap	biolink:Gene	NCBITaxon:9606
UniProtKB:P00736-PRO_0000027579	C1R Hsap	biolink:Gene	NCBITaxon:9606
UniProtKB:P09871-PRO_0000027588	C1S Hsap	biolink:Gene	NCBITaxon:9606
GO:0062167	complement component C1q complex	biolink:Gene	NCBITaxon:9606
obo:go/extensions/reacto.owl#REACTO_R-HSA-164119	STK11	biolink:Gene	NCBITaxon:9606
obo:go/extensions/reacto.owl#REACTO_R-HSA-163736	Activated AMPK heterotrimer	biolink:Gene	NCBITaxon:9606
UniProtKB:P41587	VIPR2 Hsap	biolink:Gene	NCBITaxon:9606
UniProtKB:P19367	HK1 Hsap	biolink:Gene	NCBITaxon:9606
UniProtKB:P06744	GPI Hsap	biolink:Gene	NCBITaxon:9606
UniProtKB:P47898	HTR5A Hsap	biolink:Gene	NCBITaxon:9606
UniProtKB:Q9NVJ2	ARL8B Hsap	biolink:Gene	NCBITaxon:9606
UniProtKB:P41595	HTR2B Hsap	biolink:Gene	NCBITaxon:9606
UniProtKB:P40763-2	STAT3 Hsap	biolink:Gene	NCBITaxon:9606
MGI:MGI:2429943	Gbp5 Mmus	biolink:Gene	NCBITaxon:10090
MGI:MGI:3649299	Gm12250 Mmus	biolink:Gene	NCBITaxon:10090
MGI:MGI:102772	Gbp2 Mmus	biolink:Gene	NCBITaxon:10090
MGI:MGI:107700	Casp4 Mmus	biolink:Gene	NCBITaxon:10090
UniProtKB:P46736	BRCC3 Hsap	biolink:Gene	NCBITaxon:9606
obo:go/extensions/reacto.owl#REACTO_R-HSA-6807487	APOA1BP dimer	biolink:Gene	NCBITaxon:9606
obo:go/extensions/reacto.owl#REACTO_R-HSA-6806970	CARKD	biolink:Gene	NCBITaxon:9606
obo:go/extensions/reacto.owl#REACTO_R-HSA-561106	ORCTL3	biolink:Gene	NCBITaxon:9606
obo:go/extensions/reacto.owl#REACTO_R-HSA-389377	NAPRT1 dimer	biolink:Gene	NCBITaxon:9606
UniProtKB:O95393	BMP10 Hsap	biolink:Gene	NCBITaxon:9606
obo:go/extensions/reacto.owl#REACTO_R-ALL-72617	eIF1	biolink:Gene	NCBITaxon:9606
obo:go/extensions/reacto.owl#REACTO_R-HSA-1500642	PCYT2 dimer	biolink:Gene	NCBITaxon:9606
obo:go/extensions/reacto.owl#REACTO_R-HSA-1500619	CHK/ETNK	biolink:Gene	NCBITaxon:9606
obo:go/extensions/reacto.owl#REACTO_R-HSA-5696413	PXLP-K278-ETNPPL tetramer	biolink:Gene	NCBITaxon:9606
obo:go/extensions/reacto.owl#REACTO_R-HSA-3006223	HSD17B7	biolink:Gene	NCBITaxon:9606
obo:go/extensions/reacto.owl#REACTO_R-HSA-196414	DHCR24	biolink:Gene	NCBITaxon:9606
obo:go/extensions/reacto.owl#REACTO_R-HSA-195697	EBP	biolink:Gene	NCBITaxon:9606
obo:go/extensions/reacto.owl#REACTO_R-HSA-195662	SC5D	biolink:Gene	NCBITaxon:9606
obo:go/extensions/reacto.owl#REACTO_R-HSA-196423	DHCR7	biolink:Gene	NCBITaxon:9606
UniProtKB:Q6ZMI0	PPP1R21 Hsap	biolink:Gene	NCBITaxon:9606
UniProtKB:P10644	PRKAR1A Hsap	biolink:Gene	NCBITaxon:9606
UniProtKB:O95622	ADCY5 Hsap	biolink:Gene	NCBITaxon:9606
UniProtKB:Q16611	BAK1 Hsap	biolink:Gene	NCBITaxon:9606
UniProtKB:P24356	OPG045 VACCW	biolink:Gene	NCBITaxon:9606
MGI:MGI:107816	Pfkfb1 Mmus	biolink:Gene	NCBITaxon:10090
MGI:MGI:109200	Tradd Mmus	biolink:Gene	NCBITaxon:10090
MGI:MGI:1314884	Tnfrsf1a Mmus	biolink:Gene	NCBITaxon:10090
MGI:MGI:1344372	Rbck1 Mmus	biolink:Gene	NCBITaxon:10090
MGI:MGI:1934704	Rnf31 Mmus	biolink:Gene	NCBITaxon:10090
MGI:MGI:108212	Ripk1 Mmus	biolink:Gene	NCBITaxon:10090
MGI:MGI:1338074	Ikbkg Mmus	biolink:Gene	NCBITaxon:10090
MGI:MGI:1913331	Sharpin Mmus	biolink:Gene	NCBITaxon:10090
MGI:MGI:104741	Nfkbia Mmus	biolink:Gene	NCBITaxon:10090
GO:0035525	NF-kappaB p50/p65 complex	biolink:Gene	NCBITaxon:10090
MGI:MGI:1197009	Birc2 Mmus	biolink:Gene	NCBITaxon:10090
MGI:MGI:1338071	Ikbkb Mmus	biolink:Gene	NCBITaxon:10090
MGI:MGI:99484	Chuk Mmus	biolink:Gene	NCBITaxon:10090
obo:go/extensions/reacto.owl#REACTO_R-HSA-77258	ACADL tetramer	biolink:Gene	NCBITaxon:9606
obo:go/extensions/reacto.owl#REACTO_R-HSA-211653	PAK-2p34	biolink:Gene	NCBITaxon:9606
obo:go/extensions/reacto.owl#REACTO_R-HSA-211604	PAK2	biolink:Gene	NCBITaxon:9606
obo:go/extensions/reacto.owl#REACTO_R-HSA-141640	Cleaved Caspase-9	biolink:Gene	NCBITaxon:9606
UniProtKB:P09326	CD48 Hsap	biolink:Gene	NCBITaxon:9606
UniProtKB:Q9BZW8	CD244 Hsap	biolink:Gene	NCBITaxon:9606
UniProtKB:O60880	SH2D1A Hsap	biolink:Gene	NCBITaxon:9606
obo:go/extensions/reacto.owl#REACTO_R-HSA-8957350	CYP4	biolink:Gene	NCBITaxon:9606
obo:go/extensions/reacto.owl#REACTO_R-HSA-52681	CYP2E1	biolink:Gene	NCBITaxon:9606
obo:go/extensions/reacto.owl#REACTO_R-HSA-9027041	CYP1A2,2C8,2C9,2D6,2E1,3A4	biolink:Gene	NCBITaxon:9606
obo:go/extensions/reacto.owl#REACTO_R-HSA-5659970	TALDO1 dimer	biolink:Gene	NCBITaxon:9606
obo:go/extensions/reacto.owl#REACTO_R-HSA-71322	TKT dimer	biolink:Gene	NCBITaxon:9606
obo:go/extensions/reacto.owl#REACTO_R-HSA-71294	PGLS	biolink:Gene	NCBITaxon:9606
obo:go/extensions/reacto.owl#REACTO_R-HSA-5661286	XYLB	biolink:Gene	NCBITaxon:9606
obo:go/extensions/reacto.owl#REACTO_R-HSA-8957329	RPE:Fe2+ dimers	biolink:Gene	NCBITaxon:9606
obo:go/extensions/reacto.owl#REACTO_R-HSA-71304	RPIA	biolink:Gene	NCBITaxon:9606
obo:go/extensions/reacto.owl#REACTO_R-HSA-70452	TPI1 dimer	biolink:Gene	NCBITaxon:9606
obo:go/extensions/reacto.owl#REACTO_R-HSA-8955847	RBKS	biolink:Gene	NCBITaxon:9606
obo:go/extensions/reacto.owl#REACTO_R-HSA-450097	GCK, HK1, HK2, HK3	biolink:Gene	NCBITaxon:9606
MGI:MGI:1347080	Ifi202a Mmus	biolink:Gene	NCBITaxon:10090
UniProtKB:F5HF68	vIRF-1 NCBITaxon:868565	biolink:Gene	NCBITaxon:9606
obo:go/extensions/reacto.owl#REACTO_R-HSA-6786805	TRNT1	biolink:Gene	NCBITaxon:9606
obo:go/extensions/reacto.owl#REACTO_R-HSA-6787555	PUS1-1	biolink:Gene	NCBITaxon:9606
obo:go/extensions/reacto.owl#REACTO_R-HSA-6787573	TRIT1	biolink:Gene	NCBITaxon:9606
UniProtKB:O14543	SOCS3 Hsap	biolink:Gene	NCBITaxon:9606
UniProtKB:P40189	IL6ST Hsap	biolink:Gene	NCBITaxon:9606
UniProtKB:P08887-1	IL6R Hsap	biolink:Gene	NCBITaxon:9606
UniProtKB:P05231	IL6 Hsap	biolink:Gene	NCBITaxon:9606
UniProtKB:Q96NY8	NECTIN4 Hsap	biolink:Gene	NCBITaxon:9606
UniProtKB:Q495A1	TIGIT Hsap	biolink:Gene	NCBITaxon:9606
obo:go/extensions/reacto.owl#REACTO_R-HSA-9626823	PIN1	biolink:Gene	NCBITaxon:9606
obo:go/extensions/reacto.owl#REACTO_R-HSA-5218754	p-PKCA,p-PKCB,p-PKCZ,p-PKCD	biolink:Gene	NCBITaxon:9606
obo:go/extensions/reacto.owl#REACTO_R-HSA-170997	p-p38 MAPK alpha/beta	biolink:Gene	NCBITaxon:9606
obo:go/extensions/reacto.owl#REACTO_R-HSA-6799192	Complex I	biolink:Gene	NCBITaxon:9606
obo:go/extensions/reacto.owl#REACTO_R-HSA-166389	UCP dimer	biolink:Gene	NCBITaxon:9606
obo:go/extensions/reacto.owl#REACTO_R-HSA-164317	Complex III monomer	biolink:Gene	NCBITaxon:9606
obo:go/extensions/reacto.owl#REACTO_R-HSA-164316	Complex IV	biolink:Gene	NCBITaxon:9606
UniProtKB:P02776	PF4 Hsap	biolink:Gene	NCBITaxon:9606
UniProtKB:P32246	CCR1 Hsap	biolink:Gene	NCBITaxon:9606
UniProtKB:P49715	CEBPA Hsap	biolink:Gene	NCBITaxon:9606
UniProtKB:P15090	FABP4 Hsap	biolink:Gene	NCBITaxon:9606
UniProtKB:Q9BRP0	OVOL2 Hsap	biolink:Gene	NCBITaxon:9606
UniProtKB:Q9UPT9	USP22 Hsap	biolink:Gene	NCBITaxon:9606
UniProtKB:P14635	CCNB1 Hsap	biolink:Gene	NCBITaxon:9606
MGI:MGI:1915152	Sumf2 Mmus	biolink:Gene	NCBITaxon:10090
MGI:MGI:1889844	Sumf1 Mmus	biolink:Gene	NCBITaxon:10090
UniProtKB:P13500	CCL2 Hsap	biolink:Gene	NCBITaxon:9606
UniProtKB:P41597	CCR2 Hsap	biolink:Gene	NCBITaxon:9606
MGI:MGI:1913605	Gmpr Mmus	biolink:Gene	NCBITaxon:10090
MGI:MGI:1923144	Adal Mmus	biolink:Gene	NCBITaxon:10090
obo:go/extensions/reacto.owl#REACTO_R-HSA-1911464	MIB/NEURL	biolink:Gene	NCBITaxon:9606
obo:go/extensions/reacto.owl#REACTO_R-HSA-157186	ADAM10:Zn2+	biolink:Gene	NCBITaxon:9606
obo:go/extensions/reacto.owl#REACTO_R-HSA-9013333	PSEN	biolink:Gene	NCBITaxon:9606
UniProtKB:P49019	HCAR3 Hsap	biolink:Gene	NCBITaxon:9606
UniProtKB:Q14653-5	IRF3 Hsap	biolink:Gene	NCBITaxon:9606
UniProtKB:P68466	OPG044 VACCW	biolink:Gene	NCBITaxon:9606
UniProtKB:O00571	DDX3X Hsap	biolink:Gene	NCBITaxon:9606
UniProtKB:Q14145	KEAP1 Hsap	biolink:Gene	NCBITaxon:9606
RNAcentral:URS00008E39B8_9606	URS00008E39B8_9606 Hsap	biolink:Gene	NCBITaxon:9606
UniProtKB:O60573	EIF4E2 Hsap	biolink:Gene	NCBITaxon:9606
obo:go/extensions/reacto.owl#REACTO_R-HSA-2318769	p-S272-ALOX5:Ca2+:Fe2+	biolink:Gene	NCBITaxon:9606
obo:go/extensions/reacto.owl#REACTO_R-HSA-2142671	PTGR1	biolink:Gene	NCBITaxon:9606
obo:go/extensions/reacto.owl#REACTO_R-HSA-9663470	BGET	biolink:Gene	NCBITaxon:9606
obo:go/extensions/reacto.owl#REACTO_R-HSA-375571	ABCC2	biolink:Gene	NCBITaxon:9606
obo:go/extensions/reacto.owl#REACTO_R-HSA-9661431	ABCG2 tetramer	biolink:Gene	NCBITaxon:9606
obo:go/extensions/reacto.owl#REACTO_R-CPE-9661715	BILR	biolink:Gene	NCBITaxon:9606
obo:go/extensions/reacto.owl#REACTO_R-HSA-9661701	UBGNO	biolink:Gene	NCBITaxon:9606
obo:go/extensions/reacto.owl#REACTO_R-CPE-9661737	UBGNR	biolink:Gene	NCBITaxon:9606
obo:go/extensions/reacto.owl#REACTO_R-CPE-9661485	GUSB	biolink:Gene	NCBITaxon:9606
obo:go/extensions/reacto.owl#REACTO_R-HSA-189387	BLVRA:Zn2+,BLVRB	biolink:Gene	NCBITaxon:9606
MGI:MGI:1914346	Mmachc Mmus	biolink:Gene	NCBITaxon:10090
MGI:MGI:1923786	Mmadhc Mmus	biolink:Gene	NCBITaxon:10090
MGI:MGI:1891037	Mtrr Mmus	biolink:Gene	NCBITaxon:10090
MGI:MGI:894292	Mtr Mmus	biolink:Gene	NCBITaxon:10090
obo:go/extensions/reacto.owl#REACTO_R-HSA-49459	HEPR	biolink:Gene	NCBITaxon:9606
obo:go/extensions/reacto.owl#REACTO_R-HSA-72075	mRNA 3'-end cleavage factor	biolink:Gene	NCBITaxon:9606
UniProtKB:Q9BXM7	PINK1 Hsap	biolink:Gene	NCBITaxon:9606
UniProtKB:Q9UNA1	ARHGAP26 Hsap	biolink:Gene	NCBITaxon:9606
UniProtKB:Q9NYB9	ABI2 Hsap	biolink:Gene	NCBITaxon:9606
UniProtKB:P17405	SMPD1 Hsap	biolink:Gene	NCBITaxon:9606
UniProtKB:P61916	NPC2 Hsap	biolink:Gene	NCBITaxon:9606
obo:go/extensions/reacto.owl#REACTO_R-HSA-72081	HCE	biolink:Gene	NCBITaxon:9606
obo:go/extensions/reacto.owl#REACTO_R-HSA-77064	Capping complex (hydrolyzed)	biolink:Gene	NCBITaxon:9606
obo:go/extensions/reacto.owl#REACTO_R-HSA-77065	Capping complex (intermediate)	biolink:Gene	NCBITaxon:9606
obo:go/extensions/reacto.owl#REACTO_R-HSA-1614609	CDO1:Fe2+	biolink:Gene	NCBITaxon:9606
obo:go/extensions/reacto.owl#REACTO_R-HSA-1655430	PXKLP-K305-CSAD dimer	biolink:Gene	NCBITaxon:9606
obo:go/extensions/reacto.owl#REACTO_R-HSA-217270	FMO1	biolink:Gene	NCBITaxon:9606
obo:go/extensions/reacto.owl#REACTO_R-HSA-9012720	MPST	biolink:Gene	NCBITaxon:9606
obo:go/extensions/reacto.owl#REACTO_R-HSA-1614531	TST	biolink:Gene	NCBITaxon:9606
obo:go/extensions/reacto.owl#REACTO_R-HSA-6787755	PXLP-K333-GADL1 dimer	biolink:Gene	NCBITaxon:9606
obo:go/extensions/reacto.owl#REACTO_R-HSA-6814156	ADO:Fe2+	biolink:Gene	NCBITaxon:9606
UniProtKB:Q9H3S5	PIGM Hsap	biolink:Gene	NCBITaxon:9606
UniProtKB:Q92521	PIGB Hsap	biolink:Gene	NCBITaxon:9606
UniProtKB:Q9NUD9	PIGV Hsap	biolink:Gene	NCBITaxon:9606
UniProtKB:Q9UHB6	LIMA1 Hsap	biolink:Gene	NCBITaxon:9606
UniProtKB:Q96B23	ARK2N Hsap	biolink:Gene	NCBITaxon:9606
UniProtKB:P05412	JUN Hsap	biolink:Gene	NCBITaxon:9606
UniProtKB:P03206	BZLF1 NCBITaxon:10377	biolink:Gene	NCBITaxon:9606
obo:go/extensions/reacto.owl#REACTO_R-HSA-184549	LDH tetramer	biolink:Gene	NCBITaxon:9606
obo:go/extensions/reacto.owl#REACTO_R-HSA-1267988	VDAC1	biolink:Gene	NCBITaxon:9606
obo:go/extensions/reacto.owl#REACTO_R-HSA-2512902	MPC1:MPC2	biolink:Gene	NCBITaxon:9606
obo:go/extensions/reacto.owl#REACTO_R-HSA-9012061	ME1 tetramer	biolink:Gene	NCBITaxon:9606
obo:go/extensions/reacto.owl#REACTO_R-HSA-70521	PXLP-K314-GPT dimer	biolink:Gene	NCBITaxon:9606
obo:go/extensions/reacto.owl#REACTO_R-HSA-450668	pyruvate kinase tetramer	biolink:Gene	NCBITaxon:9606
UniProtKB:Q9BYX4	IFIH1 Hsap	biolink:Gene	NCBITaxon:9606
UniProtKB:I6WXK4	ptpB NCBITaxon:83332	biolink:Gene	NCBITaxon:9606
UniProtKB:Q5T6F0	DCAF12 Hsap	biolink:Gene	NCBITaxon:9606
UniProtKB:Q9HCE1	MOV10 Hsap	biolink:Gene	NCBITaxon:9606
UniProtKB:O95453	PARN Hsap	biolink:Gene	NCBITaxon:9606
UniProtKB:O60832	DKC1 Hsap	biolink:Gene	NCBITaxon:9606
UniProtKB:Q8NDF8	TENT4B Hsap	biolink:Gene	NCBITaxon:9606
UniProtKB:Q01780	EXOSC10 Hsap	biolink:Gene	NCBITaxon:9606
UniProtKB:P01210	PENK Hsap	biolink:Gene	NCBITaxon:9606
UniProtKB:Q96LB2	MRGPRX1 Hsap	biolink:Gene	NCBITaxon:9606
UniProtKB:P62070	RRAS2 Hsap	biolink:Gene	NCBITaxon:9606
UniProtKB:Q96RJ0	TAAR1 Hsap	biolink:Gene	NCBITaxon:9606
MGI:MGI:2685324	Ffar3 Mmus	biolink:Gene	NCBITaxon:10090
MGI:MGI:95771	Gnai1 Mmus	biolink:Gene	NCBITaxon:10090
MGI:MGI:1914725	Ero1b Mmus	biolink:Gene	NCBITaxon:10090
MGI:MGI:97464	P4hb Mmus	biolink:Gene	NCBITaxon:10090
MGI:MGI:98817	Hsp90b1 Mmus	biolink:Gene	NCBITaxon:10090
MGI:MGI:2442682	Slc30a8 Mmus	biolink:Gene	NCBITaxon:10090
MGI:MGI:97511	Pcsk1 Mmus	biolink:Gene	NCBITaxon:10090
MGI:MGI:101932	Cpe Mmus	biolink:Gene	NCBITaxon:10090
MGI:MGI:97512	Pcsk2 Mmus	biolink:Gene	NCBITaxon:10090
MGI:MGI:1916298	Slc30a5 Mmus	biolink:Gene	NCBITaxon:10090
UniProtKB:Q16822	PCK2 Hsap	biolink:Gene	NCBITaxon:9606
UniProtKB:O60488	ACSL4 Hsap	biolink:Gene	NCBITaxon:9606
obo:go/extensions/reacto.owl#REACTO_R-HSA-73457	CAD hexamer	biolink:Gene	NCBITaxon:9606
obo:go/extensions/reacto.owl#REACTO_R-HSA-73534	DHODH:FMN	biolink:Gene	NCBITaxon:9606
obo:go/extensions/reacto.owl#REACTO_R-HSA-73485	PRPS1 dimer	biolink:Gene	NCBITaxon:9606
obo:go/extensions/reacto.owl#REACTO_R-HSA-189812	PRPS dimers	biolink:Gene	NCBITaxon:9606
obo:go/extensions/reacto.owl#REACTO_R-HSA-8951831	LETM1 hexamer	biolink:Gene	NCBITaxon:9606
obo:go/extensions/reacto.owl#REACTO_R-HSA-8949711	SLC8A3	biolink:Gene	NCBITaxon:9606
obo:go/extensions/reacto.owl#REACTO_R-HSA-8949214	VDAC1,2,3	biolink:Gene	NCBITaxon:9606
obo:go/extensions/reacto.owl#REACTO_R-HSA-8949151	MCU complex	biolink:Gene	NCBITaxon:9606
obo:go/extensions/reacto.owl#REACTO_R-HSA-8949706	SLC8B1	biolink:Gene	NCBITaxon:9606
MGI:MGI:1345635	Pcbp1 Mmus	biolink:Gene	NCBITaxon:10090
MGI:MGI:1915964	Dohh Mmus	biolink:Gene	NCBITaxon:10090
MGI:MGI:108202	Pcbp2 Mmus	biolink:Gene	NCBITaxon:10090
UniProtKB:P03372-4	ESR1 Hsap	biolink:Gene	NCBITaxon:9606
MGI:MGI:88138	Bcl2 Mmus	biolink:Gene	NCBITaxon:10090
MGI:MGI:96604	Itga5 Mmus	biolink:Gene	NCBITaxon:10090
MGI:MGI:96610	Itgb1 Mmus	biolink:Gene	NCBITaxon:10090
MGI:MGI:95566	Fn1 Mmus	biolink:Gene	NCBITaxon:10090
UniProtKB:Q9UBN7	HDAC6 Hsap	biolink:Gene	NCBITaxon:9606
MGI:MGI:2183158	Ash1l Mmus	biolink:Gene	NCBITaxon:10090
MGI:MGI:1196377	Tnfaip3 Mmus	biolink:Gene	NCBITaxon:10090
MGI:MGI:1321159	Ppp2ca Mmus	biolink:Gene	NCBITaxon:10090
UniProtKB:Q16270	IGFBP7 Hsap	biolink:Gene	NCBITaxon:9606
MGI:MGI:1920212	Tymp Mmus	biolink:Gene	NCBITaxon:10090
obo:go/extensions/reacto.owl#REACTO_R-HSA-914009	GCNTs	biolink:Gene	NCBITaxon:9606
obo:go/extensions/reacto.owl#REACTO_R-HSA-6786006	CHST4	biolink:Gene	NCBITaxon:9606
obo:go/extensions/reacto.owl#REACTO_R-HSA-916814	B3GNTs	biolink:Gene	NCBITaxon:9606
obo:go/extensions/reacto.owl#REACTO_R-HSA-914013	GCNT3	biolink:Gene	NCBITaxon:9606
obo:go/extensions/reacto.owl#REACTO_R-HSA-1964504	C1GALT1:C1GALT1C1	biolink:Gene	NCBITaxon:9606
obo:go/extensions/reacto.owl#REACTO_R-HSA-913644	GALNTs	biolink:Gene	NCBITaxon:9606
UniProtKB:P36544	CHRNA7 Hsap	biolink:Gene	NCBITaxon:9606
UniProtKB:P26651	ZFP36 Hsap	biolink:Gene	NCBITaxon:9606
obo:go/extensions/reacto.owl#REACTO_R-HSA-5433068	ACY1:Zn2+ dimer	biolink:Gene	NCBITaxon:9606
obo:go/extensions/reacto.owl#REACTO_R-HSA-174377	GCL	biolink:Gene	NCBITaxon:9606
obo:go/extensions/reacto.owl#REACTO_R-HSA-1247905	GGCT dimer	biolink:Gene	NCBITaxon:9606
obo:go/extensions/reacto.owl#REACTO_R-HSA-1247926	OPLAH	biolink:Gene	NCBITaxon:9606
obo:go/extensions/reacto.owl#REACTO_R-HSA-6785917	CHAC1,2	biolink:Gene	NCBITaxon:9606
UniProtKB:P25440	BRD2 Hsap	biolink:Gene	NCBITaxon:9606
UniProtKB:P08887-2	IL6R Hsap	biolink:Gene	NCBITaxon:9606
UniProtKB:P40189-2	IL6ST Hsap	biolink:Gene	NCBITaxon:9606
UniProtKB:P58215	LOXL3 Hsap	biolink:Gene	NCBITaxon:9606
UniProtKB:P50542-1	PEX5 Hsap	biolink:Gene	NCBITaxon:9606
UniProtKB:O00628	PEX7 Hsap	biolink:Gene	NCBITaxon:9606
MGI:MGI:2681164	Plekha8 Mmus	biolink:Gene	NCBITaxon:10090
obo:go/extensions/reacto.owl#REACTO_R-HSA-74693	PI3K	biolink:Gene	NCBITaxon:9606
UniProtKB:Q96CM4	NXNL1 Hsap	biolink:Gene	NCBITaxon:9606
UniProtKB:P35613	BSG Hsap	biolink:Gene	NCBITaxon:9606
UniProtKB:P11166	SLC2A1 Hsap	biolink:Gene	NCBITaxon:9606
obo:go/extensions/reacto.owl#REACTO_R-HSA-69221	CAK	biolink:Gene	NCBITaxon:9606
obo:go/extensions/reacto.owl#REACTO_R-HSA-187926	Cyclin A:Cdk2:p21/p27 complex	biolink:Gene	NCBITaxon:9606
obo:go/extensions/reacto.owl#REACTO_R-HSA-187904	Cdc25 A/B	biolink:Gene	NCBITaxon:9606
obo:go/extensions/reacto.owl#REACTO_R-HSA-69253	WEE1	biolink:Gene	NCBITaxon:9606
obo:go/extensions/reacto.owl#REACTO_R-HSA-8857798	LCMT1	biolink:Gene	NCBITaxon:9606
obo:go/extensions/reacto.owl#REACTO_R-HSA-8857790	PPME1	biolink:Gene	NCBITaxon:9606
obo:go/extensions/reacto.owl#REACTO_R-HSA-3002800	p-T210-PLK1	biolink:Gene	NCBITaxon:9606
obo:go/extensions/reacto.owl#REACTO_R-HSA-4088142	PP2A-PPP2R2A	biolink:Gene	NCBITaxon:9606
obo:go/extensions/reacto.owl#REACTO_R-HSA-170106	CRS kinase	biolink:Gene	NCBITaxon:9606
obo:go/extensions/reacto.owl#REACTO_R-HSA-71997	PAP	biolink:Gene	NCBITaxon:9606
obo:go/extensions/reacto.owl#REACTO_R-HSA-8852231	DDX39A,B	biolink:Gene	NCBITaxon:9606
UniProtKB:P39905	GDNF Hsap	biolink:Gene	NCBITaxon:9606
UniProtKB:P56159	GFRA1 Hsap	biolink:Gene	NCBITaxon:9606
UniProtKB:Q9UKV5	AMFR Hsap	biolink:Gene	NCBITaxon:9606
UniProtKB:Q2FVK1	hlgB STAA8	biolink:Gene	NCBITaxon:9606
obo:go/extensions/reacto.owl#REACTO_R-HSA-2023997	PPIP5K1/2	biolink:Gene	NCBITaxon:9606
obo:go/extensions/reacto.owl#REACTO_R-HSA-2023957	DIPP	biolink:Gene	NCBITaxon:9606
obo:go/extensions/reacto.owl#REACTO_R-HSA-2023977	IP6K1/3	biolink:Gene	NCBITaxon:9606
obo:go/extensions/reacto.owl#REACTO_R-HSA-1604660	NUDT4:Mg2+/Mn2+	biolink:Gene	NCBITaxon:9606
obo:go/extensions/reacto.owl#REACTO_R-HSA-1604598	IPPK	biolink:Gene	NCBITaxon:9606
UniProtKB:Q8IY47	KBTBD2 Hsap	biolink:Gene	NCBITaxon:9606
dictyBase:DDB_G0279413	pkaR Ddis	biolink:Gene	NCBITaxon:9606
dictyBase:DDB_G0283907	pkaC Ddis	biolink:Gene	NCBITaxon:9606
UniProtKB:P05362	ICAM1 Hsap	biolink:Gene	NCBITaxon:9606
UniProtKB:P25116	F2R Hsap	biolink:Gene	NCBITaxon:9606
UniProtKB:O76090	BEST1 Hsap	biolink:Gene	NCBITaxon:9606
obo:go/extensions/reacto.owl#REACTO_R-HSA-68450	DNA Polymerase delta tetramer	biolink:Gene	NCBITaxon:9606
obo:go/extensions/reacto.owl#REACTO_R-HSA-9668968	BLM,WRN	biolink:Gene	NCBITaxon:9606
obo:go/extensions/reacto.owl#REACTO_R-HSA-53787	LIG1	biolink:Gene	NCBITaxon:9606
obo:go/extensions/reacto.owl#REACTO_R-HSA-2213185	Dynamin	biolink:Gene	NCBITaxon:9606
UniProtKB:Q6P1Q0-4	LETMD1 Hsap	biolink:Gene	NCBITaxon:9606
UniProtKB:Q14432	PDE3A Hsap	biolink:Gene	NCBITaxon:9606
UniProtKB:Q8IYM2	SLFN12 Hsap	biolink:Gene	NCBITaxon:9606
MGI:MGI:1927664	Sirt2 Mmus	biolink:Gene	NCBITaxon:10090
MGI:MGI:1298405	Ap2m1 Mmus	biolink:Gene	NCBITaxon:10090
MGI:MGI:104583	Eps15 Mmus	biolink:Gene	NCBITaxon:10090
MGI:MGI:97297	Nedd4 Mmus	biolink:Gene	NCBITaxon:10090
MGI:MGI:1916977	Usp46 Mmus	biolink:Gene	NCBITaxon:10090
UniProtKB:P0DTC3-PRO_0000449650		biolink:Gene	NCBITaxon:9606
UniProtKB:Q96JC1	VPS39 Hsap	biolink:Gene	NCBITaxon:9606
UniProtKB:O95971	CD160 Hsap	biolink:Gene	NCBITaxon:9606
UniProtKB:P10321	HLA-C Hsap	biolink:Gene	NCBITaxon:9606
obo:go/extensions/reacto.owl#REACTO_R-HSA-1963584	p-Y877-ERBB2 heterodimers	biolink:Gene	NCBITaxon:9606
obo:go/extensions/reacto.owl#REACTO_R-HSA-432933	PTPN12	biolink:Gene	NCBITaxon:9606
obo:go/extensions/reacto.owl#REACTO_R-HSA-1963573	ERBB2 heterodimers	biolink:Gene	NCBITaxon:9606
MGI:MGI:1915389	Tox4 Mmus	biolink:Gene	NCBITaxon:10090
MGI:MGI:1890077	Foxo1 Mmus	biolink:Gene	NCBITaxon:10090
UniProtKB:P13987	CD59 Hsap	biolink:Gene	NCBITaxon:9606
UniProtKB:Q9H3N1	TMX1 Hsap	biolink:Gene	NCBITaxon:9606
UniProtKB:Q96MH6	TMEM68 Hsap	biolink:Gene	NCBITaxon:9606
UniProtKB:P13747	HLA-E Hsap	biolink:Gene	NCBITaxon:9606
UniProtKB:Q13241	KLRD1 Hsap	biolink:Gene	NCBITaxon:9606
UniProtKB:P26717	KLRC2 Hsap	biolink:Gene	NCBITaxon:9606
UniProtKB:P53609	PGGT1B Hsap	biolink:Gene	NCBITaxon:9606
UniProtKB:P00973-2	OAS1 Hsap	biolink:Gene	NCBITaxon:9606
UniProtKB:P52630	STAT2 Hsap	biolink:Gene	NCBITaxon:9606
MGI:MGI:1918131	Nt5c1b Mmus	biolink:Gene	NCBITaxon:10090
obo:go/extensions/reacto.owl#REACTO_R-HSA-5686576	p-S456-ABL1	biolink:Gene	NCBITaxon:9606
obo:go/extensions/reacto.owl#REACTO_R-HSA-5686589	p-Y104-RAD52 heptamer	biolink:Gene	NCBITaxon:9606
obo:go/extensions/reacto.owl#REACTO_R-HSA-109943	ERCC1:ERCC4	biolink:Gene	NCBITaxon:9606
UniProtKB:Q8WTX7	CASTOR1 Hsap	biolink:Gene	NCBITaxon:9606
UniProtKB:O43826	SLC37A4 Hsap	biolink:Gene	NCBITaxon:9606
UniProtKB:O95479	H6PD Hsap	biolink:Gene	NCBITaxon:9606
MGI:MGI:2149635	Slc13a3 Mmus	biolink:Gene	NCBITaxon:10090
MGI:MGI:87914	Aspa Mmus	biolink:Gene	NCBITaxon:10090
MGI:MGI:88561	Ctsb Mmus	biolink:Gene	NCBITaxon:10090
MGI:MGI:1914623	Prss3b Mmus	biolink:Gene	NCBITaxon:10090
obo:go/extensions/reacto.owl#REACTO_R-HSA-3239029	SET9	biolink:Gene	NCBITaxon:9606
obo:go/extensions/reacto.owl#REACTO_R-HSA-3222233	SMYD2	biolink:Gene	NCBITaxon:9606
UniProtKB:F5HF44	UL145 HCMVM	biolink:Gene	NCBITaxon:9606
UniProtKB:P47989	XDH Hsap	biolink:Gene	NCBITaxon:9606
obo:go/extensions/reacto.owl#REACTO_R-HSA-196063	AKR1B1	biolink:Gene	NCBITaxon:9606
obo:go/extensions/reacto.owl#REACTO_R-HSA-5652211	SORD tetramer	biolink:Gene	NCBITaxon:9606
MGI:MGI:107572	Xiap Mmus	biolink:Gene	NCBITaxon:10090
MGI:MGI:98397	Src Mmus	biolink:Gene	NCBITaxon:10090
MGI:MGI:96103	Hk1 Mmus	biolink:Gene	NCBITaxon:10090
MGI:MGI:1337994	Bcl10 Mmus	biolink:Gene	NCBITaxon:10090
MGI:MGI:97845	Rac1 Mmus	biolink:Gene	NCBITaxon:10090
MGI:MGI:108092	Bin1 Mmus	biolink:Gene	NCBITaxon:10090
MGI:MGI:96416	Ido1 Mmus	biolink:Gene	NCBITaxon:10090
MGI:MGI:101941	E2f1 Mmus	biolink:Gene	NCBITaxon:10090
obo:go/extensions/reacto.owl#REACTO_R-HSA-8854059	SCF-FBXL18	biolink:Gene	NCBITaxon:9606
obo:go/extensions/reacto.owl#REACTO_R-HSA-8854030	SCF-FBXL7	biolink:Gene	NCBITaxon:9606
obo:go/extensions/reacto.owl#REACTO_R-HSA-6786756	FLT3	biolink:Gene	NCBITaxon:9606
obo:go/extensions/reacto.owl#REACTO_R-HSA-9604751	Active FLT3	biolink:Gene	NCBITaxon:9606
GO:0032302	MutSbeta complex	biolink:Gene	NCBITaxon:9606
UniProtKB:P40692	MLH1 Hsap	biolink:Gene	NCBITaxon:9606
UniProtKB:P54278	PMS2 Hsap	biolink:Gene	NCBITaxon:9606
GO:0032389	MutLalpha complex	biolink:Gene	NCBITaxon:9606
obo:go/extensions/reacto.owl#REACTO_R-HSA-2024106	GLCE	biolink:Gene	NCBITaxon:9606
obo:go/extensions/reacto.owl#REACTO_R-HSA-2076470	HS6STs	biolink:Gene	NCBITaxon:9606
obo:go/extensions/reacto.owl#REACTO_R-HSA-2076393	HS2ST1	biolink:Gene	NCBITaxon:9606
obo:go/extensions/reacto.owl#REACTO_R-HSA-2076438	HS3ST2-6	biolink:Gene	NCBITaxon:9606
obo:go/extensions/reacto.owl#REACTO_R-HSA-2076429	HS3ST1	biolink:Gene	NCBITaxon:9606
obo:go/extensions/reacto.owl#REACTO_R-HSA-2022878	EXT1:EXT2	biolink:Gene	NCBITaxon:9606
obo:go/extensions/reacto.owl#REACTO_R-HSA-2022936	NDSTs	biolink:Gene	NCBITaxon:9606
obo:go/extensions/reacto.owl#REACTO_R-HSA-741452	SLC35A3	biolink:Gene	NCBITaxon:9606
obo:go/extensions/reacto.owl#REACTO_R-HSA-1889954		biolink:Gene	NCBITaxon:9606
obo:go/extensions/reacto.owl#REACTO_R-HSA-744235	HFRC	biolink:Gene	NCBITaxon:9606
obo:go/extensions/reacto.owl#REACTO_R-HSA-742365	YEA4	biolink:Gene	NCBITaxon:9606
obo:go/extensions/reacto.owl#REACTO_R-HSA-3465611	PAPST1,2	biolink:Gene	NCBITaxon:9606
obo:go/extensions/reacto.owl#REACTO_R-HSA-2980604	TPO	biolink:Gene	NCBITaxon:9606
obo:go/extensions/reacto.owl#REACTO_R-HSA-350846	DIO dimer	biolink:Gene	NCBITaxon:9606
UniProtKB:P07204	THBD Hsap	biolink:Gene	NCBITaxon:9606
UniProtKB:P00734	F2 Hsap	biolink:Gene	NCBITaxon:9606
UniProtKB:P04070	PROC Hsap	biolink:Gene	NCBITaxon:9606
RNAcentral:URS000076E9A3_9606	URS000076E9A3_9606 Hsap	biolink:Gene	NCBITaxon:9606
obo:go/extensions/reacto.owl#REACTO_R-HSA-5358485	DPH5	biolink:Gene	NCBITaxon:9606
obo:go/extensions/reacto.owl#REACTO_R-HSA-5358480	DPH7	biolink:Gene	NCBITaxon:9606
obo:go/extensions/reacto.owl#REACTO_R-HSA-5358469	DPH6	biolink:Gene	NCBITaxon:9606
obo:go/extensions/reacto.owl#REACTO_R-HSA-5358368	DPH2	biolink:Gene	NCBITaxon:9606
obo:go/extensions/reacto.owl#REACTO_R-HSA-984807	BTK	biolink:Gene	NCBITaxon:9606
obo:go/extensions/reacto.owl#REACTO_R-HSA-1169086	p-PLC gamma1,2	biolink:Gene	NCBITaxon:9606
obo:go/extensions/reacto.owl#REACTO_R-HSA-9606165	BTK	biolink:Gene	NCBITaxon:9606
obo:go/extensions/reacto.owl#REACTO_R-HSA-9606888	LYN, p-SYK	biolink:Gene	NCBITaxon:9606
UniProtKB:O76064	RNF8 Hsap	biolink:Gene	NCBITaxon:9606
UniProtKB:Q14258	TRIM25 Hsap	biolink:Gene	NCBITaxon:9606
UniProtKB:O00327	BMAL1 Hsap	biolink:Gene	NCBITaxon:9606
UniProtKB:P41159	LEP Hsap	biolink:Gene	NCBITaxon:9606
UniProtKB:Q9BXA5	SUCNR1 Hsap	biolink:Gene	NCBITaxon:9606
UniProtKB:P08575	PTPRC Hsap	biolink:Gene	NCBITaxon:9606
UniProtKB:P19397	CD53 Hsap	biolink:Gene	NCBITaxon:9606
obo:go/extensions/reacto.owl#REACTO_R-HSA-5621132	FYN, LYN	biolink:Gene	NCBITaxon:9606
obo:go/extensions/reacto.owl#REACTO_R-HSA-5660649	RPS6KA5(MSK1/SAPK1):PKA catalytic subunits	biolink:Gene	NCBITaxon:9606
obo:go/extensions/reacto.owl#REACTO_R-HSA-937011	IRAK1	biolink:Gene	NCBITaxon:9606
obo:go/extensions/reacto.owl#REACTO_R-HSA-450819	p-Pellino-1,2,(3)	biolink:Gene	NCBITaxon:9606
UniProtKB:O96013	PAK4 Hsap	biolink:Gene	NCBITaxon:9606
UniProtKB:Q7L0Q8	RHOU Hsap	biolink:Gene	NCBITaxon:9606
UniProtKB:Q8WXH6	RAB40A Hsap	biolink:Gene	NCBITaxon:9606
GO:0106003	amyloid-beta complex	biolink:Gene	NCBITaxon:9606
UniProtKB:Q86SQ4	ADGRG6 Hsap	biolink:Gene	NCBITaxon:9606
obo:go/extensions/reacto.owl#REACTO_R-HSA-202072	Active AKT	biolink:Gene	NCBITaxon:9606
obo:go/extensions/reacto.owl#REACTO_R-HSA-6806947	DHDDS:NUS1	biolink:Gene	NCBITaxon:9606
obo:go/extensions/reacto.owl#REACTO_R-HSA-4420020	pPPP phosphatase	biolink:Gene	NCBITaxon:9606
obo:go/extensions/reacto.owl#REACTO_R-HSA-191341	MVD dimer	biolink:Gene	NCBITaxon:9606
obo:go/extensions/reacto.owl#REACTO_R-HSA-469663	SRD5A3	biolink:Gene	NCBITaxon:9606
obo:go/extensions/reacto.owl#REACTO_R-HSA-191348	PMVK	biolink:Gene	NCBITaxon:9606
UniProtKB:P60002	ELOF1 Hsap	biolink:Gene	NCBITaxon:9606
UniProtKB:Q2YD98	UVSSA Hsap	biolink:Gene	NCBITaxon:9606
UniProtKB:Q03468	ERCC6 Hsap	biolink:Gene	NCBITaxon:9606
UniProtKB:Q13216	ERCC8 Hsap	biolink:Gene	NCBITaxon:9606
UniProtKB:P01042	KNG1 Hsap	biolink:Gene	NCBITaxon:9606
UniProtKB:P30411	BDKRB2 Hsap	biolink:Gene	NCBITaxon:9606
UniProtKB:Q9H3N8	HRH4 Hsap	biolink:Gene	NCBITaxon:9606
UniProtKB:Q7Z3F1	GPR155 Hsap	biolink:Gene	NCBITaxon:9606
GO:0140007	KICSTOR complex	biolink:Gene	NCBITaxon:9606
obo:go/extensions/reacto.owl#REACTO_R-HSA-163101	Telomerase RNP	biolink:Gene	NCBITaxon:9606
obo:go/extensions/reacto.owl#REACTO_R-HSA-418319	PIF1	biolink:Gene	NCBITaxon:9606
obo:go/extensions/reacto.owl#REACTO_R-HSA-9686572	PP6-PPP6R3	biolink:Gene	NCBITaxon:9606
obo:go/extensions/reacto.owl#REACTO_R-HSA-199195	PANK1/3	biolink:Gene	NCBITaxon:9606
obo:go/extensions/reacto.owl#REACTO_R-HSA-8939016	VNN1,VNN2	biolink:Gene	NCBITaxon:9606
obo:go/extensions/reacto.owl#REACTO_R-HSA-196735	COASY	biolink:Gene	NCBITaxon:9606
obo:go/extensions/reacto.owl#REACTO_R-HSA-199235	AASDHPPT	biolink:Gene	NCBITaxon:9606
obo:go/extensions/reacto.owl#REACTO_R-HSA-8848007	p-Y342-BRK	biolink:Gene	NCBITaxon:9606
obo:go/extensions/reacto.owl#REACTO_R-HSA-912656	p(Y700,731,774)-CBL	biolink:Gene	NCBITaxon:9606
obo:go/extensions/reacto.owl#REACTO_R-HSA-8848000	BRK	biolink:Gene	NCBITaxon:9606
UniProtKB:P02649	APOE Hsap	biolink:Gene	NCBITaxon:9606
UniProtKB:Q9HBU6	ETNK1 Hsap	biolink:Gene	NCBITaxon:9606
UniProtKB:Q99447	PCYT2 Hsap	biolink:Gene	NCBITaxon:9606
obo:go/extensions/reacto.owl#REACTO_R-HSA-5662858	DCT:2xZn2+	biolink:Gene	NCBITaxon:9606
obo:go/extensions/reacto.owl#REACTO_R-HSA-8878574	TYRP1	biolink:Gene	NCBITaxon:9606
obo:go/extensions/reacto.owl#REACTO_R-HSA-5662696	TYR:2xCu2+	biolink:Gene	NCBITaxon:9606
UniProtKB:Q99614	TTC1 Hsap	biolink:Gene	NCBITaxon:9606
UniProtKB:Q16663	CCL15 Hsap	biolink:Gene	NCBITaxon:9606
MGI:MGI:109375	Fut1 Mmus	biolink:Gene	NCBITaxon:10090
MGI:MGI:2135738	Abo Mmus	biolink:Gene	NCBITaxon:10090
UniProtKB:Q86XK2	FBXO11 Hsap	biolink:Gene	NCBITaxon:9606
obo:go/extensions/reacto.owl#REACTO_R-HSA-5637671	SETD3, SETD7, WHSC1L1, Core MLL complex	biolink:Gene	NCBITaxon:9606
obo:go/extensions/reacto.owl#REACTO_R-HSA-5637687	WHSC1L1, Core MLL complex, SMYD3, SETD3	biolink:Gene	NCBITaxon:9606
obo:go/extensions/reacto.owl#REACTO_R-HSA-5637685	Core MLL complex, SMYD3, PRDM9	biolink:Gene	NCBITaxon:9606
UniProtKB:O95970	LGI1 Hsap	biolink:Gene	NCBITaxon:9606
UniProtKB:Q9P0K1	ADAM22 Hsap	biolink:Gene	NCBITaxon:9606
UniProtKB:Q6UXL0	IL20RB Hsap	biolink:Gene	NCBITaxon:9606
UniProtKB:Q9UHF4	IL20RA Hsap	biolink:Gene	NCBITaxon:9606
UniProtKB:Q9UHD0	IL19 Hsap	biolink:Gene	NCBITaxon:9606
UniProtKB:Q969M7	UBE2F Hsap	biolink:Gene	NCBITaxon:9606
UniProtKB:O95376	ARIH2 Hsap	biolink:Gene	NCBITaxon:9606
UniProtKB:Q9HC16	APOBEC3G Hsap	biolink:Gene	NCBITaxon:9606
UniProtKB:O43524	FOXO3 Hsap	biolink:Gene	NCBITaxon:9606
UniProtKB:Q8NI37	PPTC7 Hsap	biolink:Gene	NCBITaxon:9606
UniProtKB:Q9UKA2	FBXL4 Hsap	biolink:Gene	NCBITaxon:9606
UniProtKB:Q12983	BNIP3 Hsap	biolink:Gene	NCBITaxon:9606
UniProtKB:P41235	HNF4A Hsap	biolink:Gene	NCBITaxon:9606
UniProtKB:Q15596	NCOA2 Hsap	biolink:Gene	NCBITaxon:9606
UniProtKB:Q9H093	NUAK2 Hsap	biolink:Gene	NCBITaxon:9606
MGI:MGI:97072	Gbp4 Mmus	biolink:Gene	NCBITaxon:10090
MGI:MGI:108072	Traf6 Mmus	biolink:Gene	NCBITaxon:10090
MGI:MGI:1859212	Irf7 Mmus	biolink:Gene	NCBITaxon:10090
obo:go/extensions/reacto.owl#REACTO_R-HSA-418562	cAMP PDEs	biolink:Gene	NCBITaxon:9606
obo:go/extensions/reacto.owl#REACTO_R-HSA-52383	PDE4A	biolink:Gene	NCBITaxon:9606
obo:go/extensions/reacto.owl#REACTO_R-HSA-418505	PDE3A	biolink:Gene	NCBITaxon:9606
obo:go/extensions/reacto.owl#REACTO_R-HSA-162348	PDE3B	biolink:Gene	NCBITaxon:9606
UniProtKB:P63167	DYNLL1 Hsap	biolink:Gene	NCBITaxon:9606
UniProtKB:Q12888	TP53BP1 Hsap	biolink:Gene	NCBITaxon:9606
UniProtKB:P07585	DCN Hsap	biolink:Gene	NCBITaxon:9606
UniProtKB:P35968	KDR Hsap	biolink:Gene	NCBITaxon:9606
UniProtKB:P15692	VEGFA Hsap	biolink:Gene	NCBITaxon:9606
UniProtKB:Q9GZU2	PEG3 Hsap	biolink:Gene	NCBITaxon:9606
UniProtKB:Q8IXJ6	SIRT2 Hsap	biolink:Gene	NCBITaxon:9606
UniProtKB:P23759	PAX7 Hsap	biolink:Gene	NCBITaxon:9606
UniProtKB:Q8IYW5	RNF168 Hsap	biolink:Gene	NCBITaxon:9606
UniProtKB:Q70EK9	USP51 Hsap	biolink:Gene	NCBITaxon:9606
UniProtKB:P22681	CBL Hsap	biolink:Gene	NCBITaxon:9606
MGI:MGI:97613	Plcb1 Mmus	biolink:Gene	NCBITaxon:10090
MGI:MGI:97596	Prkcb Mmus	biolink:Gene	NCBITaxon:10090
UniProtKB:P17372	OPG035 VACCW	biolink:Gene	NCBITaxon:9606
UniProtKB:O14879	IFIT3 Hsap	biolink:Gene	NCBITaxon:9606
UniProtKB:P09913	IFIT2 Hsap	biolink:Gene	NCBITaxon:9606
UniProtKB:P09914	IFIT1 Hsap	biolink:Gene	NCBITaxon:9606
obo:go/extensions/reacto.owl#REACTO_R-HSA-193119	CYP17A1	biolink:Gene	NCBITaxon:9606
obo:go/extensions/reacto.owl#REACTO_R-HSA-196357	3-beta-HSD	biolink:Gene	NCBITaxon:9606
obo:go/extensions/reacto.owl#REACTO_R-HSA-9693756	Vimar	biolink:Gene	NCBITaxon:9606
obo:go/extensions/reacto.owl#REACTO_R-HSA-9020438	RHOT2:GTP	biolink:Gene	NCBITaxon:9606
obo:go/extensions/reacto.owl#REACTO_R-HSA-5357900	BIRC2,3,4	biolink:Gene	NCBITaxon:9606
obo:go/extensions/reacto.owl#REACTO_R-HSA-5357750	RIPK1 deubiquitinases	biolink:Gene	NCBITaxon:9606
obo:go/extensions/reacto.owl#REACTO_R-HSA-5357865	LUBAC	biolink:Gene	NCBITaxon:9606
obo:go/extensions/reacto.owl#REACTO_R-HSA-741420	CYLD	biolink:Gene	NCBITaxon:9606
UniProtKB:Q9ULZ1	APLN Hsap	biolink:Gene	NCBITaxon:9606
UniProtKB:Q96FW1	OTUB1 Hsap	biolink:Gene	NCBITaxon:9606
UniProtKB:P51668	UBE2D1 Hsap	biolink:Gene	NCBITaxon:9606
UniProtKB:Q9H3Y6	SRMS Hsap	biolink:Gene	NCBITaxon:9606
MGI:MGI:107363	Stxbp1 Mmus	biolink:Gene	NCBITaxon:10090
MGI:MGI:3051532	Unc13a Mmus	biolink:Gene	NCBITaxon:10090
MGI:MGI:109355	Stx1a Mmus	biolink:Gene	NCBITaxon:10090
MGI:MGI:1313277	Vamp2 Mmus	biolink:Gene	NCBITaxon:10090
MGI:MGI:95610	Gabpa Mmus	biolink:Gene	NCBITaxon:10090
MGI:MGI:87894	Chrne Mmus	biolink:Gene	NCBITaxon:10090
UniProtKB:Q9UM11	FZR1 Hsap	biolink:Gene	NCBITaxon:9606
UniProtKB:P04183	TK1 Hsap	biolink:Gene	NCBITaxon:9606
GO:0016602	CCAAT-binding factor complex	biolink:Gene	NCBITaxon:9606
obo:go/extensions/reacto.owl#REACTO_R-HSA-975995	ITCH	biolink:Gene	NCBITaxon:9606
UniProtKB:Q02750	MAP2K1 Hsap	biolink:Gene	NCBITaxon:9606
UniProtKB:P46940	IQGAP1 Hsap	biolink:Gene	NCBITaxon:9606
UniProtKB:P15056	BRAF Hsap	biolink:Gene	NCBITaxon:9606
UniProtKB:Q9H672	ASB7 Hsap	biolink:Gene	NCBITaxon:9606
obo:go/extensions/reacto.owl#REACTO_R-HSA-5357514	EXO1	biolink:Gene	NCBITaxon:9606
UniProtKB:P35367	HRH1 Hsap	biolink:Gene	NCBITaxon:9606
MGI:MGI:102463	Nfatc2 Mmus	biolink:Gene	NCBITaxon:10090
MGI:MGI:1349444	Haao Mmus	biolink:Gene	NCBITaxon:10090
MGI:MGI:1914625	Qprt Mmus	biolink:Gene	NCBITaxon:10090
UniProtKB:Q86XR7	TICAM2 Hsap	biolink:Gene	NCBITaxon:9606
UniProtKB:Q8IUC6	TICAM1 Hsap	biolink:Gene	NCBITaxon:9606
UniProtKB:Q13114	TRAF3 Hsap	biolink:Gene	NCBITaxon:9606
UniProtKB:P98172	EFNB1 Hsap	biolink:Gene	NCBITaxon:9606
UniProtKB:P29323	EPHB2 Hsap	biolink:Gene	NCBITaxon:9606
UniProtKB:Q8IYX1	TBC1D21 Hsap	biolink:Gene	NCBITaxon:9606
UniProtKB:P61026	RAB10 Hsap	biolink:Gene	NCBITaxon:9606
UniProtKB:P47224	RABIF Hsap	biolink:Gene	NCBITaxon:9606
UniProtKB:Q5VZ89	DENND4C Hsap	biolink:Gene	NCBITaxon:9606
UniProtKB:P50395	GDI2 Hsap	biolink:Gene	NCBITaxon:9606
UniProtKB:P31150	GDI1 Hsap	biolink:Gene	NCBITaxon:9606
obo:go/extensions/reacto.owl#REACTO_R-HSA-210416	Astrocytic EAATs	biolink:Gene	NCBITaxon:9606
obo:go/extensions/reacto.owl#REACTO_R-HSA-70604	GLUL decamer	biolink:Gene	NCBITaxon:9606
obo:go/extensions/reacto.owl#REACTO_R-HSA-374018	Mitochondrial ornithine transporters	biolink:Gene	NCBITaxon:9606
obo:go/extensions/reacto.owl#REACTO_R-HSA-70639	OAT hexamer	biolink:Gene	NCBITaxon:9606
obo:go/extensions/reacto.owl#REACTO_R-HSA-2993804	Btn-PC	biolink:Gene	NCBITaxon:9606
UniProtKB:P01137	TGFB1 Hsap	biolink:Gene	NCBITaxon:9606
UniProtKB:Q12899	TRIM26 Hsap	biolink:Gene	NCBITaxon:9606
UniProtKB:P01106	MYC Hsap	biolink:Gene	NCBITaxon:9606
GO:0032301	MutSalpha complex	biolink:Gene	NCBITaxon:9606
obo:go/extensions/reacto.owl#REACTO_R-HSA-71545	AGL	biolink:Gene	NCBITaxon:9606
obo:go/extensions/reacto.owl#REACTO_R-HSA-71586	PYGL dimer a form	biolink:Gene	NCBITaxon:9606
obo:go/extensions/reacto.owl#REACTO_R-HSA-453340	active PYGM and PYGB dimers	biolink:Gene	NCBITaxon:9606
obo:go/extensions/reacto.owl#REACTO_R-HSA-70356	GALT	biolink:Gene	NCBITaxon:9606
obo:go/extensions/reacto.owl#REACTO_R-HSA-70218	PGM1:Mg2+	biolink:Gene	NCBITaxon:9606
obo:go/extensions/reacto.owl#REACTO_R-HSA-372871	GAPDH tetramers	biolink:Gene	NCBITaxon:9606
obo:go/extensions/reacto.owl#REACTO_R-HSA-71520	phosphorylase kinase complex (PHKM)	biolink:Gene	NCBITaxon:9606
obo:go/extensions/reacto.owl#REACTO_R-HSA-71534	phosphorylase kinase complex (PHKL)	biolink:Gene	NCBITaxon:9606
obo:go/extensions/reacto.owl#REACTO_R-HSA-5600681	C3PO	biolink:Gene	NCBITaxon:9606
obo:go/extensions/reacto.owl#REACTO_R-HSA-209723	AGO2	biolink:Gene	NCBITaxon:9606
UniProtKB:Q5JTZ9	AARS2 Hsap	biolink:Gene	NCBITaxon:9606
UniProtKB:Q9UJV3	MID2 Hsap	biolink:Gene	NCBITaxon:9606
UniProtKB:Q5S007	LRRK2 Hsap	biolink:Gene	NCBITaxon:9606
UniProtKB:O14966	RAB29 Hsap	biolink:Gene	NCBITaxon:9606
UniProtKB:P07550	ADRB2 Hsap	biolink:Gene	NCBITaxon:9606
UniProtKB:Q13177	PAK2 Hsap	biolink:Gene	NCBITaxon:9606
UniProtKB:Q92851	CASP10 Hsap	biolink:Gene	NCBITaxon:9606
obo:go/extensions/reacto.owl#REACTO_R-HSA-8853668	MAN2B1:Zn2+	biolink:Gene	NCBITaxon:9606
obo:go/extensions/reacto.owl#REACTO_R-HSA-6799591	MAN2B2:Zn2+	biolink:Gene	NCBITaxon:9606
obo:go/extensions/reacto.owl#REACTO_R-HSA-8853711	MANBA	biolink:Gene	NCBITaxon:9606
UniProtKB:Q6WB96	M2 NCBITaxon:694067	biolink:Gene	NCBITaxon:9606
UniProtKB:Q92985	IRF7 Hsap	biolink:Gene	NCBITaxon:9606
UniProtKB:Q9NR96	TLR9 Hsap	biolink:Gene	NCBITaxon:9606
UniProtKB:Q9BQ95	ECSIT Hsap	biolink:Gene	NCBITaxon:9606
UniProtKB:Q92478	CLEC2B Hsap	biolink:Gene	NCBITaxon:9606
UniProtKB:Q9NZS2	KLRF1 Hsap	biolink:Gene	NCBITaxon:9606
UniProtKB:P48551	IFNAR2 Hsap	biolink:Gene	NCBITaxon:9606
UniProtKB:P01570	IFNA14 Hsap	biolink:Gene	NCBITaxon:9606
UniProtKB:Q9BXC1	GPR174 Hsap	biolink:Gene	NCBITaxon:9606
UniProtKB:Q86XE3	MICU3 Hsap	biolink:Gene	NCBITaxon:9606
UniProtKB:P08047	SP1 Hsap	biolink:Gene	NCBITaxon:9606
UniProtKB:P32929	CTH Hsap	biolink:Gene	NCBITaxon:9606
UniProtKB:Q32ZE1	Q32ZE1 ZIKV	biolink:Gene	NCBITaxon:9606
UniProtKB:A7E2V4	ZSWIM8 Hsap	biolink:Gene	NCBITaxon:9606
UniProtKB:Q92835	INPP5D Hsap	biolink:Gene	NCBITaxon:9606
UniProtKB:P42338	PIK3CB Hsap	biolink:Gene	NCBITaxon:9606
obo:go/extensions/reacto.owl#REACTO_R-HSA-5578802	DMPK dimer	biolink:Gene	NCBITaxon:9606
obo:go/extensions/reacto.owl#REACTO_R-HSA-418312	ATP2A1-3	biolink:Gene	NCBITaxon:9606
obo:go/extensions/reacto.owl#REACTO_R-HSA-1236915	TAP	biolink:Gene	NCBITaxon:9606
obo:go/extensions/reacto.owl#REACTO_R-HSA-8939794	Unknown hydrolase	biolink:Gene	NCBITaxon:9606
obo:go/extensions/reacto.owl#REACTO_R-HSA-1236927	Translocon	biolink:Gene	NCBITaxon:9606
UniProtKB:Q96P70	IPO9 Hsap	biolink:Gene	NCBITaxon:9606
GO:0005839	proteasome core complex	biolink:Gene	NCBITaxon:9606
UniProtKB:Q53H80	AKIRIN2 Hsap	biolink:Gene	NCBITaxon:9606
obo:go/extensions/reacto.owl#REACTO_R-HSA-442619	PAK1/3, 2	biolink:Gene	NCBITaxon:9606
obo:go/extensions/reacto.owl#REACTO_R-HSA-3928484	p-PAK1/3, 2	biolink:Gene	NCBITaxon:9606
MGI:MGI:101910	F2rl1 Mmus	biolink:Gene	NCBITaxon:10090
MGI:MGI:1097165	Nrg3 Mmus	biolink:Gene	NCBITaxon:10090
obo:go/extensions/reacto.owl#REACTO_R-HSA-3000318	p-T210-PLK1	biolink:Gene	NCBITaxon:9606
obo:go/extensions/reacto.owl#REACTO_R-HSA-1299435	TAZ	biolink:Gene	NCBITaxon:9606
obo:go/extensions/reacto.owl#REACTO_R-HSA-1524100	HADH octamer	biolink:Gene	NCBITaxon:9606
obo:go/extensions/reacto.owl#REACTO_R-HSA-1524095	PLA2G4A:Ca2+	biolink:Gene	NCBITaxon:9606
obo:go/extensions/reacto.owl#REACTO_R-HSA-1524076	iPLA2	biolink:Gene	NCBITaxon:9606
obo:go/extensions/reacto.owl#REACTO_R-HSA-1498783	LCLAT1	biolink:Gene	NCBITaxon:9606
obo:go/extensions/reacto.owl#REACTO_R-HSA-1500656	PISD:Pyruvoyl	biolink:Gene	NCBITaxon:9606
GO:0071986	Ragulator complex	biolink:Gene	NCBITaxon:9606
UniProtKB:Q13309	SKP2 Hsap	biolink:Gene	NCBITaxon:9606
UniProtKB:Q6NYC1	JMJD6 Hsap	biolink:Gene	NCBITaxon:9606
UniProtKB:Q6ZQX7	LIAT1 Hsap	biolink:Gene	NCBITaxon:9606
MGI:MGI:107504	Gip Mmus	biolink:Gene	NCBITaxon:10090
MGI:MGI:1352753	Gipr Mmus	biolink:Gene	NCBITaxon:10090
UniProtKB:Q9Y6B6	SAR1B Hsap	biolink:Gene	NCBITaxon:9606
UniProtKB:P10909	CLU Hsap	biolink:Gene	NCBITaxon:9606
UniProtKB:O15084	ANKRD28 Hsap	biolink:Gene	NCBITaxon:9606
UniProtKB:Q96S21	RAB40C Hsap	biolink:Gene	NCBITaxon:9606
UniProtKB:O00451	GFRA2 Hsap	biolink:Gene	NCBITaxon:9606
UniProtKB:Q99748	NRTN Hsap	biolink:Gene	NCBITaxon:9606
GO:0070442	integrin alphaIIb-beta3 complex	biolink:Gene	NCBITaxon:9606
UniProtKB:Q96PU5	NEDD4L Hsap	biolink:Gene	NCBITaxon:9606
obo:go/extensions/reacto.owl#REACTO_R-HSA-1604613	MIPP	biolink:Gene	NCBITaxon:9606
MGI:MGI:1920501	Setd7 Mmus	biolink:Gene	NCBITaxon:10090
MGI:MGI:1922815	Sgf29 Mmus	biolink:Gene	NCBITaxon:10090
MGI:MGI:1919202	Riox1 Mmus	biolink:Gene	NCBITaxon:10090
MGI:MGI:2442261	Cgas Mmus	biolink:Gene	NCBITaxon:10090
UniProtKB:P11309	PIM1 Hsap	biolink:Gene	NCBITaxon:9606
UniProtKB:P46379	BAG6 Hsap	biolink:Gene	NCBITaxon:9606
UniProtKB:Q8TDY2	RB1CC1 Hsap	biolink:Gene	NCBITaxon:9606
UniProtKB:Q9BYW2	SETD2 Hsap	biolink:Gene	NCBITaxon:9606
UniProtKB:Q9BXN2	CLEC7A Hsap	biolink:Gene	NCBITaxon:9606
UniProtKB:Q9H257	CARD9 Hsap	biolink:Gene	NCBITaxon:9606
UniProtKB:O95999	BCL10 Hsap	biolink:Gene	NCBITaxon:9606
UniProtKB:Q9UDY8	MALT1 Hsap	biolink:Gene	NCBITaxon:9606
UniProtKB:Q9Y4E8	USP15 Hsap	biolink:Gene	NCBITaxon:9606
UniProtKB:Q9BVG3	TRIM62 Hsap	biolink:Gene	NCBITaxon:9606
UniProtKB:Q8N5B7	CERS5 Hsap	biolink:Gene	NCBITaxon:9606
UniProtKB:Q16739	UGCG Hsap	biolink:Gene	NCBITaxon:9606
UniProtKB:P08913	ADRA2A Hsap	biolink:Gene	NCBITaxon:9606
UniProtKB:Q15042	RAB3GAP1 Hsap	biolink:Gene	NCBITaxon:9606
UniProtKB:Q9NP72	RAB18 Hsap	biolink:Gene	NCBITaxon:9606
UniProtKB:Q96BZ9	TBC1D20 Hsap	biolink:Gene	NCBITaxon:9606
MGI:MGI:96623	Itpr1 Mmus	biolink:Gene	NCBITaxon:10090
MGI:MGI:2441731	Ffar2 Mmus	biolink:Gene	NCBITaxon:10090
UniProtKB:O00629	KPNA4 Hsap	biolink:Gene	NCBITaxon:9606
obo:go/extensions/reacto.owl#REACTO_R-HSA-2990877	Cathepsin G	biolink:Gene	NCBITaxon:9606
obo:go/extensions/reacto.owl#REACTO_R-HSA-2022357	ENPEP:Zn2+ dimer	biolink:Gene	NCBITaxon:9606
obo:go/extensions/reacto.owl#REACTO_R-HSA-2022344	ACE2	biolink:Gene	NCBITaxon:9606
obo:go/extensions/reacto.owl#REACTO_R-HSA-2990850	Renin	biolink:Gene	NCBITaxon:9606
obo:go/extensions/reacto.owl#REACTO_R-HSA-2065414	ACE_HUMAN	biolink:Gene	NCBITaxon:9606
obo:go/extensions/reacto.owl#REACTO_R-HSA-708327	CMA1	biolink:Gene	NCBITaxon:9606
obo:go/extensions/reacto.owl#REACTO_R-HSA-3229246	Carboxypeptidase B	biolink:Gene	NCBITaxon:9606
obo:go/extensions/reacto.owl#REACTO_R-HSA-508496	ACE	biolink:Gene	NCBITaxon:9606
obo:go/extensions/reacto.owl#REACTO_R-HSA-2022345	CTSZ	biolink:Gene	NCBITaxon:9606
obo:go/extensions/reacto.owl#REACTO_R-HSA-9727395	MME:Zn2+	biolink:Gene	NCBITaxon:9606
obo:go/extensions/reacto.owl#REACTO_R-HSA-2022352	REN	biolink:Gene	NCBITaxon:9606
obo:go/extensions/reacto.owl#REACTO_R-HSA-2065391	REN	biolink:Gene	NCBITaxon:9606
obo:go/extensions/reacto.owl#REACTO_R-HSA-2022361	ANPEP:Zn2+ dimer	biolink:Gene	NCBITaxon:9606
obo:go/extensions/reacto.owl#REACTO_R-HSA-5696462	BDH2 tetramer	biolink:Gene	NCBITaxon:9606
obo:go/extensions/reacto.owl#REACTO_R-HSA-5694468	AACS	biolink:Gene	NCBITaxon:9606
obo:go/extensions/reacto.owl#REACTO_R-HSA-74264	HMGCL dimer	biolink:Gene	NCBITaxon:9606
obo:go/extensions/reacto.owl#REACTO_R-HSA-56573	HMGCS2	biolink:Gene	NCBITaxon:9606
obo:go/extensions/reacto.owl#REACTO_R-HSA-5696385	ACSS3	biolink:Gene	NCBITaxon:9606
obo:go/extensions/reacto.owl#REACTO_R-HSA-158770	Plasmin	biolink:Gene	NCBITaxon:9606
obo:go/extensions/reacto.owl#REACTO_R-HSA-4127463	SERPINE1-like proteins	biolink:Gene	NCBITaxon:9606
obo:go/extensions/reacto.owl#REACTO_R-HSA-158928	PLAU(21-177):PLAU(179-431)	biolink:Gene	NCBITaxon:9606
obo:go/extensions/reacto.owl#REACTO_R-HSA-4127462	SERPINE1-like proteins	biolink:Gene	NCBITaxon:9606
obo:go/extensions/reacto.owl#REACTO_R-HSA-2990857	SERPINB2,6,8	biolink:Gene	NCBITaxon:9606
obo:go/extensions/reacto.owl#REACTO_R-HSA-158945	uPA	biolink:Gene	NCBITaxon:9606
obo:go/extensions/reacto.owl#REACTO_R-HSA-158760	tissue plasminogen activator (two-chain)	biolink:Gene	NCBITaxon:9606
obo:go/extensions/reacto.owl#REACTO_R-HSA-141760	SERPINF2	biolink:Gene	NCBITaxon:9606
obo:go/extensions/reacto.owl#REACTO_R-HSA-158754	PLAT	biolink:Gene	NCBITaxon:9606
UniProtKB:Q9H0P0	NT5C3A Hsap	biolink:Gene	NCBITaxon:9606
UniProtKB:P32320	CDA Hsap	biolink:Gene	NCBITaxon:9606
UniProtKB:P01275	GCG Hsap	biolink:Gene	NCBITaxon:9606
UniProtKB:P04075	ALDOA Hsap	biolink:Gene	NCBITaxon:9606
UniProtKB:Q86SM8	MRGPRE Hsap	biolink:Gene	NCBITaxon:9606
UniProtKB:O00626	CCL22 Hsap	biolink:Gene	NCBITaxon:9606
UniProtKB:Q7Z434-1	MAVS Hsap	biolink:Gene	NCBITaxon:9606
UniProtKB:P0DTD1-PRO_0000449621	nsp3 Scov2	biolink:Gene	NCBITaxon:9606
UniProtKB:P0DTD1-PRO_0000449633	nsp16 Scov2	biolink:Gene	NCBITaxon:9606
UniProtKB:P0DTD1-PRO_0000449619	nsp1 Scov2	biolink:Gene	NCBITaxon:9606
UniProtKB:P0DTC6	ORF6 Scov2	biolink:Gene	NCBITaxon:9606
UniProtKB:P0DTD1-PRO_0000449629	nsp12 Scov2	biolink:Gene	NCBITaxon:9606
UniProtKB:Q13114-2	TRAF3 Hsap	biolink:Gene	NCBITaxon:9606
UniProtKB:P0DTD1-PRO_0000449624	nsp6 Scov2	biolink:Gene	NCBITaxon:9606
UniProtKB:O95786-2	RIGI Hsap	biolink:Gene	NCBITaxon:9606
UniProtKB:P0DTD2	ORF9b Scov2	biolink:Gene	NCBITaxon:9606
UniProtKB:O94826	TOMM70 Hsap	biolink:Gene	NCBITaxon:9606
UniProtKB:P0DTC9	N protein Scov2	biolink:Gene	NCBITaxon:9606
UniProtKB:P0DTD1-PRO_0000449630	nsp13 Scov2	biolink:Gene	NCBITaxon:9606
UniProtKB:P0DTC5	M protein Scov2	biolink:Gene	NCBITaxon:9606
obo:go/extensions/reacto.owl#REACTO_R-HSA-549151	lipins	biolink:Gene	NCBITaxon:9606
obo:go/extensions/reacto.owl#REACTO_R-HSA-200109	DGAT1 tetramer	biolink:Gene	NCBITaxon:9606
obo:go/extensions/reacto.owl#REACTO_R-HSA-549188	DGAT2	biolink:Gene	NCBITaxon:9606
UniProtKB:P09382	LGALS1 Hsap	biolink:Gene	NCBITaxon:9606
UniProtKB:Q07108	CD69 Hsap	biolink:Gene	NCBITaxon:9606
obo:go/extensions/reacto.owl#REACTO_R-HSA-191371	LSS	biolink:Gene	NCBITaxon:9606
obo:go/extensions/reacto.owl#REACTO_R-HSA-194721	CYP51A1	biolink:Gene	NCBITaxon:9606
obo:go/extensions/reacto.owl#REACTO_R-HSA-194019	CYP11B2	biolink:Gene	NCBITaxon:9606
obo:go/extensions/reacto.owl#REACTO_R-HSA-194028	CYP21A2	biolink:Gene	NCBITaxon:9606
obo:go/extensions/reacto.owl#REACTO_R-HSA-193137	CYP19A1	biolink:Gene	NCBITaxon:9606
obo:go/extensions/reacto.owl#REACTO_R-HSA-8851222	ENTPD4:Ca2+	biolink:Gene	NCBITaxon:9606
obo:go/extensions/reacto.owl#REACTO_R-HSA-8850845	NTPDase1:Ca2+,Mg2+	biolink:Gene	NCBITaxon:9606
obo:go/extensions/reacto.owl#REACTO_R-HSA-8851367	ENTPD5:Ca2+,Mg2+	biolink:Gene	NCBITaxon:9606
obo:go/extensions/reacto.owl#REACTO_R-HSA-8851105	ENTPD3:Ca2+,Mg2+	biolink:Gene	NCBITaxon:9606
obo:go/extensions/reacto.owl#REACTO_R-HSA-8851542	ENTPD8:Ca2+,Mg2+	biolink:Gene	NCBITaxon:9606
UniProtKB:Q9ULK0	GRID1 Hsap	biolink:Gene	NCBITaxon:9606
UniProtKB:P05129	PRKCG Hsap	biolink:Gene	NCBITaxon:9606
UniProtKB:Q14934-12	NFATC4 Hsap	biolink:Gene	NCBITaxon:9606
obo:go/extensions/reacto.owl#REACTO_R-HSA-57033	CASP-9	biolink:Gene	NCBITaxon:9606
UniProtKB:O60896	RAMP3 Hsap	biolink:Gene	NCBITaxon:9606
obo:go/extensions/reacto.owl#REACTO_R-HSA-2892443	SYK/p-LYN	biolink:Gene	NCBITaxon:9606
UniProtKB:O75943	RAD17 Hsap	biolink:Gene	NCBITaxon:9606
UniProtKB:Q9Y228	TRAF3IP3 Hsap	biolink:Gene	NCBITaxon:9606
obo:go/extensions/reacto.owl#REACTO_R-HSA-5682859	DNA DSBs:p-MRN:p-S1981,Ac-K3016-ATM:KAT5:p-S139-H2AFX,Me2K21-HIST1H4A-Nucleosome:p-5T-MDC1:KDM4A,B:p-S102-WHSC1:RNF8:Zn2+:SUMO1:p-T4827-HERC2:UBE2N:UBE2V2:RNF168:PIAS4	biolink:Gene	NCBITaxon:9606
obo:go/extensions/reacto.owl#REACTO_R-HSA-5682861	DNA DSBs:p-MRN:p-S1981,Ac-K3016-ATM:KAT5:K63PolyUb-K14,K16,p-S139-H2AFX,Me2K21-HIST1H4A-Nucleosome:p-5T-MDC1:KDM4A,B:p-S102-WHSC1:RNF8:Zn2+:SUMO1:p-T4827-HERC2:UBE2N:UBE2V2:RNF168:PIAS4	biolink:Gene	NCBITaxon:9606
obo:go/extensions/reacto.owl#REACTO_R-HSA-5683410	PPP5C	biolink:Gene	NCBITaxon:9606
obo:go/extensions/reacto.owl#REACTO_R-HSA-1183215	NSD2	biolink:Gene	NCBITaxon:9606
obo:go/extensions/reacto.owl#REACTO_R-HSA-5683980	p-EYA1-4	biolink:Gene	NCBITaxon:9606
obo:go/extensions/reacto.owl#REACTO_R-HSA-9619954	p-T359,S363,T573-RSK	biolink:Gene	NCBITaxon:9606
obo:go/extensions/reacto.owl#REACTO_R-HSA-9619866	PDPK1:PIP3,PDPK1:PIP2	biolink:Gene	NCBITaxon:9606
UniProtKB:P15170	GSPT1 Hsap	biolink:Gene	NCBITaxon:9606
UniProtKB:P62495	ETF1 Hsap	biolink:Gene	NCBITaxon:9606
obo:go/extensions/reacto.owl#REACTO_R-HSA-525814	CACNA1D	biolink:Gene	NCBITaxon:9606
obo:go/extensions/reacto.owl#REACTO_R-HSA-9662113	AT2B2_HUMAN	biolink:Gene	NCBITaxon:9606
obo:go/extensions/reacto.owl#REACTO_R-HSA-9658856	MET channel	biolink:Gene	NCBITaxon:9606
obo:go/extensions/reacto.owl#REACTO_R-HSA-418301	PMCA1	biolink:Gene	NCBITaxon:9606
obo:go/extensions/reacto.owl#REACTO_R-HSA-418462	KCNMA1	biolink:Gene	NCBITaxon:9606
obo:go/extensions/reacto.owl#REACTO_R-HSA-9659553	KCNQ4 tetramer	biolink:Gene	NCBITaxon:9606
UniProtKB:Q9GZQ6	NPFFR1 Hsap	biolink:Gene	NCBITaxon:9606
UniProtKB:Q9HCQ7	NPVF Hsap	biolink:Gene	NCBITaxon:9606
UniProtKB:P13861-1	PRKAR2A Hsap	biolink:Gene	NCBITaxon:9606
UniProtKB:Q08493	PDE4C Hsap	biolink:Gene	NCBITaxon:9606
UniProtKB:P17612-1	PRKACA Hsap	biolink:Gene	NCBITaxon:9606
UniProtKB:P55061	TMBIM6 Hsap	biolink:Gene	NCBITaxon:9606
UniProtKB:O75460	ERN1 Hsap	biolink:Gene	NCBITaxon:9606
UniProtKB:P17861	XBP1 Hsap	biolink:Gene	NCBITaxon:9606
UniProtKB:Q9NZS9	BFAR Hsap	biolink:Gene	NCBITaxon:9606
UniProtKB:Q16654	PDK4 Hsap	biolink:Gene	NCBITaxon:9606
UniProtKB:Q15760	GPR19 Hsap	biolink:Gene	NCBITaxon:9606
UniProtKB:Q6UWT2	ENHO Hsap	biolink:Gene	NCBITaxon:9606
obo:go/extensions/reacto.owl#REACTO_R-HSA-9624892	SUMO1:RANGAP1 homodimer	biolink:Gene	NCBITaxon:9606
obo:go/extensions/reacto.owl#REACTO_R-HSA-198276	PKC-delta/epsilon	biolink:Gene	NCBITaxon:9606
UniProtKB:P78527	PRKDC Hsap	biolink:Gene	NCBITaxon:9606
UniProtKB:Q5VWK5	IL23R Hsap	biolink:Gene	NCBITaxon:9606
UniProtKB:P42701	IL12RB1 Hsap	biolink:Gene	NCBITaxon:9606
UniProtKB:Q14765	STAT4 Hsap	biolink:Gene	NCBITaxon:9606
ComplexPortal:CPX-3290	interleukin-23_human Hsap	biolink:Gene	NCBITaxon:9606
MGI:MGI:1922658	Dph3 Mmus	biolink:Gene	NCBITaxon:10090
GO:0120513	2-(3-amino-3-carboxypropyl)histidine synthase complex	biolink:Gene	NCBITaxon:10090
MGI:MGI:1919522	Dnajc24 Mmus	biolink:Gene	NCBITaxon:10090
UniProtKB:Q9HC73	CRLF2 Hsap	biolink:Gene	NCBITaxon:9606
UniProtKB:O75376	NCOR1 Hsap	biolink:Gene	NCBITaxon:9606
UniProtKB:P20393	NR1D1 Hsap	biolink:Gene	NCBITaxon:9606
UniProtKB:Q14995	NR1D2 Hsap	biolink:Gene	NCBITaxon:9606
UniProtKB:P10221	UL37 HHV11	biolink:Gene	NCBITaxon:9606
UniProtKB:Q96PP8	GBP5 Hsap	biolink:Gene	NCBITaxon:9606
UniProtKB:P09958	FURIN Hsap	biolink:Gene	NCBITaxon:9606
UniProtKB:P04578	env NCBITaxon:11706	biolink:Gene	NCBITaxon:9606
UniProtKB:P32456	GBP2 Hsap	biolink:Gene	NCBITaxon:9606
MGI:MGI:1860456	Pck2 Mmus	biolink:Gene	NCBITaxon:10090
MGI:MGI:1921435	Gbe1 Mmus	biolink:Gene	NCBITaxon:10090
MGI:MGI:1858229	Ppp1r3c Mmus	biolink:Gene	NCBITaxon:10090
MGI:MGI:2385254	Gys2 Mmus	biolink:Gene	NCBITaxon:10090
MGI:MGI:101805	Gys1 Mmus	biolink:Gene	NCBITaxon:10090
MGI:MGI:1341085	Epm2a Mmus	biolink:Gene	NCBITaxon:10090
MGI:MGI:1351614	Gyg1 Mmus	biolink:Gene	NCBITaxon:10090
MGI:MGI:2145264	Nhlrc1 Mmus	biolink:Gene	NCBITaxon:10090
obo:go/extensions/reacto.owl#REACTO_R-HSA-6814775	GDE7	biolink:Gene	NCBITaxon:9606
obo:go/extensions/reacto.owl#REACTO_R-HSA-6814136	GDE2	biolink:Gene	NCBITaxon:9606
obo:go/extensions/reacto.owl#REACTO_R-HSA-1498821	NTE	biolink:Gene	NCBITaxon:9606
obo:go/extensions/reacto.owl#REACTO_R-HSA-6814769	GDE4	biolink:Gene	NCBITaxon:9606
obo:go/extensions/reacto.owl#REACTO_R-HSA-480310	KAT6A	biolink:Gene	NCBITaxon:9606
obo:go/extensions/reacto.owl#REACTO_R-HSA-6805654	MTA2-NuRD complex	biolink:Gene	NCBITaxon:9606
MGI:MGI:2443815	Stxbp5l Mmus	biolink:Gene	NCBITaxon:10090
MGI:MGI:104563	Napa Mmus	biolink:Gene	NCBITaxon:10090
MGI:MGI:2152971	Rims1 Mmus	biolink:Gene	NCBITaxon:10090
UniProtKB:O15455	TLR3 Hsap	biolink:Gene	NCBITaxon:9606
UniProtKB:O75382	TRIM3 Hsap	biolink:Gene	NCBITaxon:9606
UniProtKB:Q8NB14	USP38 Hsap	biolink:Gene	NCBITaxon:9606
UniProtKB:Q96MN2	NLRP4 Hsap	biolink:Gene	NCBITaxon:9606
UniProtKB:P40933	IL15 Hsap	biolink:Gene	NCBITaxon:9606
UniProtKB:Q13261	IL15RA Hsap	biolink:Gene	NCBITaxon:9606
UniProtKB:P14784	IL2RB Hsap	biolink:Gene	NCBITaxon:9606
obo:go/extensions/reacto.owl#REACTO_R-HSA-192480	dimerized CEL:bile salt complex	biolink:Gene	NCBITaxon:9606
obo:go/extensions/reacto.owl#REACTO_R-HSA-265453	NPC1L1-1	biolink:Gene	NCBITaxon:9606
UniProtKB:Q9Y5U4	INSIG2 Hsap	biolink:Gene	NCBITaxon:9606
UniProtKB:Q14703	MBTPS1 Hsap	biolink:Gene	NCBITaxon:9606
UniProtKB:P35558	PCK1 Hsap	biolink:Gene	NCBITaxon:9606
obo:go/extensions/reacto.owl#REACTO_R-HSA-173537	SMURF2	biolink:Gene	NCBITaxon:9606
UniProtKB:P49802	RGS7 Hsap	biolink:Gene	NCBITaxon:9606
UniProtKB:Q16581	C3AR1 Hsap	biolink:Gene	NCBITaxon:9606
UniProtKB:Q13393	PLD1 Hsap	biolink:Gene	NCBITaxon:9606
UniProtKB:Q5T0W9	FAM83B Hsap	biolink:Gene	NCBITaxon:9606
UniProtKB:P01133-3	EGF Hsap	biolink:Gene	NCBITaxon:9606
obo:go/extensions/reacto.owl#REACTO_R-HSA-1638063	GNS	biolink:Gene	NCBITaxon:9606
obo:go/extensions/reacto.owl#REACTO_R-HSA-3229251	BGAL	biolink:Gene	NCBITaxon:9606
obo:go/extensions/reacto.owl#REACTO_R-HSA-1793214	keratan sulfate 1,4-beta-D-galactosidase	biolink:Gene	NCBITaxon:9606
obo:go/extensions/reacto.owl#REACTO_R-HSA-1630327		biolink:Gene	NCBITaxon:9606
UniProtKB:Q13976	PRKG1 Hsap	biolink:Gene	NCBITaxon:9606
UniProtKB:P16860	NPPB Hsap	biolink:Gene	NCBITaxon:9606
MGI:MGI:1913672	Dctpp1 Mmus	biolink:Gene	NCBITaxon:10090
MGI:MGI:98181	Rrm2 Mmus	biolink:Gene	NCBITaxon:10090
MGI:MGI:98180	Rrm1 Mmus	biolink:Gene	NCBITaxon:10090
MGI:MGI:97805	Ptpn1 Mmus	biolink:Gene	NCBITaxon:10090
MGI:MGI:88562	Ctsd Mmus	biolink:Gene	NCBITaxon:10090
GO:0033180	proton-transporting V-type ATPase, V1 domain	biolink:Gene	NCBITaxon:10090
MGI:MGI:1202296	Sorl1 Mmus	biolink:Gene	NCBITaxon:10090
MGI:MGI:109629	Atp6ap1 Mmus	biolink:Gene	NCBITaxon:10090
MGI:MGI:96412	Ide Mmus	biolink:Gene	NCBITaxon:10090
UniProtKB:P04487	US11 HHV11	biolink:Gene	NCBITaxon:9606
MGI:MGI:1343327	Klk8 Mmus	biolink:Gene	NCBITaxon:10090
MGI:MGI:87995	Aldob Mmus	biolink:Gene	NCBITaxon:10090
MGI:MGI:1347050	Aldh1a7 Mmus	biolink:Gene	NCBITaxon:10090
MGI:MGI:1353450	Aldh1a1 Mmus	biolink:Gene	NCBITaxon:10090
MGI:MGI:2444085	Glyctk Mmus	biolink:Gene	NCBITaxon:10090
MGI:MGI:1096353	Khk Mmus	biolink:Gene	NCBITaxon:10090
MGI:MGI:109359	Nek2 Mmus	biolink:Gene	NCBITaxon:10090
UniProtKB:O43424	GRID2 Hsap	biolink:Gene	NCBITaxon:9606
UniProtKB:Q13255	GRM1 Hsap	biolink:Gene	NCBITaxon:9606
GO:0070765	gamma-secretase complex	biolink:Gene	NCBITaxon:10090
MGI:MGI:1860440	Bace2 Mmus	biolink:Gene	NCBITaxon:10090
obo:go/extensions/reacto.owl#REACTO_R-HSA-72500	80S ribosome	biolink:Gene	NCBITaxon:9606
UniProtKB:Q15118	PDK1 Hsap	biolink:Gene	NCBITaxon:9606
UniProtKB:Q13370	PDE3B Hsap	biolink:Gene	NCBITaxon:9606
obo:go/extensions/reacto.owl#REACTO_R-HSA-6803808	AMDHD2	biolink:Gene	NCBITaxon:9606
obo:go/extensions/reacto.owl#REACTO_R-HSA-771697	2xGNPNAT1	biolink:Gene	NCBITaxon:9606
obo:go/extensions/reacto.owl#REACTO_R-HSA-532205	GFPT1,2	biolink:Gene	NCBITaxon:9606
obo:go/extensions/reacto.owl#REACTO_R-HSA-532217	PGM3	biolink:Gene	NCBITaxon:9606
obo:go/extensions/reacto.owl#REACTO_R-HSA-6803782	RENBP dimer	biolink:Gene	NCBITaxon:9606
obo:go/extensions/reacto.owl#REACTO_R-HSA-6803750	NAGK dimer	biolink:Gene	NCBITaxon:9606
obo:go/extensions/reacto.owl#REACTO_R-HSA-5661266	KGPDC	biolink:Gene	NCBITaxon:9606
obo:go/extensions/reacto.owl#REACTO_R-HSA-5660027	DCXR tetramer	biolink:Gene	NCBITaxon:9606
obo:go/extensions/reacto.owl#REACTO_R-HSA-5661289	CRYL1 dimer	biolink:Gene	NCBITaxon:9606
obo:go/extensions/reacto.owl#REACTO_R-HSA-5661253	AKR1A1	biolink:Gene	NCBITaxon:9606
UniProtKB:P07996	THBS1 Hsap	biolink:Gene	NCBITaxon:9606
UniProtKB:Q07021	C1QBP Hsap	biolink:Gene	NCBITaxon:9606
UniProtKB:Q08830	FGL1 Hsap	biolink:Gene	NCBITaxon:9606
obo:go/extensions/reacto.owl#REACTO_R-HSA-1475027	CA4,9,14,12:Zn2+	biolink:Gene	NCBITaxon:9606
obo:go/extensions/reacto.owl#REACTO_R-HSA-1475016	CA5A,B:Zinc	biolink:Gene	NCBITaxon:9606
obo:go/extensions/reacto.owl#REACTO_R-HSA-1475034	CA1,2,3,7,13:Zinc	biolink:Gene	NCBITaxon:9606
UniProtKB:O75581	LRP6 Hsap	biolink:Gene	NCBITaxon:9606
UniProtKB:P32245	MC4R Hsap	biolink:Gene	NCBITaxon:9606
obo:go/extensions/reacto.owl#REACTO_R-HSA-211064	Src family tyrosine kinases (SFKs)	biolink:Gene	NCBITaxon:9606
obo:go/extensions/reacto.owl#REACTO_R-HSA-1433526	p-VAV1:PIP3	biolink:Gene	NCBITaxon:9606
UniProtKB:P17362	OPG029 VACCW	biolink:Gene	NCBITaxon:9606
UniProtKB:Q92844	TANK Hsap	biolink:Gene	NCBITaxon:9606
obo:go/extensions/reacto.owl#REACTO_R-HSA-77279	ACADVL dimer	biolink:Gene	NCBITaxon:9606
obo:go/extensions/reacto.owl#REACTO_R-HSA-3341270	PRDX1	biolink:Gene	NCBITaxon:9606
obo:go/extensions/reacto.owl#REACTO_R-HSA-1028782	FUT8	biolink:Gene	NCBITaxon:9606
obo:go/extensions/reacto.owl#REACTO_R-HSA-5693805	FUCA1 tetramer	biolink:Gene	NCBITaxon:9606
obo:go/extensions/reacto.owl#REACTO_R-HSA-975821	MAN2:Zn2+	biolink:Gene	NCBITaxon:9606
obo:go/extensions/reacto.owl#REACTO_R-HSA-975830	MGAT2	biolink:Gene	NCBITaxon:9606
UniProtKB:P51685	CCR8 Hsap	biolink:Gene	NCBITaxon:9606
UniProtKB:P22362	CCL1 Hsap	biolink:Gene	NCBITaxon:9606
MGI:MGI:1930182	Nme3 Mmus	biolink:Gene	NCBITaxon:10090
UniProtKB:Q9UKB1	FBXW11 Hsap	biolink:Gene	NCBITaxon:9606
obo:go/extensions/reacto.owl#REACTO_R-HSA-5173031	POFUT2	biolink:Gene	NCBITaxon:9606
obo:go/extensions/reacto.owl#REACTO_R-HSA-5173226	B3GLTC	biolink:Gene	NCBITaxon:9606
obo:go/extensions/reacto.owl#REACTO_R-HSA-5220974	TET1,2,3	biolink:Gene	NCBITaxon:9606
obo:go/extensions/reacto.owl#REACTO_R-HSA-65812	TDG	biolink:Gene	NCBITaxon:9606
UniProtKB:O15049	N4BP3 Hsap	biolink:Gene	NCBITaxon:9606
UniProtKB:Q96LR5	UBE2E2 Hsap	biolink:Gene	NCBITaxon:9606
obo:go/extensions/reacto.owl#REACTO_R-HSA-5687515	POLQ homodimer	biolink:Gene	NCBITaxon:9606
obo:go/extensions/reacto.owl#REACTO_R-HSA-5649884	PARP1,PARP2 dimers	biolink:Gene	NCBITaxon:9606
MGI:MGI:2385311	Dlat Mmus	biolink:Gene	NCBITaxon:10090
MGI:MGI:1915240	Mpc1 Mmus	biolink:Gene	NCBITaxon:10090
MGI:MGI:106919	Vdac1 Mmus	biolink:Gene	NCBITaxon:10090
MGI:MGI:1917706	Mpc2 Mmus	biolink:Gene	NCBITaxon:10090
UniProtKB:Q9BSK4	FEM1A Hsap	biolink:Gene	NCBITaxon:9606
UniProtKB:P41279	MAP3K8 Hsap	biolink:Gene	NCBITaxon:9606
UniProtKB:Q9BZJ4	SLC25A39 Hsap	biolink:Gene	NCBITaxon:9606
UniProtKB:Q9Y4W6	AFG3L2 Hsap	biolink:Gene	NCBITaxon:9606
UniProtKB:Q9UJU2	LEF1 Hsap	biolink:Gene	NCBITaxon:9606
obo:go/extensions/reacto.owl#REACTO_R-HSA-429937	DCP2	biolink:Gene	NCBITaxon:9606
obo:go/extensions/reacto.owl#REACTO_R-HSA-429835	XRN1	biolink:Gene	NCBITaxon:9606
UniProtKB:Q8IYV9	IZUMO1 Hsap	biolink:Gene	NCBITaxon:9606
UniProtKB:A6ND01	IZUMO1R Hsap	biolink:Gene	NCBITaxon:9606
UniProtKB:W5XKT8	SPACA6 Hsap	biolink:Gene	NCBITaxon:9606
UniProtKB:Q6P7N7	TMEM81 Hsap	biolink:Gene	NCBITaxon:9606
obo:go/extensions/reacto.owl#REACTO_R-HSA-177125	xenobiotic/medium-chain fatty acid:CoA ligases	biolink:Gene	NCBITaxon:9606
obo:go/extensions/reacto.owl#REACTO_R-HSA-177742	glutamine-N-acyltransferase	biolink:Gene	NCBITaxon:9606
MGI:MGI:1924947	Mmab Mmus	biolink:Gene	NCBITaxon:10090
MGI:MGI:1923805	Mmaa Mmus	biolink:Gene	NCBITaxon:10090
MGI:MGI:97239	Mmut Mmus	biolink:Gene	NCBITaxon:10090
obo:go/extensions/reacto.owl#REACTO_R-HSA-65043	SRC-1	biolink:Gene	NCBITaxon:9606
obo:go/extensions/reacto.owl#REACTO_R-HSA-112331	c-Src	biolink:Gene	NCBITaxon:9606
obo:go/extensions/reacto.owl#REACTO_R-HSA-170993	Phospho-MAP kinase p38 (Mg2+ cofactor)	biolink:Gene	NCBITaxon:9606
obo:go/extensions/reacto.owl#REACTO_R-HSA-5218793	VEGFA:p-6Y-VEGFR2:NCK:p-S21,Y420-FYN:p-3Y-PAK2:CDC42:GTP	biolink:Gene	NCBITaxon:9606
obo:go/extensions/reacto.owl#REACTO_R-HSA-2975824	Complement factor D	biolink:Gene	NCBITaxon:9606
obo:go/extensions/reacto.owl#REACTO_R-HSA-182453	CFB(260-764)	biolink:Gene	NCBITaxon:9606
MGI:MGI:1096342	Rhoa Mmus	biolink:Gene	NCBITaxon:10090
MGI:MGI:1918794	Arhgap42 Mmus	biolink:Gene	NCBITaxon:10090
obo:go/extensions/reacto.owl#REACTO_R-HSA-173600	6xUGDH	biolink:Gene	NCBITaxon:9606
obo:go/extensions/reacto.owl#REACTO_R-HSA-6787635	TSTA3 dimer	biolink:Gene	NCBITaxon:9606
obo:go/extensions/reacto.owl#REACTO_R-HSA-742352	FUCT1	biolink:Gene	NCBITaxon:9606
obo:go/extensions/reacto.owl#REACTO_R-HSA-6787538	FPGT	biolink:Gene	NCBITaxon:9606
MGI:MGI:1330587	Papss1 Mmus	biolink:Gene	NCBITaxon:10090
MGI:MGI:1913978	Slc35b3 Mmus	biolink:Gene	NCBITaxon:10090
MGI:MGI:1921086	Slc35b2 Mmus	biolink:Gene	NCBITaxon:10090
MGI:MGI:1330223	Papss2 Mmus	biolink:Gene	NCBITaxon:10090
MGI:MGI:892977	Slc26a2 Mmus	biolink:Gene	NCBITaxon:10090
MGI:MGI:2385894	Slc26a1 Mmus	biolink:Gene	NCBITaxon:10090
MGI:MGI:99458	Mef2c Mmus	biolink:Gene	NCBITaxon:10090
MGI:MGI:3522699	Trpa1 Mmus	biolink:Gene	NCBITaxon:10090
MGI:MGI:102720	Ednrb Mmus	biolink:Gene	NCBITaxon:10090
MGI:MGI:1343124	Hpse Mmus	biolink:Gene	NCBITaxon:10090
UniProtKB:Q00610	CLTC Hsap	biolink:Gene	NCBITaxon:9606
UniProtKB:Q8WUJ3	CEMIP Hsap	biolink:Gene	NCBITaxon:9606
UniProtKB:O75417	POLQ Hsap	biolink:Gene	NCBITaxon:9606
UniProtKB:Q9BSD3	RHNO1 Hsap	biolink:Gene	NCBITaxon:9606
UniProtKB:Q495X7	TRIM60 Hsap	biolink:Gene	NCBITaxon:9606
MGI:MGI:1913704	Nmnat1 Mmus	biolink:Gene	NCBITaxon:10090
UniProtKB:Q149N8	SHPRH Hsap	biolink:Gene	NCBITaxon:9606
GO:0031372	UBC13-MMS2 complex	biolink:Gene	NCBITaxon:9606
UniProtKB:Q86VP1	TAX1BP1 Hsap	biolink:Gene	NCBITaxon:9606
MGI:MGI:102676	Abcc1 Mmus	biolink:Gene	NCBITaxon:10090
MGI:MGI:98534	Tcn2 Mmus	biolink:Gene	NCBITaxon:10090
MGI:MGI:1860083	Cd320 Mmus	biolink:Gene	NCBITaxon:10090
UniProtKB:O43719	HTATSF1 Hsap	biolink:Gene	NCBITaxon:9606
GO:0005662	DNA replication factor A complex	biolink:Gene	NCBITaxon:9606
MGI:MGI:894646	Hlcs Mmus	biolink:Gene	NCBITaxon:10090
MGI:MGI:97843	Rab3a Mmus	biolink:Gene	NCBITaxon:10090
UniProtKB:P01112	HRAS Hsap	biolink:Gene	NCBITaxon:9606
UniProtKB:P04049	RAF1 Hsap	biolink:Gene	NCBITaxon:9606
UniProtKB:P36507	MAP2K2 Hsap	biolink:Gene	NCBITaxon:9606
UniProtKB:Q13233	MAP3K1 Hsap	biolink:Gene	NCBITaxon:9606
obo:go/extensions/reacto.owl#REACTO_R-HSA-8876922	MyrG-SRC	biolink:Gene	NCBITaxon:9606
obo:go/extensions/reacto.owl#REACTO_R-HSA-1806218	PIK3CA:PIK3R1	biolink:Gene	NCBITaxon:9606
UniProtKB:Q96RY5	CRAMP1 Hsap	biolink:Gene	NCBITaxon:9606
UniProtKB:Q7Z6A9	BTLA Hsap	biolink:Gene	NCBITaxon:9606
UniProtKB:Q92956	TNFRSF14 Hsap	biolink:Gene	NCBITaxon:9606
UniProtKB:P17931	LGALS3 Hsap	biolink:Gene	NCBITaxon:9606
UniProtKB:Q9H2S5	RNF39 Hsap	biolink:Gene	NCBITaxon:9606
obo:go/extensions/reacto.owl#REACTO_R-HSA-1017219	LMAN1:MCFD2	biolink:Gene	NCBITaxon:9606
UniProtKB:P00749	PLAU Hsap	biolink:Gene	NCBITaxon:9606
UniProtKB:Q9H6X2	ANTXR1 Hsap	biolink:Gene	NCBITaxon:9606
MGI:MGI:104860	Fxr1 Mmus	biolink:Gene	NCBITaxon:10090
MGI:MGI:1923935	Eif4g3 Mmus	biolink:Gene	NCBITaxon:10090
obo:go/extensions/reacto.owl#REACTO_R-HSA-170661	G alpha-olf:GTP	biolink:Gene	NCBITaxon:9606
UniProtKB:Q6QNK2	ADGRD1 Hsap	biolink:Gene	NCBITaxon:9606
obo:go/extensions/reacto.owl#REACTO_R-HSA-2980904	FUT2	biolink:Gene	NCBITaxon:9606
obo:go/extensions/reacto.owl#REACTO_R-HSA-9605640	ST3GAL3,4,6	biolink:Gene	NCBITaxon:9606
obo:go/extensions/reacto.owl#REACTO_R-HSA-8855939	B4GALNT2	biolink:Gene	NCBITaxon:9606
obo:go/extensions/reacto.owl#REACTO_R-HSA-9605686	FUT3,5,6,7	biolink:Gene	NCBITaxon:9606
obo:go/extensions/reacto.owl#REACTO_R-HSA-981488	ST3GAL3	biolink:Gene	NCBITaxon:9606
obo:go/extensions/reacto.owl#REACTO_R-HSA-5693934	FUT3	biolink:Gene	NCBITaxon:9606
obo:go/extensions/reacto.owl#REACTO_R-HSA-981855	ST6GALNAC6	biolink:Gene	NCBITaxon:9606
obo:go/extensions/reacto.owl#REACTO_R-HSA-9034059	FUT1	biolink:Gene	NCBITaxon:9606
obo:go/extensions/reacto.owl#REACTO_R-HSA-913717	B3GALTs	biolink:Gene	NCBITaxon:9606
UniProtKB:Q6NVU6	UFSP1 Hsap	biolink:Gene	NCBITaxon:9606
UniProtKB:Q9GZZ9	UBA5 Hsap	biolink:Gene	NCBITaxon:9606
UniProtKB:Q9Y3C8	UFC1 Hsap	biolink:Gene	NCBITaxon:9606
obo:go/extensions/reacto.owl#REACTO_R-HSA-8854697	IL22:IL22RA1:JAK1:IL10RB:TYK2	biolink:Gene	NCBITaxon:9606
obo:go/extensions/reacto.owl#REACTO_R-HSA-8987249	IL22:IL22RA1:p-JAK1:IL10RB:p-TYK2	biolink:Gene	NCBITaxon:9606
obo:go/extensions/reacto.owl#REACTO_R-HSA-448637	IFNL1:IFNLR1:JAK1:IL10RB:TYK2	biolink:Gene	NCBITaxon:9606
obo:go/extensions/reacto.owl#REACTO_R-HSA-8987259	IFNL1:IFNLR1:p-JAK1:IL10RB:p-TYK2	biolink:Gene	NCBITaxon:9606
UniProtKB:Q1RMZ1	SAMTOR Hsap	biolink:Gene	NCBITaxon:9606
UniProtKB:O15530	PDPK1 Hsap	biolink:Gene	NCBITaxon:9606
UniProtKB:Q6R327	RICTOR Hsap	biolink:Gene	NCBITaxon:9606
MGI:MGI:105308	Pnoc Mmus	biolink:Gene	NCBITaxon:10090
MGI:MGI:97440	Oprl1 Mmus	biolink:Gene	NCBITaxon:10090
UniProtKB:P0DMV8	HSPA1A Hsap	biolink:Gene	NCBITaxon:9606
UniProtKB:P19438-1	TNFRSF1A Hsap	biolink:Gene	NCBITaxon:9606
UniProtKB:Q9NZL4	HSPBP1 Hsap	biolink:Gene	NCBITaxon:9606
UniProtKB:O75594	PGLYRP1 Hsap	biolink:Gene	NCBITaxon:9606
obo:go/extensions/reacto.owl#REACTO_R-HSA-421373	TRAF6 homotrimer	biolink:Gene	NCBITaxon:9606
obo:go/extensions/reacto.owl#REACTO_R-HSA-193937	p62	biolink:Gene	NCBITaxon:9606
UniProtKB:P54252	ATXN3 Hsap	biolink:Gene	NCBITaxon:9606
UniProtKB:P09683	SCT Hsap	biolink:Gene	NCBITaxon:9606
UniProtKB:P47872	SCTR Hsap	biolink:Gene	NCBITaxon:9606
MGI:MGI:107187	Bcl6 Mmus	biolink:Gene	NCBITaxon:10090
MGI:MGI:99655	Prdm1 Mmus	biolink:Gene	NCBITaxon:10090
MGI:MGI:103036	Stat5a Mmus	biolink:Gene	NCBITaxon:10090
obo:go/extensions/reacto.owl#REACTO_R-HSA-174181	phospho-APC/C:Cdh1 complex	biolink:Gene	NCBITaxon:9606
UniProtKB:P98177	FOXO4 Hsap	biolink:Gene	NCBITaxon:9606
obo:go/extensions/reacto.owl#REACTO_R-HSA-8948758	p-S109-MKRN1	biolink:Gene	NCBITaxon:9606
obo:go/extensions/reacto.owl#REACTO_R-HSA-6807286	NEDD4,STUB1,WWP2 and XIAP	biolink:Gene	NCBITaxon:9606
obo:go/extensions/reacto.owl#REACTO_R-HSA-8948849	USP13,OTUD3	biolink:Gene	NCBITaxon:9606
obo:go/extensions/reacto.owl#REACTO_R-HSA-3640826	TNKS1/2	biolink:Gene	NCBITaxon:9606
UniProtKB:Q9ULW0	TPX2 Hsap	biolink:Gene	NCBITaxon:9606
UniProtKB:P52732	KIF11 Hsap	biolink:Gene	NCBITaxon:9606
UniProtKB:Q9NNX6	CD209 Hsap	biolink:Gene	NCBITaxon:9606
MGI:MGI:1342771	Klf1 Mmus	biolink:Gene	NCBITaxon:10090
UniProtKB:Q9UEW8	STK39 Hsap	biolink:Gene	NCBITaxon:9606
UniProtKB:Q9H4A3	WNK1 Hsap	biolink:Gene	NCBITaxon:9606
UniProtKB:Q8TAX0	OSR1 Hsap	biolink:Gene	NCBITaxon:9606
UniProtKB:P09564	CD7 Hsap	biolink:Gene	NCBITaxon:9606
UniProtKB:Q8WVN6	SECTM1 Hsap	biolink:Gene	NCBITaxon:9606
UniProtKB:P16403	H1-2 Hsap	biolink:Gene	NCBITaxon:9606
UniProtKB:P46527	CDKN1B Hsap	biolink:Gene	NCBITaxon:9606
obo:go/extensions/reacto.owl#REACTO_R-HSA-5668495	K63polyUb-cIAP1,2	biolink:Gene	NCBITaxon:9606
obo:go/extensions/reacto.owl#REACTO_R-HSA-5668465	cIAP1,2	biolink:Gene	NCBITaxon:9606
obo:go/extensions/reacto.owl#REACTO_R-HSA-983113	TAP	biolink:Gene	NCBITaxon:9606
obo:go/extensions/reacto.owl#REACTO_R-HSA-983125	ERAP1/2	biolink:Gene	NCBITaxon:9606
MGI:MGI:1920706	Izumo1 Mmus	biolink:Gene	NCBITaxon:10090
MGI:MGI:1929185	Izumo1r Mmus	biolink:Gene	NCBITaxon:10090
MGI:MGI:3045264	Sppl2c Mmus	biolink:Gene	NCBITaxon:10090
MGI:MGI:1916742	Frey1 Mmus	biolink:Gene	NCBITaxon:10090
MGI:MGI:97622	Pln Mmus	biolink:Gene	NCBITaxon:10090
MGI:MGI:1916536	Glipr1l1 Mmus	biolink:Gene	NCBITaxon:10090
obo:go/extensions/reacto.owl#REACTO_R-HSA-977344	PSPH:Mg2+ dimer	biolink:Gene	NCBITaxon:9606
obo:go/extensions/reacto.owl#REACTO_R-HSA-9017153	PXLP-K56-SRR dimer	biolink:Gene	NCBITaxon:9606
obo:go/extensions/reacto.owl#REACTO_R-HSA-8932973	SERINC3,5,(1,2,4)	biolink:Gene	NCBITaxon:9606
obo:go/extensions/reacto.owl#REACTO_R-HSA-977346	PHGDH tetramer	biolink:Gene	NCBITaxon:9606
obo:go/extensions/reacto.owl#REACTO_R-HSA-977345	PXLP-K200-PSAT1 dimer	biolink:Gene	NCBITaxon:9606
UniProtKB:Q9UJ70	NAGK Hsap	biolink:Gene	NCBITaxon:9606
UniProtKB:Q9UBK5	HCST Hsap	biolink:Gene	NCBITaxon:9606
UniProtKB:Q29983	MICA Hsap	biolink:Gene	NCBITaxon:9606
UniProtKB:P31947	SFN Hsap	biolink:Gene	NCBITaxon:9606
MGI:MGI:2444070	Nlrc3 Mmus	biolink:Gene	NCBITaxon:10090
UniProtKB:P62158		biolink:Gene	NCBITaxon:9606
UniProtKB:G1RN50		biolink:Gene	NCBITaxon:9606
obo:go/extensions/reacto.owl#REACTO_R-HSA-60306	NMT1	biolink:Gene	NCBITaxon:9606
obo:go/extensions/reacto.owl#REACTO_R-HSA-55915	HLP	biolink:Gene	NCBITaxon:9606
UniProtKB:Q9H8Y5	ANKZF1 Hsap	biolink:Gene	NCBITaxon:9606
UniProtKB:Q9H777	ELAC1 Hsap	biolink:Gene	NCBITaxon:9606
UniProtKB:Q96Q11	TRNT1 Hsap	biolink:Gene	NCBITaxon:9606
obo:go/extensions/reacto.owl#REACTO_R-HSA-187760	p-MAPKAPK2	biolink:Gene	NCBITaxon:9606
obo:go/extensions/reacto.owl#REACTO_R-HSA-2161954	GPX1/2/4	biolink:Gene	NCBITaxon:9606
obo:go/extensions/reacto.owl#REACTO_R-HSA-2161764	5-HEDH	biolink:Gene	NCBITaxon:9606
UniProtKB:O00257	CBX4 Hsap	biolink:Gene	NCBITaxon:9606
MGI:MGI:87874	Ace Mmus	biolink:Gene	NCBITaxon:10090
obo:go/extensions/reacto.owl#REACTO_R-HSA-449832	IL10 ligand/receptor complex	biolink:Gene	NCBITaxon:9606
obo:go/extensions/reacto.owl#REACTO_R-HSA-6784339	IL10 dimer:2xIL10RA:p-Y-JAK1:2xIL10RB:p-Y-TYK2	biolink:Gene	NCBITaxon:9606
UniProtKB:Q9ULW5	RAB26 Hsap	biolink:Gene	NCBITaxon:9606
obo:go/extensions/reacto.owl#REACTO_R-HSA-9020413	RHOT1:GTP	biolink:Gene	NCBITaxon:9606
obo:go/extensions/reacto.owl#REACTO_R-HSA-964764	MAN1A1/A2/C1	biolink:Gene	NCBITaxon:9606
obo:go/extensions/reacto.owl#REACTO_R-HSA-964750	MGAT1	biolink:Gene	NCBITaxon:9606
UniProtKB:Q9HCE5	METTL14 Hsap	biolink:Gene	NCBITaxon:9606
UniProtKB:Q86U44	METTL3 Hsap	biolink:Gene	NCBITaxon:9606
UniProtKB:O14980	XPO1 Hsap	biolink:Gene	NCBITaxon:9606
obo:go/extensions/reacto.owl#REACTO_R-HSA-1605614	GM2A	biolink:Gene	NCBITaxon:9606
obo:go/extensions/reacto.owl#REACTO_R-HSA-1606575	GALC	biolink:Gene	NCBITaxon:9606
obo:go/extensions/reacto.owl#REACTO_R-HSA-1606584	ASAH1	biolink:Gene	NCBITaxon:9606
obo:go/extensions/reacto.owl#REACTO_R-HSA-1605675	GBA1:SAPC	biolink:Gene	NCBITaxon:9606
obo:go/extensions/reacto.owl#REACTO_R-HSA-1605688	NEU1,4	biolink:Gene	NCBITaxon:9606
obo:go/extensions/reacto.owl#REACTO_R-HSA-1606814	active ARSA:Ca2+	biolink:Gene	NCBITaxon:9606
obo:go/extensions/reacto.owl#REACTO_R-HSA-1606266	SMPD2,3:Mg2+	biolink:Gene	NCBITaxon:9606
obo:go/extensions/reacto.owl#REACTO_R-HSA-1631584	CERK	biolink:Gene	NCBITaxon:9606
obo:go/extensions/reacto.owl#REACTO_R-HSA-3662340	bHEXA,bHEXB	biolink:Gene	NCBITaxon:9606
obo:go/extensions/reacto.owl#REACTO_R-HSA-1605744	GLA dimer	biolink:Gene	NCBITaxon:9606
obo:go/extensions/reacto.owl#REACTO_R-HSA-1605710	SMPD1	biolink:Gene	NCBITaxon:9606
UniProtKB:P33981	TTK Hsap	biolink:Gene	NCBITaxon:9606
UniProtKB:Q8NG31	KNL1 Hsap	biolink:Gene	NCBITaxon:9606
UniProtKB:Q9Y6D9	MAD1L1 Hsap	biolink:Gene	NCBITaxon:9606
UniProtKB:Q13257	MAD2L1 Hsap	biolink:Gene	NCBITaxon:9606
UniProtKB:O43683	BUB1 Hsap	biolink:Gene	NCBITaxon:9606
UniProtKB:O43684	BUB3 Hsap	biolink:Gene	NCBITaxon:9606
UniProtKB:O60566	BUB1B Hsap	biolink:Gene	NCBITaxon:9606
UniProtKB:Q96GD4	AURKB Hsap	biolink:Gene	NCBITaxon:9606
ComplexPortal:CPX-550	ndc80_human-1 Hsap	biolink:Gene	NCBITaxon:9606
MGI:MGI:96680	Kras Mmus	biolink:Gene	NCBITaxon:10090
MGI:MGI:1346345	Map2k5 Mmus	biolink:Gene	NCBITaxon:10090
MGI:MGI:1346347	Mapk7 Mmus	biolink:Gene	NCBITaxon:10090
MGI:MGI:96434	Igf2 Mmus	biolink:Gene	NCBITaxon:10090
UniProtKB:Q8WTX9	ZDHHC1 Hsap	biolink:Gene	NCBITaxon:9606
MGI:MGI:97879	Rbp4 Mmus	biolink:Gene	NCBITaxon:10090
MGI:MGI:98865	Ttr Mmus	biolink:Gene	NCBITaxon:10090
UniProtKB:P11226	MBL2 Hsap	biolink:Gene	NCBITaxon:9606
UniProtKB:A0A0H2US87	ospC3 SHIFL	biolink:Gene	NCBITaxon:9606
obo:go/extensions/reacto.owl#REACTO_R-HSA-2470215	MMP2,9,11	biolink:Gene	NCBITaxon:9606
obo:go/extensions/reacto.owl#REACTO_R-HSA-2537512	MMP1-3, 7-9, 12, 13	biolink:Gene	NCBITaxon:9606
obo:go/extensions/reacto.owl#REACTO_R-HSA-1442481	MMP19	biolink:Gene	NCBITaxon:9606
obo:go/extensions/reacto.owl#REACTO_R-HSA-8862098	MMP14,TMPRSS6	biolink:Gene	NCBITaxon:9606
obo:go/extensions/reacto.owl#REACTO_R-HSA-1606407	MMP1,8,9,13	biolink:Gene	NCBITaxon:9606
obo:go/extensions/reacto.owl#REACTO_R-HSA-375064	MMP1	biolink:Gene	NCBITaxon:9606
obo:go/extensions/reacto.owl#REACTO_R-HSA-2470630	MMP1,2,3,9	biolink:Gene	NCBITaxon:9606
obo:go/extensions/reacto.owl#REACTO_R-HSA-1605823	MMP15	biolink:Gene	NCBITaxon:9606
obo:go/extensions/reacto.owl#REACTO_R-HSA-2470195	MMP2,9,10	biolink:Gene	NCBITaxon:9606
obo:go/extensions/reacto.owl#REACTO_R-HSA-2484887	MMP3,13	biolink:Gene	NCBITaxon:9606
obo:go/extensions/reacto.owl#REACTO_R-HSA-1605826	MMP1,2,8,13, PRSS2	biolink:Gene	NCBITaxon:9606
obo:go/extensions/reacto.owl#REACTO_R-HSA-1442488	MMP10	biolink:Gene	NCBITaxon:9606
obo:go/extensions/reacto.owl#REACTO_R-HSA-668812	MMP9_HUMAN	biolink:Gene	NCBITaxon:9606
obo:go/extensions/reacto.owl#REACTO_R-HSA-1602474	ELA2	biolink:Gene	NCBITaxon:9606
obo:go/extensions/reacto.owl#REACTO_R-HSA-1442474	MMP12	biolink:Gene	NCBITaxon:9606
obo:go/extensions/reacto.owl#REACTO_R-HSA-1606378	MMP2,3,4,9,10,12	biolink:Gene	NCBITaxon:9606
obo:go/extensions/reacto.owl#REACTO_R-HSA-1606374	MMP1,3,8,13, PRSS2	biolink:Gene	NCBITaxon:9606
obo:go/extensions/reacto.owl#REACTO_R-HSA-2470302	MMP1,2,3	biolink:Gene	NCBITaxon:9606
obo:go/extensions/reacto.owl#REACTO_R-HSA-2470800	MMP9,13	biolink:Gene	NCBITaxon:9606
obo:go/extensions/reacto.owl#REACTO_R-HSA-381470	MMP1,2	biolink:Gene	NCBITaxon:9606
UniProtKB:Q14330	GPR18 Hsap	biolink:Gene	NCBITaxon:9606
MGI:MGI:95679	Gpd1 Mmus	biolink:Gene	NCBITaxon:10090
obo:go/extensions/reacto.owl#REACTO_R-HSA-8939693	SCF (SKP2) complex	biolink:Gene	NCBITaxon:9606
UniProtKB:O15151	MDM4 Hsap	biolink:Gene	NCBITaxon:9606
UniProtKB:Q9Y620	RAD54B Hsap	biolink:Gene	NCBITaxon:9606
UniProtKB:Q969P0	IGSF8 Hsap	biolink:Gene	NCBITaxon:9606
obo:go/extensions/reacto.owl#REACTO_R-HSA-442307	p-Y172-VAV2	biolink:Gene	NCBITaxon:9606
obo:go/extensions/reacto.owl#REACTO_R-HSA-162629	PAK1	biolink:Gene	NCBITaxon:9606
obo:go/extensions/reacto.owl#REACTO_R-HSA-445025	unidentified protein tyrosine kinase	biolink:Gene	NCBITaxon:9606
obo:go/extensions/reacto.owl#REACTO_R-HSA-2029102	PLD	biolink:Gene	NCBITaxon:9606
obo:go/extensions/reacto.owl#REACTO_R-HSA-2029101	Phosphatidate phosphatase	biolink:Gene	NCBITaxon:9606
UniProtKB:Q15465	SHH Hsap	biolink:Gene	NCBITaxon:9606
UniProtKB:P10071	GLI3 Hsap	biolink:Gene	NCBITaxon:9606
obo:go/extensions/reacto.owl#REACTO_R-HSA-390407	AGPS:FAD	biolink:Gene	NCBITaxon:9606
obo:go/extensions/reacto.owl#REACTO_R-HSA-53413	GNPAT	biolink:Gene	NCBITaxon:9606
UniProtKB:P22003	BMP5 Hsap	biolink:Gene	NCBITaxon:9606
UniProtKB:Q9BSA9	TMEM175 Hsap	biolink:Gene	NCBITaxon:9606
UniProtKB:O60337	MARCHF6 Hsap	biolink:Gene	NCBITaxon:9606
UniProtKB:Q14534	SQLE Hsap	biolink:Gene	NCBITaxon:9606
UniProtKB:P35790-1	CHKA Hsap	biolink:Gene	NCBITaxon:9606
UniProtKB:Q15691	MAPRE1 Hsap	biolink:Gene	NCBITaxon:9606
UniProtKB:P30304	CDC25A Hsap	biolink:Gene	NCBITaxon:9606
UniProtKB:P30291	WEE1 Hsap	biolink:Gene	NCBITaxon:9606
UniProtKB:P02545	LMNA Hsap	biolink:Gene	NCBITaxon:9606
MGI:MGI:1919170	Epgn Mmus	biolink:Gene	NCBITaxon:10090
obo:go/extensions/reacto.owl#REACTO_R-HSA-9793659	FLT3 ubiquitin ligases	biolink:Gene	NCBITaxon:9606
obo:go/extensions/reacto.owl#REACTO_R-HSA-6785269	PTPRJ	biolink:Gene	NCBITaxon:9606
RGD:621531	Gria1 Rnor	biolink:Gene	NCBITaxon:10116
obo:go/extensions/reacto.owl#REACTO_R-HSA-5624052	RP2	biolink:Gene	NCBITaxon:9606
obo:go/extensions/reacto.owl#REACTO_R-HSA-5637988	RP2:ARL3:GTP:UNC119B(active)	biolink:Gene	NCBITaxon:9606
obo:go/extensions/reacto.owl#REACTO_R-HSA-200408	AMPK heterotrimer (active)	biolink:Gene	NCBITaxon:9606
obo:go/extensions/reacto.owl#REACTO_R-HSA-200557	CACT	biolink:Gene	NCBITaxon:9606
obo:go/extensions/reacto.owl#REACTO_R-HSA-200994	CPT2	biolink:Gene	NCBITaxon:9606
obo:go/extensions/reacto.owl#REACTO_R-HSA-76188	ACLY tetramer	biolink:Gene	NCBITaxon:9606
obo:go/extensions/reacto.owl#REACTO_R-HSA-8876883	Btn-ACACA:2Mn2+ polymer	biolink:Gene	NCBITaxon:9606
obo:go/extensions/reacto.owl#REACTO_R-HSA-8867341	Btn-ACACB:2Mn2+ polymer	biolink:Gene	NCBITaxon:9606
UniProtKB:Q8IWZ4	TRIM48 Hsap	biolink:Gene	NCBITaxon:9606
UniProtKB:Q99683	MAP3K5 Hsap	biolink:Gene	NCBITaxon:9606
obo:go/extensions/reacto.owl#REACTO_R-HSA-166366	TRAF6	biolink:Gene	NCBITaxon:9606
obo:go/extensions/reacto.owl#REACTO_R-HSA-5607643	K63polyUb-34,158-TAK1	biolink:Gene	NCBITaxon:9606
UniProtKB:P18887	XRCC1 Hsap	biolink:Gene	NCBITaxon:9606
MGI:MGI:107202	Atm Mmus	biolink:Gene	NCBITaxon:10090
MGI:MGI:1347062	Creb3l1 Mmus	biolink:Gene	NCBITaxon:10090
MGI:MGI:2444506	Mbtps2 Mmus	biolink:Gene	NCBITaxon:10090
MGI:MGI:1927235	Mbtps1 Mmus	biolink:Gene	NCBITaxon:10090
MGI:MGI:104556	Cdkn1a Mmus	biolink:Gene	NCBITaxon:10090
obo:go/extensions/reacto.owl#REACTO_R-HSA-2975806	Cytochrome P450 (CYP7B1 based)	biolink:Gene	NCBITaxon:9606
MGI:MGI:101849	Rack1 Mmus	biolink:Gene	NCBITaxon:10090
MGI:MGI:95286	Eed Mmus	biolink:Gene	NCBITaxon:10090
MGI:MGI:1341864	Nsmaf Mmus	biolink:Gene	NCBITaxon:10090
MGI:MGI:1278330	Smpd2 Mmus	biolink:Gene	NCBITaxon:10090
UniProtKB:O95399	UTS2 Hsap	biolink:Gene	NCBITaxon:9606
UniProtKB:Q9UKP6	UTS2R Hsap	biolink:Gene	NCBITaxon:9606
UniProtKB:Q13639	HTR4 Hsap	biolink:Gene	NCBITaxon:9606
MGI:MGI:87948	Adss2 Mmus	biolink:Gene	NCBITaxon:10090
UniProtKB:Q13107	USP4 Hsap	biolink:Gene	NCBITaxon:9606
obo:go/extensions/reacto.owl#REACTO_R-HSA-173533	SMURF	biolink:Gene	NCBITaxon:9606
UniProtKB:Q9UGI0	ZRANB1 Hsap	biolink:Gene	NCBITaxon:9606
UniProtKB:Q15386-3	UBE3C Hsap	biolink:Gene	NCBITaxon:9606
UniProtKB:Q9NQR1	KMT5A Hsap	biolink:Gene	NCBITaxon:9606
UniProtKB:Q96HA7	TONSL Hsap	biolink:Gene	NCBITaxon:9606
UniProtKB:Q6ZRQ5	MMS22L Hsap	biolink:Gene	NCBITaxon:9606
MGI:MGI:97829	Pygl Mmus	biolink:Gene	NCBITaxon:10090
MGI:MGI:1916211	Phkg2 Mmus	biolink:Gene	NCBITaxon:10090
obo:go/extensions/reacto.owl#REACTO_R-HSA-8954265	TPST1,2	biolink:Gene	NCBITaxon:9606
UniProtKB:P19532	TFE3 Hsap	biolink:Gene	NCBITaxon:9606
UniProtKB:Q8NFG4	FLCN Hsap	biolink:Gene	NCBITaxon:9606
UniProtKB:O75807	PPP1R15A Hsap	biolink:Gene	NCBITaxon:9606
UniProtKB:Q5SWA1	PPP1R15B Hsap	biolink:Gene	NCBITaxon:9606
UniProtKB:Q9P2K8	EIF2AK4 Hsap	biolink:Gene	NCBITaxon:9606
obo:go/extensions/reacto.owl#REACTO_R-HSA-3928502	MMP2, MMP9	biolink:Gene	NCBITaxon:9606
obo:go/extensions/reacto.owl#REACTO_R-HSA-3928532	EFNAs/EFNBs:p-EPHAs/p-EPHBs:SFKs:p-VAV2,VAV3	biolink:Gene	NCBITaxon:9606
obo:go/extensions/reacto.owl#REACTO_R-HSA-77335	ACADM tetramer	biolink:Gene	NCBITaxon:9606
obo:go/extensions/reacto.owl#REACTO_R-HSA-9028288	5-HEDH	biolink:Gene	NCBITaxon:9606
obo:go/extensions/reacto.owl#REACTO_R-HSA-9027561	Dehydrogenase	biolink:Gene	NCBITaxon:9606
UniProtKB:Q49A26	GLYR1 Hsap	biolink:Gene	NCBITaxon:9606
UniProtKB:Q8NB78-4	KDM1B Hsap	biolink:Gene	NCBITaxon:9606
PR:P10761	mZP3 Mmus	biolink:Gene	NCBITaxon:10090
PR:Q60736	mZp3r Mmus	biolink:Gene	NCBITaxon:10090
PR:O88427	mCACNA1H Mmus	biolink:Gene	NCBITaxon:10090
PR:Q91ZR5	mCATSPER1 Mmus	biolink:Gene	NCBITaxon:10090
PR:Q9Z1B3	mPLCB1 Mmus	biolink:Gene	NCBITaxon:10090
PR:P15535	mB4GALT1 Mmus	biolink:Gene	NCBITaxon:10090
MGI:MGI:1340031	Nfkbil1 Mmus	biolink:Gene	NCBITaxon:10090
GO:0071159	NF-kappaB complex	biolink:Gene	NCBITaxon:10090
obo:go/extensions/reacto.owl#REACTO_R-HSA-202308	p-Y394-LCK	biolink:Gene	NCBITaxon:9606
obo:go/extensions/reacto.owl#REACTO_R-HSA-389744	SHP1,SHP2	biolink:Gene	NCBITaxon:9606
MGI:MGI:109482	Cacna1a Mmus	biolink:Gene	NCBITaxon:10090
MGI:MGI:88297	Cck Mmus	biolink:Gene	NCBITaxon:10090
MGI:MGI:98326	Sst Mmus	biolink:Gene	NCBITaxon:10090
MGI:MGI:104629	Penk Mmus	biolink:Gene	NCBITaxon:10090
MGI:MGI:2652834	Cstl1 Mmus	biolink:Gene	NCBITaxon:10090
MGI:MGI:97441	Oprm1 Mmus	biolink:Gene	NCBITaxon:10090
obo:go/extensions/reacto.owl#REACTO_R-HSA-379386	COMT	biolink:Gene	NCBITaxon:9606
obo:go/extensions/reacto.owl#REACTO_R-HSA-380903	Serotonin loaded synaptic vesicle	biolink:Gene	NCBITaxon:9606
obo:go/extensions/reacto.owl#REACTO_R-HSA-380900	Docked serotonin loaded synaptic vesicle	biolink:Gene	NCBITaxon:9606
obo:go/extensions/reacto.owl#REACTO_R-HSA-209895	DDC dimer	biolink:Gene	NCBITaxon:9606
obo:go/extensions/reacto.owl#REACTO_R-HSA-372544	SLC18A2	biolink:Gene	NCBITaxon:9606
obo:go/extensions/reacto.owl#REACTO_R-HSA-70353	GALK1	biolink:Gene	NCBITaxon:9606
obo:go/extensions/reacto.owl#REACTO_R-HSA-70363	GALE:NAD+ dimer	biolink:Gene	NCBITaxon:9606
UniProtKB:Q05086	UBE3A Hsap	biolink:Gene	NCBITaxon:9606
UniProtKB:Q86Y34	ADGRG3 Hsap	biolink:Gene	NCBITaxon:9606
UniProtKB:Q6PCT2	FBXL19 Hsap	biolink:Gene	NCBITaxon:9606
UniProtKB:Q01638	IL1RL1 Hsap	biolink:Gene	NCBITaxon:9606
obo:go/extensions/reacto.owl#REACTO_R-HSA-141643	Caspase-7	biolink:Gene	NCBITaxon:9606
MGI:MGI:1933118	Pgam2 Mmus	biolink:Gene	NCBITaxon:10090
MGI:MGI:95395	Eno3 Mmus	biolink:Gene	NCBITaxon:10090
obo:go/extensions/reacto.owl#REACTO_R-HSA-6809220	NUDT14	biolink:Gene	NCBITaxon:9606
obo:go/extensions/reacto.owl#REACTO_R-HSA-532211	ALG5	biolink:Gene	NCBITaxon:9606
GO:0034688	integrin alphaM-beta2 complex	biolink:Gene	NCBITaxon:9606
MGI:MGI:2446078	Thtpa Mmus	biolink:Gene	NCBITaxon:10090
obo:go/extensions/reacto.owl#REACTO_R-HSA-427632	SLC26A1,2	biolink:Gene	NCBITaxon:9606
UniProtKB:Q6PID8	KLHDC10 Hsap	biolink:Gene	NCBITaxon:9606
obo:go/extensions/reacto.owl#REACTO_R-HSA-201502	ALK	biolink:Gene	NCBITaxon:9606
UniProtKB:P24772	OPG200 VACCW	biolink:Gene	NCBITaxon:9606
UniProtKB:Q15059	BRD3 Hsap	biolink:Gene	NCBITaxon:9606
RNAcentral:URS0000A77281_9606	URS0000A77281_9606 Hsap	biolink:Gene	NCBITaxon:9606
MGI:MGI:107476	Stim1 Mmus	biolink:Gene	NCBITaxon:10090
MGI:MGI:1925542	Orai1 Mmus	biolink:Gene	NCBITaxon:10090
MGI:MGI:88398	Chrm3 Mmus	biolink:Gene	NCBITaxon:10090
MGI:MGI:109528	Trpc1 Mmus	biolink:Gene	NCBITaxon:10090
MGI:MGI:88031	Anxa7 Mmus	biolink:Gene	NCBITaxon:10090
obo:go/extensions/reacto.owl#REACTO_R-HSA-200667	2xMTHFD1	biolink:Gene	NCBITaxon:9606
obo:go/extensions/reacto.owl#REACTO_R-HSA-6808495	ALDH1L1 tetramer	biolink:Gene	NCBITaxon:9606
obo:go/extensions/reacto.owl#REACTO_R-HSA-5696840	MTHFD1L dimer	biolink:Gene	NCBITaxon:9606
obo:go/extensions/reacto.owl#REACTO_R-HSA-6801461	MTHFD2, D2L	biolink:Gene	NCBITaxon:9606
obo:go/extensions/reacto.owl#REACTO_R-HSA-200645	SLC25A32	biolink:Gene	NCBITaxon:9606
obo:go/extensions/reacto.owl#REACTO_R-HSA-197981	FPGS-1	biolink:Gene	NCBITaxon:9606
obo:go/extensions/reacto.owl#REACTO_R-HSA-6797933	SARDH:FAD	biolink:Gene	NCBITaxon:9606
obo:go/extensions/reacto.owl#REACTO_R-HSA-5694100	PXLP-K280-SHMT2 tetramer	biolink:Gene	NCBITaxon:9606
obo:go/extensions/reacto.owl#REACTO_R-HSA-200673	SLC46A1	biolink:Gene	NCBITaxon:9606
obo:go/extensions/reacto.owl#REACTO_R-HSA-2975816	DHFR2	biolink:Gene	NCBITaxon:9606
obo:go/extensions/reacto.owl#REACTO_R-HSA-200737	SLC19A1	biolink:Gene	NCBITaxon:9606
MGI:MGI:1202394	Cblif Mmus	biolink:Gene	NCBITaxon:10090
MGI:MGI:2442933	Amn1 Mmus	biolink:Gene	NCBITaxon:10090
MGI:MGI:1931256	Cubn Mmus	biolink:Gene	NCBITaxon:10090
MGI:MGI:98839	Prss1 Mmus	biolink:Gene	NCBITaxon:10090
MGI:MGI:88559	Ctrb1 Mmus	biolink:Gene	NCBITaxon:10090
MGI:MGI:102758	Prss3 Mmus	biolink:Gene	NCBITaxon:10090
MGI:MGI:1915671	Lmbrd1 Mmus	biolink:Gene	NCBITaxon:10090
MGI:MGI:1349217	Abcd4 Mmus	biolink:Gene	NCBITaxon:10090
UniProtKB:Q969P5	FBXO32 Hsap	biolink:Gene	NCBITaxon:9606
UniProtKB:P12645	BMP3 Hsap	biolink:Gene	NCBITaxon:9606
UniProtKB:O43432	EIF4G3 Hsap	biolink:Gene	NCBITaxon:9606
MGI:MGI:1343094	Kat2b Mmus	biolink:Gene	NCBITaxon:10090
MGI:MGI:2445031	Sik2 Mmus	biolink:Gene	NCBITaxon:10090
UniProtKB:Q9Y6G9	DYNC1LI1 Hsap	biolink:Gene	NCBITaxon:9606
UniProtKB:Q13627	DYRK1A Hsap	biolink:Gene	NCBITaxon:9606
UniProtKB:Q8NCN4	RNF169 Hsap	biolink:Gene	NCBITaxon:9606
UniProtKB:Q96RL1	UIMC1 Hsap	biolink:Gene	NCBITaxon:9606
UniProtKB:Q6Y7W6	GIGYF2 Hsap	biolink:Gene	NCBITaxon:9606
UniProtKB:P0DTD1-PRO_0000449620	nsp2 Scov2	biolink:Gene	NCBITaxon:9606
MGI:MGI:1917156	Slc25a32 Mmus	biolink:Gene	NCBITaxon:10090
MGI:MGI:95576	Fpgs Mmus	biolink:Gene	NCBITaxon:10090
MGI:MGI:1098733	Slc46a1 Mmus	biolink:Gene	NCBITaxon:10090
UniProtKB:P31350	RRM2 Hsap	biolink:Gene	NCBITaxon:9606
UniProtKB:Q9UQ90	SPG7 Hsap	biolink:Gene	NCBITaxon:9606
obo:go/extensions/reacto.owl#REACTO_R-HSA-391267	SPHK1	biolink:Gene	NCBITaxon:9606
obo:go/extensions/reacto.owl#REACTO_R-HSA-5215971	SPNS2	biolink:Gene	NCBITaxon:9606
obo:go/extensions/reacto.owl#REACTO_R-HSA-428667	SGPP	biolink:Gene	NCBITaxon:9606
obo:go/extensions/reacto.owl#REACTO_R-HSA-428276		biolink:Gene	NCBITaxon:9606
obo:go/extensions/reacto.owl#REACTO_R-HSA-428661	SGPL1	biolink:Gene	NCBITaxon:9606
obo:go/extensions/reacto.owl#REACTO_R-HSA-5696096	ALDH3B1	biolink:Gene	NCBITaxon:9606
obo:go/extensions/reacto.owl#REACTO_R-HSA-428110	LPP	biolink:Gene	NCBITaxon:9606
obo:go/extensions/reacto.owl#REACTO_R-HSA-428236	SPHK2	biolink:Gene	NCBITaxon:9606
UniProtKB:Q6ZSJ9-1	SHISA6 Hsap	biolink:Gene	NCBITaxon:9606
MGI:MGI:2442495	Agmo Mmus	biolink:Gene	NCBITaxon:10090
MGI:MGI:106594	Gk Mmus	biolink:Gene	NCBITaxon:10090
MGI:MGI:1914762	Agpat2 Mmus	biolink:Gene	NCBITaxon:10090
MGI:MGI:1891341	Lpin2 Mmus	biolink:Gene	NCBITaxon:10090
MGI:MGI:1891340	Lpin1 Mmus	biolink:Gene	NCBITaxon:10090
MGI:MGI:109162	Gpam Mmus	biolink:Gene	NCBITaxon:10090
obo:go/extensions/reacto.owl#REACTO_R-HSA-9014529	TSTD1	biolink:Gene	NCBITaxon:9606
obo:go/extensions/reacto.owl#REACTO_R-HSA-1614651	SQR:FAD	biolink:Gene	NCBITaxon:9606
obo:go/extensions/reacto.owl#REACTO_R-HSA-1614521	ETHE1:2Zn2+	biolink:Gene	NCBITaxon:9606
obo:go/extensions/reacto.owl#REACTO_R-HSA-3928541	EFNBs:p-EPHBs:SFKs:Glu:p-NMDAR:Gly:TIAM1	biolink:Gene	NCBITaxon:9606
obo:go/extensions/reacto.owl#REACTO_R-HSA-3928372	EPH-ephrin oligomers	biolink:Gene	NCBITaxon:9606
obo:go/extensions/reacto.owl#REACTO_R-HSA-9028348	p-EPHB:EFNB oligomers	biolink:Gene	NCBITaxon:9606
obo:go/extensions/reacto.owl#REACTO_R-HSA-3928564	RHOA:GTP:ROCK1,ROCK2	biolink:Gene	NCBITaxon:9606
obo:go/extensions/reacto.owl#REACTO_R-HSA-419709	p-LIMK	biolink:Gene	NCBITaxon:9606
MGI:MGI:1354161	Sirt6 Mmus	biolink:Gene	NCBITaxon:10090
MGI:MGI:102744	Nelfe Mmus	biolink:Gene	NCBITaxon:10090
UniProtKB:P29459	IL12A Hsap	biolink:Gene	NCBITaxon:9606
UniProtKB:P29460	IL12B Hsap	biolink:Gene	NCBITaxon:9606
UniProtKB:Q99665	IL12RB2 Hsap	biolink:Gene	NCBITaxon:9606
UniProtKB:P30939	HTR1F Hsap	biolink:Gene	NCBITaxon:9606
MGI:MGI:1933833	Nrg4 Mmus	biolink:Gene	NCBITaxon:10090
UniProtKB:Q01973	ROR1 Hsap	biolink:Gene	NCBITaxon:9606
UniProtKB:P04626	ERBB2 Hsap	biolink:Gene	NCBITaxon:9606
UniProtKB:P24593	IGFBP5 Hsap	biolink:Gene	NCBITaxon:9606
UniProtKB:Q9NX78	TMEM260 Hsap	biolink:Gene	NCBITaxon:9606
UniProtKB:Q04912	MST1R Hsap	biolink:Gene	NCBITaxon:9606
UniProtKB:P08581	MET Hsap	biolink:Gene	NCBITaxon:9606
UniProtKB:Q8TD19	NEK9 Hsap	biolink:Gene	NCBITaxon:9606
UniProtKB:Q15750	TAB1 Hsap	biolink:Gene	NCBITaxon:9606
obo:go/extensions/reacto.owl#REACTO_R-HSA-3907283	ACSM2B-like proteins	biolink:Gene	NCBITaxon:9606
obo:go/extensions/reacto.owl#REACTO_R-HSA-3968340	GLYAT-like proteins	biolink:Gene	NCBITaxon:9606
MGI:MGI:109349	Atf2 Mmus	biolink:Gene	NCBITaxon:10090
MGI:MGI:1932093	Jdp2 Mmus	biolink:Gene	NCBITaxon:10090
RGD:620760	Plk2 Rnor	biolink:Gene	NCBITaxon:10116
obo:go/extensions/reacto.owl#REACTO_R-HSA-200917	FYN	biolink:Gene	NCBITaxon:9606
obo:go/extensions/reacto.owl#REACTO_R-HSA-389323	Phosphorylated Vav1	biolink:Gene	NCBITaxon:9606
UniProtKB:Q15848	ADIPOQ Hsap	biolink:Gene	NCBITaxon:9606
UniProtKB:Q96A54	ADIPOR1 Hsap	biolink:Gene	NCBITaxon:9606
UniProtKB:Q9UKG1	APPL1 Hsap	biolink:Gene	NCBITaxon:9606
UniProtKB:Q8NER5	ACVR1C Hsap	biolink:Gene	NCBITaxon:9606
UniProtKB:P58166	INHBE Hsap	biolink:Gene	NCBITaxon:9606
UniProtKB:O60231	DHX16 Hsap	biolink:Gene	NCBITaxon:9606
UniProtKB:P38405	GNAL Hsap	biolink:Gene	NCBITaxon:9606
UniProtKB:O60266	ADCY3 Hsap	biolink:Gene	NCBITaxon:9606
UniProtKB:Q96RI8	TAAR6 Hsap	biolink:Gene	NCBITaxon:9606
UniProtKB:Q8NGI8	OR5AN1 Hsap	biolink:Gene	NCBITaxon:9606
UniProtKB:Q53GT1	KLHL22 Hsap	biolink:Gene	NCBITaxon:9606
obo:go/extensions/reacto.owl#REACTO_R-HSA-8853807	Mitotic kinase	biolink:Gene	NCBITaxon:9606
UniProtKB:Q9H8P0	SRD5A3 Hsap	biolink:Gene	NCBITaxon:9606
UniProtKB:Q8N5I4	DHRSX Hsap	biolink:Gene	NCBITaxon:9606
obo:go/extensions/reacto.owl#REACTO_R-HSA-8874682	HGF:p-4Y-MET dimer,(HGF:p-Y1003,4Y-METdimer)	biolink:Gene	NCBITaxon:9606
obo:go/extensions/reacto.owl#REACTO_R-HSA-5250898	unknown ubiquitin ligase	biolink:Gene	NCBITaxon:9606
obo:go/extensions/reacto.owl#REACTO_R-HSA-917720	USP8	biolink:Gene	NCBITaxon:9606
obo:go/extensions/reacto.owl#REACTO_R-HSA-6806956	HGF:MET dimer	biolink:Gene	NCBITaxon:9606
obo:go/extensions/reacto.owl#REACTO_R-HSA-6807023	PTPN1,PTPN2	biolink:Gene	NCBITaxon:9606
UniProtKB:O14777	NDC80 Hsap	biolink:Gene	NCBITaxon:9606
UniProtKB:Q96EB6-2	SIRT1 Hsap	biolink:Gene	NCBITaxon:9606
UniProtKB:P08865	RPSA Hsap	biolink:Gene	NCBITaxon:9606
UniProtKB:O60264	SMARCA5 Hsap	biolink:Gene	NCBITaxon:9606
obo:go/extensions/reacto.owl#REACTO_R-HSA-162698	PIGK	biolink:Gene	NCBITaxon:9606
obo:go/extensions/reacto.owl#REACTO_R-HSA-162810	PGAP1	biolink:Gene	NCBITaxon:9606
UniProtKB:Q9NV06	DCAF13 Hsap	biolink:Gene	NCBITaxon:9606
obo:go/extensions/reacto.owl#REACTO_R-HSA-6798211	BHMT:Zn2+ tetramer	biolink:Gene	NCBITaxon:9606
obo:go/extensions/reacto.owl#REACTO_R-HSA-450272	TRAF6	biolink:Gene	NCBITaxon:9606
obo:go/extensions/reacto.owl#REACTO_R-HSA-9014432	RHOG GEFs	biolink:Gene	NCBITaxon:9606
obo:go/extensions/reacto.owl#REACTO_R-HSA-9014436	RHOG GAPs	biolink:Gene	NCBITaxon:9606
UniProtKB:O75144	ICOSLG Hsap	biolink:Gene	NCBITaxon:9606
UniProtKB:Q9Y6W8	ICOS Hsap	biolink:Gene	NCBITaxon:9606
UniProtKB:Q6GMV2	SMYD5 Hsap	biolink:Gene	NCBITaxon:9606
UniProtKB:P62987	UBA52 Hsap	biolink:Gene	NCBITaxon:9606
obo:go/extensions/reacto.owl#REACTO_R-HSA-193517	BAAT	biolink:Gene	NCBITaxon:9606
obo:go/extensions/reacto.owl#REACTO_R-HSA-192320	ACOX2:FAD	biolink:Gene	NCBITaxon:9606
obo:go/extensions/reacto.owl#REACTO_R-HSA-3219435	Cytochrome P450 (CYP7A1 based)	biolink:Gene	NCBITaxon:9606
obo:go/extensions/reacto.owl#REACTO_R-HSA-8980694	RHOA GEFs	biolink:Gene	NCBITaxon:9606
obo:go/extensions/reacto.owl#REACTO_R-HSA-8981636	RHOA GAPs	biolink:Gene	NCBITaxon:9606
obo:go/extensions/reacto.owl#REACTO_R-HSA-389616	HACL1 tetramer	biolink:Gene	NCBITaxon:9606
obo:go/extensions/reacto.owl#REACTO_R-HSA-6811623	ALDH3A2-2 dimer	biolink:Gene	NCBITaxon:9606
obo:go/extensions/reacto.owl#REACTO_R-HSA-389634	PHYH:Fe++	biolink:Gene	NCBITaxon:9606
obo:go/extensions/reacto.owl#REACTO_R-HSA-389642	PMP34	biolink:Gene	NCBITaxon:9606
obo:go/extensions/reacto.owl#REACTO_R-HSA-6809578	PECR tetramer	biolink:Gene	NCBITaxon:9606
obo:go/extensions/reacto.owl#REACTO_R-HSA-1248657	TRAF6 E3/E2 ubiquitin ligase complex	biolink:Gene	NCBITaxon:9606
obo:go/extensions/reacto.owl#REACTO_R-HSA-1248659	RIP2 ubiquitin ligases	biolink:Gene	NCBITaxon:9606
obo:go/extensions/reacto.owl#REACTO_R-HSA-688989	A20	biolink:Gene	NCBITaxon:9606
UniProtKB:Q9NP99	TREM1 Hsap	biolink:Gene	NCBITaxon:9606
UniProtKB:Q9NP99-2	TREM1 Hsap	biolink:Gene	NCBITaxon:9606
UniProtKB:P09429	HMGB1 Hsap	biolink:Gene	NCBITaxon:9606
UniProtKB:Q96FA3	PELI1 Hsap	biolink:Gene	NCBITaxon:9606
UniProtKB:P16104	H2AX Hsap	biolink:Gene	NCBITaxon:9606
obo:go/extensions/reacto.owl#REACTO_R-HSA-429935	DIS3	biolink:Gene	NCBITaxon:9606
obo:go/extensions/reacto.owl#REACTO_R-HSA-429988	DCPS	biolink:Gene	NCBITaxon:9606
obo:go/extensions/reacto.owl#REACTO_R-HSA-5694064	NT5C3B	biolink:Gene	NCBITaxon:9606
UniProtKB:P07396	OPG062 VACCW	biolink:Gene	NCBITaxon:9606
obo:go/extensions/reacto.owl#REACTO_R-HSA-6813685	NCEH1	biolink:Gene	NCBITaxon:9606
obo:go/extensions/reacto.owl#REACTO_R-HSA-216753	ABCA1 tetramer	biolink:Gene	NCBITaxon:9606
obo:go/extensions/reacto.owl#REACTO_R-HSA-8937441	CES3	biolink:Gene	NCBITaxon:9606
UniProtKB:P50406	HTR6 Hsap	biolink:Gene	NCBITaxon:9606
UniProtKB:P55210-1	CASP7 Hsap	biolink:Gene	NCBITaxon:9606
GO:0008303	caspase complex	biolink:Gene	NCBITaxon:9606
UniProtKB:Q6PIJ6	FBXO38 Hsap	biolink:Gene	NCBITaxon:9606
UniProtKB:Q9NZQ7	CD274 Hsap	biolink:Gene	NCBITaxon:9606
RGD:3803	Syt1 Rnor	biolink:Gene	NCBITaxon:10116
RGD:619715	Sv2a Rnor	biolink:Gene	NCBITaxon:10116
RGD:71098	Csnk1a1 Rnor	biolink:Gene	NCBITaxon:10116
UniProtKB:Q96EH8	NEURL3 Hsap	biolink:Gene	NCBITaxon:9606
UniProtKB:P28562	DUSP1 Hsap	biolink:Gene	NCBITaxon:9606
UniProtKB:O15382	BCAT2 Hsap	biolink:Gene	NCBITaxon:9606
obo:go/extensions/reacto.owl#REACTO_R-HSA-174155	BTRC:CUL1:SKP1	biolink:Gene	NCBITaxon:9606
obo:go/extensions/reacto.owl#REACTO_R-HSA-2161767	CYP(2)	biolink:Gene	NCBITaxon:9606
obo:go/extensions/reacto.owl#REACTO_R-HSA-2161816	CYP(3)	biolink:Gene	NCBITaxon:9606
obo:go/extensions/reacto.owl#REACTO_R-HSA-2162028	CYP(1)	biolink:Gene	NCBITaxon:9606
UniProtKB:O15417	TNRC18 Hsap	biolink:Gene	NCBITaxon:9606
GO:0070822	Sin3-type complex	biolink:Gene	NCBITaxon:9606
UniProtKB:R4GIP2		biolink:Gene	NCBITaxon:9606
obo:go/extensions/reacto.owl#REACTO_R-HSA-997387	TDPK	biolink:Gene	NCBITaxon:9606
obo:go/extensions/reacto.owl#REACTO_R-HSA-964948	THTPA:Mg2+	biolink:Gene	NCBITaxon:9606
obo:go/extensions/reacto.owl#REACTO_R-HSA-196971	2xTPK1:Mg2+	biolink:Gene	NCBITaxon:9606
obo:go/extensions/reacto.owl#REACTO_R-HSA-5215935	SLC25A19	biolink:Gene	NCBITaxon:9606
obo:go/extensions/reacto.owl#REACTO_R-HSA-199656	SLC19A2/3	biolink:Gene	NCBITaxon:9606
obo:go/extensions/reacto.owl#REACTO_R-HSA-74186	ATPase	biolink:Gene	NCBITaxon:9606
obo:go/extensions/reacto.owl#REACTO_R-HSA-187453	ANT homodimer	biolink:Gene	NCBITaxon:9606
obo:go/extensions/reacto.owl#REACTO_R-HSA-5250205	ARL2:GTP:ARL2BP:SLC25A4	biolink:Gene	NCBITaxon:9606
obo:go/extensions/reacto.owl#REACTO_R-HSA-2975820	Adenylate Kinase	biolink:Gene	NCBITaxon:9606
obo:go/extensions/reacto.owl#REACTO_R-HSA-9033488	PEX2:PEX10:PEX12:Ub:PEX5S,L:PEX1:PEX6:PEX26:ZFAND6	biolink:Gene	NCBITaxon:9606
obo:go/extensions/reacto.owl#REACTO_R-HSA-870499	FAM	biolink:Gene	NCBITaxon:9606
obo:go/extensions/reacto.owl#REACTO_R-HSA-996769	KDM1A	biolink:Gene	NCBITaxon:9606
UniProtKB:Q92692	NECTIN2 Hsap	biolink:Gene	NCBITaxon:9606
obo:go/extensions/reacto.owl#REACTO_R-HSA-1852620	ADAM10/17:Zn2+	biolink:Gene	NCBITaxon:9606
UniProtKB:O00155	GPR25 Hsap	biolink:Gene	NCBITaxon:9606
obo:go/extensions/reacto.owl#REACTO_R-HSA-1806271	PI4KA/2B	biolink:Gene	NCBITaxon:9606
obo:go/extensions/reacto.owl#REACTO_R-HSA-8867857	OSBPL5,8,10	biolink:Gene	NCBITaxon:9606
MGI:MGI:1338938	Bmpr1a Mmus	biolink:Gene	NCBITaxon:10090
MGI:MGI:95688	Gdf5 Mmus	biolink:Gene	NCBITaxon:10090
UniProtKB:P51671	CCL11 Hsap	biolink:Gene	NCBITaxon:9606
UniProtKB:Q8WXF1	PSPC1 Hsap	biolink:Gene	NCBITaxon:9606
UniProtKB:Q8WUI4	HDAC7 Hsap	biolink:Gene	NCBITaxon:9606
UniProtKB:Q99538	LGMN Hsap	biolink:Gene	NCBITaxon:10090
UniProtKB:Q2M385	MPEG1 Hsap	biolink:Gene	NCBITaxon:10090
UniProtKB:Q8WWF5	ZNRF4 Hsap	biolink:Gene	NCBITaxon:9606
UniProtKB:P56704	WNT3A Hsap	biolink:Gene	NCBITaxon:9606
UniProtKB:Q9H237	PORCN Hsap	biolink:Gene	NCBITaxon:9606
UniProtKB:Q92878	RAD50 Hsap	biolink:Gene	NCBITaxon:9606
UniProtKB:Q9NPG8	ZDHHC4 Hsap	biolink:Gene	NCBITaxon:9606
UniProtKB:O95260	ATE1 Hsap	biolink:Gene	NCBITaxon:9606
obo:go/extensions/reacto.owl#REACTO_R-HSA-6784495	KEOPS complex	biolink:Gene	NCBITaxon:9606
obo:go/extensions/reacto.owl#REACTO_R-HSA-6786606	CDKAL1:4Fe-4S	biolink:Gene	NCBITaxon:9606
obo:go/extensions/reacto.owl#REACTO_R-HSA-157689	Nuclear Pore Complex (NPC)	biolink:Gene	NCBITaxon:9606
obo:go/extensions/reacto.owl#REACTO_R-HSA-8932767	NSUN6	biolink:Gene	NCBITaxon:9606
obo:go/extensions/reacto.owl#REACTO_R-HSA-6782406	QTRT1:QTRTD1	biolink:Gene	NCBITaxon:9606
obo:go/extensions/reacto.owl#REACTO_R-HSA-6782261	DUS2	biolink:Gene	NCBITaxon:9606
obo:go/extensions/reacto.owl#REACTO_R-HSA-6782438	THG1L	biolink:Gene	NCBITaxon:9606
obo:go/extensions/reacto.owl#REACTO_R-HSA-6786518	ALKBH8:Fe2+	biolink:Gene	NCBITaxon:9606
obo:go/extensions/reacto.owl#REACTO_R-HSA-6784483	TRIT1	biolink:Gene	NCBITaxon:9606
obo:go/extensions/reacto.owl#REACTO_R-HSA-6782334	CTU1:CTU2:thio-URM1	biolink:Gene	NCBITaxon:9606
obo:go/extensions/reacto.owl#REACTO_R-HSA-6786515	PUS7	biolink:Gene	NCBITaxon:9606
obo:go/extensions/reacto.owl#REACTO_R-HSA-6782382	NSUN2	biolink:Gene	NCBITaxon:9606
obo:go/extensions/reacto.owl#REACTO_R-HSA-6782441	DNMT2	biolink:Gene	NCBITaxon:9606
obo:go/extensions/reacto.owl#REACTO_R-HSA-6782313	METTL1:WDR4	biolink:Gene	NCBITaxon:9606
obo:go/extensions/reacto.owl#REACTO_R-HSA-8870279	PUS3	biolink:Gene	NCBITaxon:9606
obo:go/extensions/reacto.owl#REACTO_R-HSA-6782373	PUS1-2	biolink:Gene	NCBITaxon:9606
obo:go/extensions/reacto.owl#REACTO_R-HSA-6782329	ADAT1	biolink:Gene	NCBITaxon:9606
UniProtKB:Q96H86	ZNF764 Hsap	biolink:Gene	NCBITaxon:9606
UniProtKB:P04150	NR3C1 Hsap	biolink:Gene	NCBITaxon:9606
obo:go/extensions/reacto.owl#REACTO_R-HSA-434469	BCHE	biolink:Gene	NCBITaxon:9606
obo:go/extensions/reacto.owl#REACTO_R-HSA-561082	OAT2	biolink:Gene	NCBITaxon:9606
obo:go/extensions/reacto.owl#REACTO_R-HSA-9749994	CYP2,3 cytochromes	biolink:Gene	NCBITaxon:9606
obo:go/extensions/reacto.owl#REACTO_R-HSA-158597	UGT1A6	biolink:Gene	NCBITaxon:9606
obo:go/extensions/reacto.owl#REACTO_R-HSA-2574832	p-T288-AURKA	biolink:Gene	NCBITaxon:9606
UniProtKB:O75844	ZMPSTE24 Hsap	biolink:Gene	NCBITaxon:9606
UniProtKB:O60725	ICMT Hsap	biolink:Gene	NCBITaxon:9606
UniProtKB:P49354	FNTA Hsap	biolink:Gene	NCBITaxon:9606
UniProtKB:Q9UJV9	DDX41 Hsap	biolink:Gene	NCBITaxon:9606
obo:go/extensions/reacto.owl#REACTO_R-HSA-110061	DECR1 tetramer	biolink:Gene	NCBITaxon:9606
obo:go/extensions/reacto.owl#REACTO_R-HSA-110060	DCI dimer	biolink:Gene	NCBITaxon:9606
UniProtKB:P56524	HDAC4 Hsap	biolink:Gene	NCBITaxon:9606
UniProtKB:P55265	ADAR Hsap	biolink:Gene	NCBITaxon:9606
UniProtKB:Q9NXC5	MIOS Hsap	biolink:Gene	NCBITaxon:9606
obo:go/extensions/reacto.owl#REACTO_R-HSA-2029115	p-VAV family	biolink:Gene	NCBITaxon:9606
obo:go/extensions/reacto.owl#REACTO_R-HSA-1861665	Myosin-X dimer	biolink:Gene	NCBITaxon:9606
obo:go/extensions/reacto.owl#REACTO_R-HSA-8981940	CDC42:GTP,RAC1:GTP:PAK1,PAK2,PAK3	biolink:Gene	NCBITaxon:9606
obo:go/extensions/reacto.owl#REACTO_R-HSA-399819	p-S144,T423-PAK1	biolink:Gene	NCBITaxon:9606
UniProtKB:P35579	MYH9 Hsap	biolink:Gene	NCBITaxon:9606
MGI:MGI:96418	Idua Mmus	biolink:Gene	NCBITaxon:10090
MGI:MGI:96417	Ids Mmus	biolink:Gene	NCBITaxon:10090
UniProtKB:Q9BV35	SLC25A23 Hsap	biolink:Gene	NCBITaxon:9606
UniProtKB:Q8NE86-3	MCU Hsap	biolink:Gene	NCBITaxon:9606
UniProtKB:P31946	YWHAB Hsap	biolink:Gene	NCBITaxon:9606
UniProtKB:P46937-2	YAP1 Hsap	biolink:Gene	NCBITaxon:9606
UniProtKB:P35240	NF2 Hsap	biolink:Gene	NCBITaxon:9606
UniProtKB:Q9NY93	DDX56 Hsap	biolink:Gene	NCBITaxon:9606
UniProtKB:P03305		biolink:Gene	NCBITaxon:9606
obo:go/extensions/reacto.owl#REACTO_R-HSA-2023949	IPPK	biolink:Gene	NCBITaxon:9606
obo:go/extensions/reacto.owl#REACTO_R-HSA-2023924	IP6K1/2	biolink:Gene	NCBITaxon:9606
obo:go/extensions/reacto.owl#REACTO_R-HSA-1604596	IPMK	biolink:Gene	NCBITaxon:9606
obo:go/extensions/reacto.owl#REACTO_R-HSA-6806977	HGF:p-4Y-MET dimer	biolink:Gene	NCBITaxon:9606
obo:go/extensions/reacto.owl#REACTO_R-HSA-1810408	MyrG-p-Y419-SRC	biolink:Gene	NCBITaxon:9606
MGI:MGI:2180337	Zar1 Mmus	biolink:Gene	NCBITaxon:10090
GO:1990529	glycosylphosphatidylinositol-mannosyltransferase I complex	biolink:Gene	NCBITaxon:10090
MGI:MGI:105095	Pgf Mmus	biolink:Gene	NCBITaxon:10090
RGD:620437	Pigl Rnor	biolink:Gene	NCBITaxon:10090
UniProtKB:Q5H8A4	PIGG Hsap	biolink:Gene	NCBITaxon:10090
GO:0042765	GPI-anchor transamidase complex	biolink:Gene	NCBITaxon:10090
GO:0000506	glycosylphosphatidylinositol-N-acetylglucosaminyltransferase (GPI-GnT) complex	biolink:Gene	NCBITaxon:10090
UniProtKB:Q53F39	MPPE1 Hsap	biolink:Gene	NCBITaxon:10090
SGD:S000002710	GPI11 Scer	biolink:Gene	NCBITaxon:10090
WB:WBGene00013039	scav-3 Cele	biolink:Gene	NCBITaxon:10090
UniProtKB:O43303	CCP110 Hsap	biolink:Gene	NCBITaxon:9606
MGI:MGI:1346542	Bace1 Mmus	biolink:Gene	NCBITaxon:10090
UniProtKB:Q9NYL2-1	MAP3K20 Hsap	biolink:Gene	NCBITaxon:9606
UniProtKB:Q7Z4H4	ADM2 Hsap	biolink:Gene	NCBITaxon:9606
MGI:MGI:3039376	Dnph1 Mmus	biolink:Gene	NCBITaxon:10090
UniProtKB:Q96MU7	YTHDC1 Hsap	biolink:Gene	NCBITaxon:10090
UniProtKB:O75531	BANF1 Hsap	biolink:Gene	NCBITaxon:9606
UniProtKB:Q9BUA3	SPINDOC Hsap	biolink:Gene	NCBITaxon:9606
UniProtKB:O95396	MOCS3 Hsap	biolink:Gene	NCBITaxon:9606
UniProtKB:Q9NQX3-1	GPHN Hsap	biolink:Gene	NCBITaxon:9606
UniProtKB:Q9Y697-2	NFS1 Hsap	biolink:Gene	NCBITaxon:9606
obo:go/extensions/reacto.owl#REACTO_R-HSA-211223	active caspase-3	biolink:Gene	NCBITaxon:9606
obo:go/extensions/reacto.owl#REACTO_R-HSA-389118	CBX4	biolink:Gene	NCBITaxon:9606
UniProtKB:P40305	IFI27 Hsap	biolink:Gene	NCBITaxon:9606
obo:go/extensions/reacto.owl#REACTO_R-HSA-974998	KAP1	biolink:Gene	NCBITaxon:9606
obo:go/extensions/reacto.owl#REACTO_R-HSA-3296158	CBX4, UHRF2	biolink:Gene	NCBITaxon:9606
obo:go/extensions/reacto.owl#REACTO_R-HSA-2993785	PIAS2-1	biolink:Gene	NCBITaxon:9606
obo:go/extensions/reacto.owl#REACTO_R-HSA-2997694	PIAS1,4	biolink:Gene	NCBITaxon:9606
UniProtKB:O15130	NPFF Hsap	biolink:Gene	NCBITaxon:9606
obo:go/extensions/reacto.owl#REACTO_R-HSA-2046158	CHST2,3,5,6	biolink:Gene	NCBITaxon:9606
obo:go/extensions/reacto.owl#REACTO_R-HSA-1971540	CHST1	biolink:Gene	NCBITaxon:9606
obo:go/extensions/reacto.owl#REACTO_R-HSA-2046221	B3GNT1,2,3,4,7	biolink:Gene	NCBITaxon:9606
obo:go/extensions/reacto.owl#REACTO_R-HSA-975898	B4GALT1-6 homodimers	biolink:Gene	NCBITaxon:9606
obo:go/extensions/reacto.owl#REACTO_R-HSA-2046170	ST3GAL1-4,6	biolink:Gene	NCBITaxon:9606
obo:go/extensions/reacto.owl#REACTO_R-HSA-735686	SLC35A2	biolink:Gene	NCBITaxon:9606
obo:go/extensions/reacto.owl#REACTO_R-HSA-5676630	PTPLs	biolink:Gene	NCBITaxon:9606
obo:go/extensions/reacto.owl#REACTO_R-HSA-4127425	TECR,TECRL	biolink:Gene	NCBITaxon:9606
obo:go/extensions/reacto.owl#REACTO_R-HSA-3878115	ACSL1,3,5,6	biolink:Gene	NCBITaxon:9606
obo:go/extensions/reacto.owl#REACTO_R-HSA-5676213	ELOVL3,6,7	biolink:Gene	NCBITaxon:9606
obo:go/extensions/reacto.owl#REACTO_R-HSA-2901793	ACSL3,4	biolink:Gene	NCBITaxon:9606
obo:go/extensions/reacto.owl#REACTO_R-HSA-3907274	HSD17B3,12	biolink:Gene	NCBITaxon:9606
UniProtKB:P38646	HSPA9 Hsap	biolink:Gene	NCBITaxon:9606
UniProtKB:P21796	VDAC1 Hsap	biolink:Gene	NCBITaxon:9606
UniProtKB:Q14643	ITPR1 Hsap	biolink:Gene	NCBITaxon:9606
obo:go/extensions/reacto.owl#REACTO_R-HSA-111408	ADSL tetramer	biolink:Gene	NCBITaxon:9606
obo:go/extensions/reacto.owl#REACTO_R-HSA-500745	DUT trimer	biolink:Gene	NCBITaxon:9606
obo:go/extensions/reacto.owl#REACTO_R-HSA-73519	TS dimer	biolink:Gene	NCBITaxon:9606
obo:go/extensions/reacto.owl#REACTO_R-HSA-73516	DCK dimer	biolink:Gene	NCBITaxon:9606
obo:go/extensions/reacto.owl#REACTO_R-HSA-3656537	CMPK1, AK1	biolink:Gene	NCBITaxon:9606
obo:go/extensions/reacto.owl#REACTO_R-HSA-500740	DCTD hexamer	biolink:Gene	NCBITaxon:9606
obo:go/extensions/reacto.owl#REACTO_R-HSA-74205	DGUOK dimer	biolink:Gene	NCBITaxon:9606
obo:go/extensions/reacto.owl#REACTO_R-HSA-73640	RNR (M1M2)	biolink:Gene	NCBITaxon:9606
obo:go/extensions/reacto.owl#REACTO_R-HSA-111795	RNR (M1M2B)	biolink:Gene	NCBITaxon:9606
obo:go/extensions/reacto.owl#REACTO_R-HSA-73497	DTYMK dimer	biolink:Gene	NCBITaxon:9606
obo:go/extensions/reacto.owl#REACTO_R-HSA-73501	TK1 tetramer	biolink:Gene	NCBITaxon:9606
obo:go/extensions/reacto.owl#REACTO_R-HSA-76542	ADK	biolink:Gene	NCBITaxon:9606
obo:go/extensions/reacto.owl#REACTO_R-HSA-504052	CTPS tetramer	biolink:Gene	NCBITaxon:9606
obo:go/extensions/reacto.owl#REACTO_R-HSA-73504	UCK1 tetramer	biolink:Gene	NCBITaxon:9606
obo:go/extensions/reacto.owl#REACTO_R-HSA-2396556	SYK/LCK/ZAP-70	biolink:Gene	NCBITaxon:9606
obo:go/extensions/reacto.owl#REACTO_R-HSA-2424465	p-Y172-VAV2,p-Y173-VAV3	biolink:Gene	NCBITaxon:9606
obo:go/extensions/reacto.owl#REACTO_R-HSA-2424474	p-SYK,p-BTK	biolink:Gene	NCBITaxon:9606
obo:go/extensions/reacto.owl#REACTO_R-HSA-58268	SYK	biolink:Gene	NCBITaxon:9606
obo:go/extensions/reacto.owl#REACTO_R-HSA-528072	B4GALT1	biolink:Gene	NCBITaxon:9606
obo:go/extensions/reacto.owl#REACTO_R-HSA-5653881	GLUT1 tetramer	biolink:Gene	NCBITaxon:9606
MGI:MGI:1927169	B4galt5 Mmus	biolink:Gene	NCBITaxon:10090
MGI:MGI:99427	St3gal2 Mmus	biolink:Gene	NCBITaxon:10090
MGI:MGI:1316659	St3gal3 Mmus	biolink:Gene	NCBITaxon:10090
MGI:MGI:98304	St3gal1 Mmus	biolink:Gene	NCBITaxon:10090
MGI:MGI:1316743	St3gal4 Mmus	biolink:Gene	NCBITaxon:10090
MGI:MGI:1888707	St3gal6 Mmus	biolink:Gene	NCBITaxon:10090
MGI:MGI:2152535	B3gnt3 Mmus	biolink:Gene	NCBITaxon:10090
MGI:MGI:1919680	B4gat1 Mmus	biolink:Gene	NCBITaxon:10090
MGI:MGI:2384394	B3gnt7 Mmus	biolink:Gene	NCBITaxon:10090
MGI:MGI:1889505	B3gnt2 Mmus	biolink:Gene	NCBITaxon:10090
MGI:MGI:2680208	B3gnt4 Mmus	biolink:Gene	NCBITaxon:10090
MGI:MGI:1928387	B4galt4 Mmus	biolink:Gene	NCBITaxon:10090
MGI:MGI:1858493	B4galt2 Mmus	biolink:Gene	NCBITaxon:10090
MGI:MGI:1928767	B4galt3 Mmus	biolink:Gene	NCBITaxon:10090
MGI:MGI:1891160	Chst2 Mmus	biolink:Gene	NCBITaxon:10090
MGI:MGI:1924219	Chst1 Mmus	biolink:Gene	NCBITaxon:10090
MGI:MGI:1931825	Chst5 Mmus	biolink:Gene	NCBITaxon:10090
MGI:MGI:1917734	Slc35d2 Mmus	biolink:Gene	NCBITaxon:10090
UniProtKB:Q8TF40	FNIP1 Hsap	biolink:Gene	NCBITaxon:9606
UniProtKB:P48729	CSNK1A1 Hsap	biolink:Gene	NCBITaxon:9606
UniProtKB:Q96F44	TRIM11 Hsap	biolink:Gene	NCBITaxon:9606
UniProtKB:Q9NP58	ABCB6 Hsap	biolink:Gene	NCBITaxon:9606
UniProtKB:Q9NP58-1	ABCB6 Hsap	biolink:Gene	NCBITaxon:9606
UniProtKB:Q15257	PTPA Hsap	biolink:Gene	NCBITaxon:9606
UniProtKB:Q9Y572	RIPK3 Hsap	biolink:Gene	NCBITaxon:9606
UniProtKB:Q8NB16	MLKL Hsap	biolink:Gene	NCBITaxon:9606
UniProtKB:P21605	OPG065 VACCW	biolink:Gene	NCBITaxon:9606
UniProtKB:Q9H171	ZBP1 Hsap	biolink:Gene	NCBITaxon:9606
UniProtKB:P51449-2	RORC Hsap	biolink:Gene	NCBITaxon:9606
UniProtKB:Q05516	ZBTB16 Hsap	biolink:Gene	NCBITaxon:9606
obo:go/extensions/reacto.owl#REACTO_R-HSA-195284	CK1alpha (GSK3)	biolink:Gene	NCBITaxon:9606
UniProtKB:Q9H1Y3	OPN3 Hsap	biolink:Gene	NCBITaxon:9606
UniProtKB:Q96QC0	PPP1R10 Hsap	biolink:Gene	NCBITaxon:9606
UniProtKB:O43318-4	MAP3K7 Hsap	biolink:Gene	NCBITaxon:9606
UniProtKB:Q9H5V9	STEEP1 Hsap	biolink:Gene	NCBITaxon:9606
UniProtKB:Q15554	TERF2 Hsap	biolink:Gene	NCBITaxon:9606
obo:go/extensions/reacto.owl#REACTO_R-HSA-380575	Dopamine loaded synaptic vesicle	biolink:Gene	NCBITaxon:9606
obo:go/extensions/reacto.owl#REACTO_R-HSA-380573	Docked dopamine loaded synaptic vesicle	biolink:Gene	NCBITaxon:9606
MGI:MGI:1351634	Abcc6 Mmus	biolink:Gene	NCBITaxon:10090
MGI:MGI:99829	Runx2 Mmus	biolink:Gene	NCBITaxon:10090
obo:go/extensions/reacto.owl#REACTO_R-HSA-2990834	SENP1,2,5	biolink:Gene	NCBITaxon:9606
obo:go/extensions/reacto.owl#REACTO_R-HSA-947696	UBA2	biolink:Gene	NCBITaxon:9606
MGI:MGI:1914414	Lipt2 Mmus	biolink:Gene	NCBITaxon:10090
MGI:MGI:1934604	Lias Mmus	biolink:Gene	NCBITaxon:10090
MGI:MGI:3645211	Lipt1 Mmus	biolink:Gene	NCBITaxon:10090
UniProtKB:Q9BY21	GPR87 Hsap	biolink:Gene	NCBITaxon:9606
UniProtKB:P52789	HK2 Hsap	biolink:Gene	NCBITaxon:9606
http://www.ebi.ac.uk/intact/complex/details/EBI-767671		biolink:Gene	NCBITaxon:9606
UniProtKB:P46093	GPR4 Hsap	biolink:Gene	NCBITaxon:9606
obo:go/extensions/reacto.owl#REACTO_R-HSA-2161178	ADAL:Zn	biolink:Gene	NCBITaxon:9606
obo:go/extensions/reacto.owl#REACTO_R-HSA-70495	PCK1	biolink:Gene	NCBITaxon:9606
obo:go/extensions/reacto.owl#REACTO_R-HSA-109318	NT5C2 tetramer	biolink:Gene	NCBITaxon:9606
UniProtKB:O60542	PSPN Hsap	biolink:Gene	NCBITaxon:9606
UniProtKB:Q9GZZ7	GFRA4 Hsap	biolink:Gene	NCBITaxon:9606
MGI:MGI:99542	Usf1 Mmus	biolink:Gene	NCBITaxon:10090
obo:go/extensions/reacto.owl#REACTO_R-HSA-6786837	ELAC2	biolink:Gene	NCBITaxon:9606
UniProtKB:Q96HU1	SGSM3 Hsap	biolink:Gene	NCBITaxon:9606
UniProtKB:Q68T42		biolink:Gene	NCBITaxon:9606
UniProtKB:Q15633	TARBP2 Hsap	biolink:Gene	NCBITaxon:9606
obo:go/extensions/reacto.owl#REACTO_R-HSA-196954	RFK:Mg2+	biolink:Gene	NCBITaxon:9606
obo:go/extensions/reacto.owl#REACTO_R-HSA-196980	FLAD1	biolink:Gene	NCBITaxon:9606
obo:go/extensions/reacto.owl#REACTO_R-HSA-196946	2xTRAP	biolink:Gene	NCBITaxon:9606
obo:go/extensions/reacto.owl#REACTO_R-HSA-196965	2xENPP1	biolink:Gene	NCBITaxon:9606
UniProtKB:P33483		biolink:Gene	NCBITaxon:9606
obo:go/extensions/reacto.owl#REACTO_R-HSA-55431	GNAI1	biolink:Gene	NCBITaxon:9606
UniProtKB:P48061	CXCL12 Hsap	biolink:Gene	NCBITaxon:9606
UniProtKB:Q02817	MUC2 Hsap	biolink:Gene	NCBITaxon:9606
obo:go/extensions/reacto.owl#REACTO_R-HSA-449967	IL7:IL7R:JAK1:IL2RG:JAK3	biolink:Gene	NCBITaxon:9606
MGI:MGI:97595	Prkca Mmus	biolink:Gene	NCBITaxon:10090
MGI:MGI:96824	Tlr4 Mmus	biolink:Gene	NCBITaxon:10090
UniProtKB:P49419-2	ALDH7A1 Hsap	biolink:Gene	NCBITaxon:9606
UniProtKB:Q13131-2	PRKAA1 Hsap	biolink:Gene	NCBITaxon:9606
UniProtKB:O15260	SURF4 Hsap	biolink:Gene	NCBITaxon:9606
obo:go/extensions/reacto.owl#REACTO_R-HSA-9755290	MUL1 dimer	biolink:Gene	NCBITaxon:9606
UniProtKB:Q9UIJ5	ZDHHC2 Hsap	biolink:Gene	NCBITaxon:9606
UniProtKB:P24588	AKAP5 Hsap	biolink:Gene	NCBITaxon:9606
UniProtKB:P42261	GRIA1 Hsap	biolink:Gene	NCBITaxon:9606
obo:go/extensions/reacto.owl#REACTO_R-HSA-2142822	ALOX12B:Fe2+	biolink:Gene	NCBITaxon:9606
obo:go/extensions/reacto.owl#REACTO_R-HSA-8942204	ALOXE3	biolink:Gene	NCBITaxon:9606
obo:go/extensions/reacto.owl#REACTO_R-HSA-2161958	ALOX12/15	biolink:Gene	NCBITaxon:9606
UniProtKB:Q92847	GHSR Hsap	biolink:Gene	NCBITaxon:9606
UniProtKB:Q9UBU3	GHRL Hsap	biolink:Gene	NCBITaxon:9606
UniProtKB:P50416	CPT1A Hsap	biolink:Gene	NCBITaxon:9606
MGI:MGI:1861437	Gsk3b Mmus	biolink:Gene	NCBITaxon:10090
MGI:MGI:107384	Dnm1 Mmus	biolink:Gene	NCBITaxon:10090
PR:P58283-1	mRNF216/isom1 Mmus	biolink:Gene	NCBITaxon:10090
MGI:MGI:700009	Sh3gl2 Mmus	biolink:Gene	NCBITaxon:10090
MGI:MGI:1927152	Syne1 Mmus	biolink:Gene	NCBITaxon:10090
UniProtKB:Q8VSJ7	ospC1 SHIFL	biolink:Gene	NCBITaxon:9606
obo:go/extensions/reacto.owl#REACTO_R-HSA-9620507	PCAF,(p300)	biolink:Gene	NCBITaxon:9606
obo:go/extensions/reacto.owl#REACTO_R-HSA-9622899	SIRT1,SIRT3	biolink:Gene	NCBITaxon:9606
UniProtKB:P53396	ACLY Hsap	biolink:Gene	NCBITaxon:9606
UniProtKB:P55212	CASP6 Hsap	biolink:Gene	NCBITaxon:9606
UniProtKB:P55957-4	BID Hsap	biolink:Gene	NCBITaxon:9606
UniProtKB:Q13547	HDAC1 Hsap	biolink:Gene	NCBITaxon:9606
UniProtKB:O15062	ZBTB5 Hsap	biolink:Gene	NCBITaxon:9606
PR:000035728	ubiquitin	biolink:Gene	NCBITaxon:9606
UniProtKB:Q8IUH5	ZDHHC17 Hsap	biolink:Gene	NCBITaxon:9606
UniProtKB:P0DTD1-PRO_0000449631	nsp14 Scov2	biolink:Gene	NCBITaxon:9606
UniProtKB:P09601	HMOX1 Hsap	biolink:Gene	NCBITaxon:9606
MGI:MGI:104738	Cdkn2a Mmus	biolink:Gene	NCBITaxon:10090
MGI:MGI:101934	Tfdp1 Mmus	biolink:Gene	NCBITaxon:10090
PR:Q8R0K9	mE2F4 Mmus	biolink:Gene	NCBITaxon:10090
MGI:MGI:105085	Rbl2 Mmus	biolink:Gene	NCBITaxon:10090
MGI:MGI:103012	E2f4 Mmus	biolink:Gene	NCBITaxon:10090
obo:go/extensions/reacto.owl#REACTO_R-HSA-976037	WWP1	biolink:Gene	NCBITaxon:9606
obo:go/extensions/reacto.owl#REACTO_R-HSA-975970	STUB1	biolink:Gene	NCBITaxon:9606
obo:go/extensions/reacto.owl#REACTO_R-HSA-975972	SMURF1	biolink:Gene	NCBITaxon:9606
obo:go/extensions/reacto.owl#REACTO_R-HSA-1602296	FBXW7	biolink:Gene	NCBITaxon:9606
UniProtKB:Q6PJ61	FBXO46 Hsap	biolink:Gene	NCBITaxon:9606
UniProtKB:Q96T51	RUFY1 Hsap	biolink:Gene	NCBITaxon:9606
UniProtKB:P61018	RAB4B Hsap	biolink:Gene	NCBITaxon:9606
UniProtKB:P61106	RAB14 Hsap	biolink:Gene	NCBITaxon:9606
UniProtKB:P07239	OPG106 VACCW	biolink:Gene	NCBITaxon:9606
obo:go/extensions/reacto.owl#REACTO_R-HSA-804966	HSD17B1 dimer	biolink:Gene	NCBITaxon:9606
obo:go/extensions/reacto.owl#REACTO_R-HSA-209926	TH:Fe2+	biolink:Gene	NCBITaxon:9606
obo:go/extensions/reacto.owl#REACTO_R-HSA-209957	DBH tetramer	biolink:Gene	NCBITaxon:9606
UniProtKB:Q14627	IL13RA2 Hsap	biolink:Gene	NCBITaxon:9606
GO:0035976	transcription factor AP-1 complex	biolink:Gene	NCBITaxon:9606
UniProtKB:O15551	CLDN3 Hsap	biolink:Gene	NCBITaxon:9606
obo:go/extensions/reacto.owl#REACTO_R-HSA-6799602	GNPDA1,2 hexamers	biolink:Gene	NCBITaxon:9606
obo:go/extensions/reacto.owl#REACTO_R-HSA-179517	PFK tetramer	biolink:Gene	NCBITaxon:9606
obo:go/extensions/reacto.owl#REACTO_R-HSA-9815683	ENO monomers	biolink:Gene	NCBITaxon:9606
obo:go/extensions/reacto.owl#REACTO_R-HSA-5652070	TKFC:2Mg2+ dimer	biolink:Gene	NCBITaxon:9606
obo:go/extensions/reacto.owl#REACTO_R-HSA-8955670	PGM2L1:Mg2+	biolink:Gene	NCBITaxon:9606
obo:go/extensions/reacto.owl#REACTO_R-HSA-9815664	PGAM monomers	biolink:Gene	NCBITaxon:9606
obo:go/extensions/reacto.owl#REACTO_R-HSA-8955798	PGP:Mg2+ dimer	biolink:Gene	NCBITaxon:9606
obo:go/extensions/reacto.owl#REACTO_R-HSA-5696062	ADPGK	biolink:Gene	NCBITaxon:9606
obo:go/extensions/reacto.owl#REACTO_R-HSA-9815671	PGK monomers	biolink:Gene	NCBITaxon:9606
obo:go/extensions/reacto.owl#REACTO_R-HSA-179508	aldolase tetramer	biolink:Gene	NCBITaxon:9606
obo:go/extensions/reacto.owl#REACTO_R-HSA-6798334	BPGM	biolink:Gene	NCBITaxon:9606
obo:go/extensions/reacto.owl#REACTO_R-HSA-70340	ALDOB tetramer	biolink:Gene	NCBITaxon:9606
UniProtKB:Q12778	FOXO1 Hsap	biolink:Gene	NCBITaxon:9606
UniProtKB:Q9UBE8	NLK Hsap	biolink:Gene	NCBITaxon:9606
UniProtKB:O96017	CHEK2 Hsap	biolink:Gene	NCBITaxon:9606
GO:0034690	integrin alphaD-beta2 complex	biolink:Gene	NCBITaxon:9606
UniProtKB:Q5RIA9	ZNG1E Hsap	biolink:Gene	NCBITaxon:9606
UniProtKB:P53582	METAP1 Hsap	biolink:Gene	NCBITaxon:9606
UniProtKB:P18428	LBP Hsap	biolink:Gene	NCBITaxon:9606
GO:0035354	Toll-like receptor 1-Toll-like receptor 2 protein complex	biolink:Gene	NCBITaxon:9606
UniProtKB:P08571	CD14 Hsap	biolink:Gene	NCBITaxon:9606
obo:go/extensions/reacto.owl#REACTO_R-HSA-197943	LYN	biolink:Gene	NCBITaxon:9606
obo:go/extensions/reacto.owl#REACTO_R-HSA-2454229	LYN	biolink:Gene	NCBITaxon:9606
obo:go/extensions/reacto.owl#REACTO_R-HSA-437181	nPKC-zeta	biolink:Gene	NCBITaxon:9606
UniProtKB:P32970	CD70 Hsap	biolink:Gene	NCBITaxon:9606
UniProtKB:P26842	CD27 Hsap	biolink:Gene	NCBITaxon:9606
obo:go/extensions/reacto.owl#REACTO_R-HSA-1678773	HGSNAT oligomer	biolink:Gene	NCBITaxon:9606
obo:go/extensions/reacto.owl#REACTO_R-HSA-1678772	NAGLU	biolink:Gene	NCBITaxon:9606
obo:go/extensions/reacto.owl#REACTO_R-HSA-1678661	IDUA	biolink:Gene	NCBITaxon:9606
obo:go/extensions/reacto.owl#REACTO_R-HSA-1678689	SGSH	biolink:Gene	NCBITaxon:9606
obo:go/extensions/reacto.owl#REACTO_R-HSA-1678638	IDS dimer	biolink:Gene	NCBITaxon:9606
obo:go/extensions/reacto.owl#REACTO_R-HSA-1666976	HPSE dimer	biolink:Gene	NCBITaxon:9606
UniProtKB:P10145	CXCL8 Hsap	biolink:Gene	NCBITaxon:9606
UniProtKB:P25025	CXCR2 Hsap	biolink:Gene	NCBITaxon:9606
UniProtKB:P25024	CXCR1 Hsap	biolink:Gene	NCBITaxon:9606
UniProtKB:P42336	PIK3CA Hsap	biolink:Gene	NCBITaxon:9606
obo:go/extensions/reacto.owl#REACTO_R-HSA-6793088	MRM1	biolink:Gene	NCBITaxon:9606
obo:go/extensions/reacto.owl#REACTO_R-HSA-6793067	RNMTL1	biolink:Gene	NCBITaxon:9606
obo:go/extensions/reacto.owl#REACTO_R-HSA-1592207	TFB1M	biolink:Gene	NCBITaxon:9606
obo:go/extensions/reacto.owl#REACTO_R-HSA-6793061	FTSJ2	biolink:Gene	NCBITaxon:9606
obo:go/extensions/reacto.owl#REACTO_R-HSA-6793068	NSUN4	biolink:Gene	NCBITaxon:9606
UniProtKB:Q76QY7	OPG003 VAR67	biolink:Gene	NCBITaxon:9606
UniProtKB:Q9NUE0	ZDHHC18 Hsap	biolink:Gene	NCBITaxon:9606
UniProtKB:P51617	IRAK1 Hsap	biolink:Gene	NCBITaxon:9606
UniProtKB:Q99467	CD180 Hsap	biolink:Gene	NCBITaxon:9606
UniProtKB:P15391	CD19 Hsap	biolink:Gene	NCBITaxon:9606
obo:go/extensions/reacto.owl#REACTO_R-HSA-2993782	UBC9_HUMAN	biolink:Gene	NCBITaxon:9606
obo:go/extensions/reacto.owl#REACTO_R-HSA-8956376	ZBED1	biolink:Gene	NCBITaxon:9606
obo:go/extensions/reacto.owl#REACTO_R-HSA-389671	AGXT dimer	biolink:Gene	NCBITaxon:9606
obo:go/extensions/reacto.owl#REACTO_R-HSA-8953434	PXMP2 trimer	biolink:Gene	NCBITaxon:9606
obo:go/extensions/reacto.owl#REACTO_R-HSA-6793623	LIAS:2(4Fe-4S)	biolink:Gene	NCBITaxon:9606
obo:go/extensions/reacto.owl#REACTO_R-HSA-6792623	LIPT1	biolink:Gene	NCBITaxon:9606
obo:go/extensions/reacto.owl#REACTO_R-HSA-70674	ALDH4A1 dimer	biolink:Gene	NCBITaxon:9606
obo:go/extensions/reacto.owl#REACTO_R-HSA-389851	GRHPR	biolink:Gene	NCBITaxon:9606
obo:go/extensions/reacto.owl#REACTO_R-HSA-8953410	peroxisomal glyoxylate carrier	biolink:Gene	NCBITaxon:9606
obo:go/extensions/reacto.owl#REACTO_R-HSA-6784409	HOGA1 tetramer	biolink:Gene	NCBITaxon:9606
obo:go/extensions/reacto.owl#REACTO_R-HSA-904854	AGXT2 tetramer	biolink:Gene	NCBITaxon:9606
obo:go/extensions/reacto.owl#REACTO_R-HSA-8953409	plasma membrane glyoxylate carrier	biolink:Gene	NCBITaxon:9606
obo:go/extensions/reacto.owl#REACTO_R-HSA-6793605	LIPT2	biolink:Gene	NCBITaxon:9606
obo:go/extensions/reacto.owl#REACTO_R-HSA-8953316	HPRO carrier	biolink:Gene	NCBITaxon:9606
obo:go/extensions/reacto.owl#REACTO_R-HSA-6784240	HYPDH dimer	biolink:Gene	NCBITaxon:9606
obo:go/extensions/reacto.owl#REACTO_R-HSA-156920	eEF1B complex	biolink:Gene	NCBITaxon:9606
UniProtKB:Q9NPH3	IL1RAP Hsap	biolink:Gene	NCBITaxon:9606
MGI:MGI:1921624	Clec16a Mmus	biolink:Gene	NCBITaxon:10090
MGI:MGI:1914838	Rnf41 Mmus	biolink:Gene	NCBITaxon:10090
obo:go/extensions/reacto.owl#REACTO_R-HSA-58206	PRKCI	biolink:Gene	NCBITaxon:9606
obo:go/extensions/reacto.owl#REACTO_R-HSA-193888	Phospho-IKK-beta homdimer	biolink:Gene	NCBITaxon:9606
UniProtKB:O95747	OXSR1 Hsap	biolink:Gene	NCBITaxon:9606
UniProtKB:Q9UHW9	SLC12A6 Hsap	biolink:Gene	NCBITaxon:9606
UniProtKB:P55011	SLC12A2 Hsap	biolink:Gene	NCBITaxon:9606
UniProtKB:Q7Z5Y6	BMP8A Hsap	biolink:Gene	NCBITaxon:9606
MGI:MGI:105128	Rad23b Mmus	biolink:Gene	NCBITaxon:10090
MGI:MGI:103557	Xpc Mmus	biolink:Gene	NCBITaxon:10090
MGI:MGI:105126	Rad23a Mmus	biolink:Gene	NCBITaxon:10090
obo:go/extensions/reacto.owl#REACTO_R-HSA-8857570	p-Y351-BRK	biolink:Gene	NCBITaxon:9606
obo:go/extensions/reacto.owl#REACTO_R-HSA-5661173	LRRK2	biolink:Gene	NCBITaxon:9606
UniProtKB:P24752	ACAT1 Hsap	biolink:Gene	NCBITaxon:9606
UniProtKB:P0DTC2-PRO_0000449649	Spike protein S2 Scov2	biolink:Gene	NCBITaxon:9606
UniProtKB:O95992	CH25H Hsap	biolink:Gene	NCBITaxon:9606
UniProtKB:O15393	TMPRSS2 Hsap	biolink:Gene	NCBITaxon:9606
MGI:MGI:1277959	Dlg4 Mmus	biolink:Gene	NCBITaxon:10090
UniProtKB:Q15208	STK38 Hsap	biolink:Gene	NCBITaxon:9606
UniProtKB:P35869	AHR Hsap	biolink:Gene	NCBITaxon:9606
UniProtKB:P27540	ARNT Hsap	biolink:Gene	NCBITaxon:9606
obo:go/extensions/reacto.owl#REACTO_R-HSA-174109	phosphorylated anaphase promoting complex (APC/C)	biolink:Gene	NCBITaxon:9606
UniProtKB:P28221	HTR1D Hsap	biolink:Gene	NCBITaxon:9606
MGI:MGI:3584043	Dok7 Mmus	biolink:Gene	NCBITaxon:10090
MGI:MGI:104683	Fnta Mmus	biolink:Gene	NCBITaxon:10090
MGI:MGI:87961	Agrn Mmus	biolink:Gene	NCBITaxon:10090
MGI:MGI:2442252	Lrp4 Mmus	biolink:Gene	NCBITaxon:10090
MGI:MGI:88508	Crk Mmus	biolink:Gene	NCBITaxon:10090
MGI:MGI:2446173	Farp1 Mmus	biolink:Gene	NCBITaxon:10090
MGI:MGI:104686	Crkl Mmus	biolink:Gene	NCBITaxon:10090
obo:go/extensions/reacto.owl#REACTO_R-HSA-449883	alcohol dehydrogenase complex	biolink:Gene	NCBITaxon:9606
obo:go/extensions/reacto.owl#REACTO_R-HSA-71689	ALDH1A1 tetramer	biolink:Gene	NCBITaxon:9606
obo:go/extensions/reacto.owl#REACTO_R-HSA-71721	ALDH2 tetramer	biolink:Gene	NCBITaxon:9606
obo:go/extensions/reacto.owl#REACTO_R-HSA-449914	ACSS1	biolink:Gene	NCBITaxon:9606
UniProtKB:P17655	CAPN2 Hsap	biolink:Gene	NCBITaxon:9606
UniProtKB:Q05397	PTK2 Hsap	biolink:Gene	NCBITaxon:9606
RNAcentral:URS000003F392_9606	URS000003F392_9606 Hsap	biolink:Gene	NCBITaxon:9606
UniProtKB:Q9NPF4	OSGEP Hsap	biolink:Gene	NCBITaxon:9606
UniProtKB:Q96IZ6	METTL2A Hsap	biolink:Gene	NCBITaxon:9606
UniProtKB:O14804	TAAR5 Hsap	biolink:Gene	NCBITaxon:9606
UniProtKB:O15230	LAMA5 Hsap	biolink:Gene	NCBITaxon:9606
UniProtKB:P50895	BCAM Hsap	biolink:Gene	NCBITaxon:9606
MGI:MGI:97250	Myc Mmus	biolink:Gene	NCBITaxon:10090
obo:go/extensions/reacto.owl#REACTO_R-HSA-396937	FES	biolink:Gene	NCBITaxon:9606
obo:go/extensions/reacto.owl#REACTO_R-HSA-396935	FARP2	biolink:Gene	NCBITaxon:9606
MGI:MGI:107931	Sqstm1 Mmus	biolink:Gene	NCBITaxon:10090
MGI:MGI:1858732	Keap1 Mmus	biolink:Gene	NCBITaxon:10090
obo:go/extensions/reacto.owl#REACTO_R-HSA-169690	ITPR3	biolink:Gene	NCBITaxon:9606
obo:go/extensions/reacto.owl#REACTO_R-HSA-349439	p-S387-RFWD2	biolink:Gene	NCBITaxon:9606
obo:go/extensions/reacto.owl#REACTO_R-HSA-9006301	EPO:p-8Y-EPOR:p-12Y-JAK2:LYN:IRS2	biolink:Gene	NCBITaxon:9606
UniProtKB:Q6Q0C0	TRAF7 Hsap	biolink:Gene	NCBITaxon:9606
UniProtKB:Q96PN6	ADCY10 Hsap	biolink:Gene	NCBITaxon:9606
UniProtKB:Q9UII2	ATP5IF1 Hsap	biolink:Gene	NCBITaxon:9606
GO:0045259	proton-transporting ATP synthase complex	biolink:Gene	NCBITaxon:9606
obo:go/extensions/reacto.owl#REACTO_R-HSA-4641177	N4GlycoAsn-PalmS-WNT3A:FZD:LRP5/6:ZNRF3/RNF43	biolink:Gene	NCBITaxon:9606
obo:go/extensions/reacto.owl#REACTO_R-HSA-5672720	activated RAF:scaffold:MAP2K:MAPK complex	biolink:Gene	NCBITaxon:9606
obo:go/extensions/reacto.owl#REACTO_R-HSA-5672721	p-2S MAP2K homo/heterodimers	biolink:Gene	NCBITaxon:9606
UniProtKB:Q96QA5	GSDMA Hsap	biolink:Gene	NCBITaxon:9606
UniProtKB:P25213	OPG204 VACCW	biolink:Gene	NCBITaxon:9606
UniProtKB:P01563	IFNA2 Hsap	biolink:Gene	NCBITaxon:9606
obo:go/extensions/reacto.owl#REACTO_R-HSA-5688092	DHX8	biolink:Gene	NCBITaxon:9606
obo:go/extensions/reacto.owl#REACTO_R-HSA-5688097	DHX15	biolink:Gene	NCBITaxon:9606
obo:go/extensions/reacto.owl#REACTO_R-HSA-72060	DHX38	biolink:Gene	NCBITaxon:9606
obo:go/extensions/reacto.owl#REACTO_R-HSA-9794541	U6 snRNA:2Mg2+	biolink:Gene	NCBITaxon:9606
obo:go/extensions/reacto.owl#REACTO_R-HSA-71879	DDX23	biolink:Gene	NCBITaxon:9606
obo:go/extensions/reacto.owl#REACTO_R-HSA-71885	SNRNP200	biolink:Gene	NCBITaxon:9606
obo:go/extensions/reacto.owl#REACTO_R-HSA-8850837	PRP2	biolink:Gene	NCBITaxon:9606
obo:go/extensions/reacto.owl#REACTO_R-HSA-198356	PKB	biolink:Gene	NCBITaxon:9606
obo:go/extensions/reacto.owl#REACTO_R-HSA-1604469	FBXW7:SKP1:CUL1:RBX1	biolink:Gene	NCBITaxon:9606
obo:go/extensions/reacto.owl#REACTO_R-HSA-9604605	Unknown protein kinase	biolink:Gene	NCBITaxon:9606
UniProtKB:Q96DX5	ASB9 Hsap	biolink:Gene	NCBITaxon:9606
UniProtKB:P12277	CKB Hsap	biolink:Gene	NCBITaxon:9606
UniProtKB:Q6GPH4	XAF1 Hsap	biolink:Gene	NCBITaxon:9606
obo:go/extensions/reacto.owl#REACTO_R-HSA-1464792	Fringe family	biolink:Gene	NCBITaxon:9606
obo:go/extensions/reacto.owl#REACTO_R-HSA-975900	B4GALT1 homodimer	biolink:Gene	NCBITaxon:9606
obo:go/extensions/reacto.owl#REACTO_R-HSA-1499957	ST3GAL3/4/6	biolink:Gene	NCBITaxon:9606
UniProtKB:Q86SH2	ZAR1 Hsap	biolink:Gene	NCBITaxon:9606
UniProtKB:P25874	UCP1 Hsap	biolink:Gene	NCBITaxon:9606
UniProtKB:Q9UBK2	PPARGC1A Hsap	biolink:Gene	NCBITaxon:9606
UniProtKB:O60543	CIDEA Hsap	biolink:Gene	NCBITaxon:9606
GO:0000123	histone acetyltransferase complex	biolink:Gene	NCBITaxon:9606
MGI:MGI:1342287	Klf4 Mmus	biolink:Gene	NCBITaxon:10090
UniProtKB:Q96RI9	TAAR9 Hsap	biolink:Gene	NCBITaxon:9606
obo:go/extensions/reacto.owl#REACTO_R-HSA-1806191	PIP5K3	biolink:Gene	NCBITaxon:9606
obo:go/extensions/reacto.owl#REACTO_R-HSA-1806231	MTM(3)	biolink:Gene	NCBITaxon:9606
obo:go/extensions/reacto.owl#REACTO_R-HSA-1806188	FIG4	biolink:Gene	NCBITaxon:9606
UniProtKB:Q16763	UBE2S Hsap	biolink:Gene	NCBITaxon:9606
UniProtKB:P49792	RANBP2 Hsap	biolink:Gene	NCBITaxon:9606
UniProtKB:O00148	DDX39A Hsap	biolink:Gene	NCBITaxon:9606
MGI:MGI:1917903	Gmpr2 Mmus	biolink:Gene	NCBITaxon:10090
UniProtKB:Q9UBT6	POLK Hsap	biolink:Gene	NCBITaxon:9606
UniProtKB:Q9NS91	RAD18 Hsap	biolink:Gene	NCBITaxon:9606
UniProtKB:P63146	UBE2B Hsap	biolink:Gene	NCBITaxon:9606
MGI:MGI:105979	G6pdx Mmus	biolink:Gene	NCBITaxon:10090
MGI:MGI:1913421	Pgls Mmus	biolink:Gene	NCBITaxon:10090
MGI:MGI:97553	Pgd Mmus	biolink:Gene	NCBITaxon:10090
MGI:MGI:1913896	Rpe Mmus	biolink:Gene	NCBITaxon:10090
MGI:MGI:105977	G6pd2 Mmus	biolink:Gene	NCBITaxon:10090
UniProtKB:Q9H4X1-2	RGCC Hsap	biolink:Gene	NCBITaxon:9606
GO:0031510	SUMO activating enzyme complex	biolink:Gene	NCBITaxon:10090
MGI:MGI:107365	Ube2i Mmus	biolink:Gene	NCBITaxon:10090
MGI:MGI:1913125	Pias1 Mmus	biolink:Gene	NCBITaxon:10090
MGI:MGI:2445054	Senp1 Mmus	biolink:Gene	NCBITaxon:10090
MGI:MGI:98724	Tgfa Mmus	biolink:Gene	NCBITaxon:10090
MGI:MGI:96963	Mep1a Mmus	biolink:Gene	NCBITaxon:10090
UniProtKB:P13473-1	LAMP2 Hsap	biolink:Gene	NCBITaxon:9606
RNAcentral:URS000012F9EC_9606	URS000012F9EC_9606 Hsap	biolink:Gene	NCBITaxon:9606
UniProtKB:Q8N5U6	RNF10 Hsap	biolink:Gene	NCBITaxon:9606
obo:go/extensions/reacto.owl#REACTO_R-HSA-451041	FH tetramer	biolink:Gene	NCBITaxon:9606
obo:go/extensions/reacto.owl#REACTO_R-HSA-9012264	ME2:Mg2+ tetramer	biolink:Gene	NCBITaxon:9606
obo:go/extensions/reacto.owl#REACTO_R-HSA-9012356	ME3:Mg2+ tetramer	biolink:Gene	NCBITaxon:9606
obo:go/extensions/reacto.owl#REACTO_R-HSA-165631		biolink:Gene	NCBITaxon:9606
obo:go/extensions/reacto.owl#REACTO_R-HSA-70990	SDH complex	biolink:Gene	NCBITaxon:9606
obo:go/extensions/reacto.owl#REACTO_R-HSA-70973	CS dimer	biolink:Gene	NCBITaxon:9606
obo:go/extensions/reacto.owl#REACTO_R-HSA-70968	ACO2	biolink:Gene	NCBITaxon:9606
obo:go/extensions/reacto.owl#REACTO_R-HSA-9653545	ALDH5A1 tetramer	biolink:Gene	NCBITaxon:9606
obo:go/extensions/reacto.owl#REACTO_R-HSA-9012057	FAHD1:Mg2+ dimer	biolink:Gene	NCBITaxon:9606
obo:go/extensions/reacto.owl#REACTO_R-HSA-70999	2xMUT:AdoCbl	biolink:Gene	NCBITaxon:9606
obo:go/extensions/reacto.owl#REACTO_R-HSA-156625	SUCLA2:SUCLG1	biolink:Gene	NCBITaxon:9606
obo:go/extensions/reacto.owl#REACTO_R-HSA-156627	SUCLG1:SUCLG2	biolink:Gene	NCBITaxon:9606
UniProtKB:P09681	GIP Hsap	biolink:Gene	NCBITaxon:9606
UniProtKB:P48546	GIPR Hsap	biolink:Gene	NCBITaxon:9606
obo:go/extensions/reacto.owl#REACTO_R-HSA-427531	SIRT1	biolink:Gene	NCBITaxon:9606
obo:go/extensions/reacto.owl#REACTO_R-HSA-427517	KMT1A	biolink:Gene	NCBITaxon:9606
obo:go/extensions/reacto.owl#REACTO_R-HSA-350078	PCAF	biolink:Gene	NCBITaxon:9606
UniProtKB:P30043	BLVRB Hsap	biolink:Gene	NCBITaxon:9606
obo:go/extensions/reacto.owl#REACTO_R-HSA-392141	Guanylate cyclase:NO	biolink:Gene	NCBITaxon:9606
obo:go/extensions/reacto.owl#REACTO_R-HSA-418560	cGMP phosphodiesterases	biolink:Gene	NCBITaxon:9606
UniProtKB:P43116	PTGER2 Hsap	biolink:Gene	NCBITaxon:9606
obo:go/extensions/reacto.owl#REACTO_R-HSA-419779	Opsins:photon	biolink:Gene	NCBITaxon:9606
obo:go/extensions/reacto.owl#REACTO_R-HSA-6790671	EMG1	biolink:Gene	NCBITaxon:9606
obo:go/extensions/reacto.owl#REACTO_R-HSA-8868776	TSR3	biolink:Gene	NCBITaxon:9606
obo:go/extensions/reacto.owl#REACTO_R-HSA-6790885	Box H/ACA snoRNP	biolink:Gene	NCBITaxon:9606
obo:go/extensions/reacto.owl#REACTO_R-HSA-6790980	WBSCR22:TRIMT112	biolink:Gene	NCBITaxon:9606
obo:go/extensions/reacto.owl#REACTO_R-HSA-6791001	DIMT1	biolink:Gene	NCBITaxon:9606
UniProtKB:P11021	HSPA5 Hsap	biolink:Gene	NCBITaxon:9606
UniProtKB:P15923	TCF3 Hsap	biolink:Gene	NCBITaxon:9606
UniProtKB:P28223	HTR2A Hsap	biolink:Gene	NCBITaxon:9606
RGD:3785	Stxbp1 Rnor	biolink:Gene	NCBITaxon:10116
RGD:619722	Unc13a Rnor	biolink:Gene	NCBITaxon:10116
RGD:3728	Snap25 Rnor	biolink:Gene	NCBITaxon:10116
RGD:3949	Vamp2 Rnor	biolink:Gene	NCBITaxon:10116
RGD:708573	Cadps Rnor	biolink:Gene	NCBITaxon:10116
obo:go/extensions/reacto.owl#REACTO_R-HSA-5628829	TIGAR	biolink:Gene	NCBITaxon:9606
obo:go/extensions/reacto.owl#REACTO_R-HSA-372874	FBP tetramer	biolink:Gene	NCBITaxon:9606
ComplexPortal:CPX-892	tlr2_tlr6_human Hsap	biolink:Gene	NCBITaxon:9606
UniProtKB:P49685	GPR15 Hsap	biolink:Gene	NCBITaxon:9606
UniProtKB:Q6UWK7	GPR15LG Hsap	biolink:Gene	NCBITaxon:9606
obo:go/extensions/reacto.owl#REACTO_R-HSA-1971481	CHST9,11,12,13	biolink:Gene	NCBITaxon:9606
obo:go/extensions/reacto.owl#REACTO_R-HSA-1971543	CHST15	biolink:Gene	NCBITaxon:9606
obo:go/extensions/reacto.owl#REACTO_R-HSA-1971467		biolink:Gene	NCBITaxon:9606
obo:go/extensions/reacto.owl#REACTO_R-HSA-1971425		biolink:Gene	NCBITaxon:9606
obo:go/extensions/reacto.owl#REACTO_R-HSA-1971496	CSGALNACT	biolink:Gene	NCBITaxon:9606
obo:go/extensions/reacto.owl#REACTO_R-HSA-1971431	CHSY1	biolink:Gene	NCBITaxon:9606
obo:go/extensions/reacto.owl#REACTO_R-HSA-2018661	CHST3,7	biolink:Gene	NCBITaxon:9606
PR:Q06507	mATF4 Mmus	biolink:Gene	NCBITaxon:10090
obo:go/extensions/reacto.owl#REACTO_R-HSA-1500588	DGAT1/2	biolink:Gene	NCBITaxon:9606
obo:go/extensions/reacto.owl#REACTO_R-HSA-1500601	MGLL dimer	biolink:Gene	NCBITaxon:9606
obo:go/extensions/reacto.owl#REACTO_R-HSA-8848506	WS	biolink:Gene	NCBITaxon:9606
RNAcentral:URS0000BC450A_9606	URS0000BC450A_9606 Hsap	biolink:Gene	NCBITaxon:9606
obo:go/extensions/reacto.owl#REACTO_R-HSA-9034067	ABO-A:Mn2+	biolink:Gene	NCBITaxon:9606
obo:go/extensions/reacto.owl#REACTO_R-HSA-9034077	ABO-B:Mn2+	biolink:Gene	NCBITaxon:9606
UniProtKB:P28347	TEAD1 Hsap	biolink:Gene	NCBITaxon:9606
UniProtKB:P18075	BMP7 Hsap	biolink:Gene	NCBITaxon:9606
obo:go/extensions/reacto.owl#REACTO_R-HSA-5359005	SLC5A6:PDZD11	biolink:Gene	NCBITaxon:9606
obo:go/extensions/reacto.owl#REACTO_R-HSA-2993867	HLCS	biolink:Gene	NCBITaxon:9606
obo:go/extensions/reacto.owl#REACTO_R-HSA-3076890	unknown peptidase	biolink:Gene	NCBITaxon:9606
obo:go/extensions/reacto.owl#REACTO_R-HSA-3076903	unknown peptidase	biolink:Gene	NCBITaxon:9606
UniProtKB:P68707	OPG058 VACCW	biolink:Gene	NCBITaxon:9606
UniProtKB:Q9NWR8	MCUB Hsap	biolink:Gene	NCBITaxon:9606
obo:go/extensions/reacto.owl#REACTO_R-HSA-158306	FXIIa	biolink:Gene	NCBITaxon:9606
obo:go/extensions/reacto.owl#REACTO_R-HSA-158130	factor XIa:GPIb:GPIX:GPV complex	biolink:Gene	NCBITaxon:9606
obo:go/extensions/reacto.owl#REACTO_R-HSA-158197	kallikrein:kininogen:C1q binding protein tetramer	biolink:Gene	NCBITaxon:9606
obo:go/extensions/reacto.owl#REACTO_R-HSA-158176	prolylcarboxypeptidase dimer	biolink:Gene	NCBITaxon:9606
UniProtKB:O00175	CCL24 Hsap	biolink:Gene	NCBITaxon:9606
UniProtKB:Q15020	SART3 Hsap	biolink:Gene	NCBITaxon:9606
UniProtKB:Q9H6E5	TUT1 Hsap	biolink:Gene	NCBITaxon:9606
UniProtKB:O60762	DPM1 Hsap	biolink:Gene	NCBITaxon:9606
UniProtKB:P37287	PIGA Hsap	biolink:Gene	NCBITaxon:9606
obo:go/extensions/reacto.owl#REACTO_R-HSA-5255429	HSP70 NEFs	biolink:Gene	NCBITaxon:9606
obo:go/extensions/reacto.owl#REACTO_R-HSA-5252070	DNAJB1,B6,C2,C7	biolink:Gene	NCBITaxon:9606
obo:go/extensions/reacto.owl#REACTO_R-HSA-70872	HIBCH	biolink:Gene	NCBITaxon:9606
obo:go/extensions/reacto.owl#REACTO_R-HSA-70883	HIBADH tetramer	biolink:Gene	NCBITaxon:9606
obo:go/extensions/reacto.owl#REACTO_R-HSA-70890	MMSDH	biolink:Gene	NCBITaxon:9606
obo:go/extensions/reacto.owl#REACTO_R-HSA-70019	BCKDH	biolink:Gene	NCBITaxon:9606
obo:go/extensions/reacto.owl#REACTO_R-HSA-70856	ACAD8 tetramer	biolink:Gene	NCBITaxon:9606
obo:go/extensions/reacto.owl#REACTO_R-HSA-70797	ACADSB tetramer	biolink:Gene	NCBITaxon:9606
obo:go/extensions/reacto.owl#REACTO_R-HSA-70730	IVD tetramer	biolink:Gene	NCBITaxon:9606
obo:go/extensions/reacto.owl#REACTO_R-HSA-70704	BCAT2 dimer	biolink:Gene	NCBITaxon:9606
obo:go/extensions/reacto.owl#REACTO_R-HSA-70770	6x(Btn-MCCC1:MCCC2)	biolink:Gene	NCBITaxon:9606
obo:go/extensions/reacto.owl#REACTO_R-HSA-508309	AUH hexamer	biolink:Gene	NCBITaxon:9606
obo:go/extensions/reacto.owl#REACTO_R-HSA-9672776	SLC25A44	biolink:Gene	NCBITaxon:9606
obo:go/extensions/reacto.owl#REACTO_R-HSA-508381	HADH2 tetramer	biolink:Gene	NCBITaxon:9606
obo:go/extensions/reacto.owl#REACTO_R-HSA-70827	enoyl-CoA hydratase	biolink:Gene	NCBITaxon:9606
obo:go/extensions/reacto.owl#REACTO_R-HSA-209777	DEHAL1:FMN	biolink:Gene	NCBITaxon:9606
UniProtKB:Q969H0-1	FBXW7 Hsap	biolink:Gene	NCBITaxon:9606
UniProtKB:P21453	S1PR1 Hsap	biolink:Gene	NCBITaxon:9606
UniProtKB:P21980	TGM2 Hsap	biolink:Gene	NCBITaxon:9606
UniProtKB:P68431	H3C1 Hsap	biolink:Gene	NCBITaxon:9606
obo:go/extensions/reacto.owl#REACTO_R-HSA-9663763	CHRNA9:CHRNA10	biolink:Gene	NCBITaxon:9606
obo:go/extensions/reacto.owl#REACTO_R-HSA-9663804	SK2 tetramer	biolink:Gene	NCBITaxon:9606
UniProtKB:Q9NZ08	ERAP1 Hsap	biolink:Gene	NCBITaxon:9606
UniProtKB:P04439	HLA-A Hsap	biolink:Gene	NCBITaxon:9606
UniProtKB:P61769	B2M Hsap	biolink:Gene	NCBITaxon:9606
UniProtKB:P30101	PDIA3 Hsap	biolink:Gene	NCBITaxon:9606
UniProtKB:P27797	CALR Hsap	biolink:Gene	NCBITaxon:9606
UniProtKB:P24768	KBTB1 VACCW	biolink:Gene	NCBITaxon:9606
UniProtKB:P25098	GRK2 Hsap	biolink:Gene	NCBITaxon:9606
UniProtKB:P35626	GRK3 Hsap	biolink:Gene	NCBITaxon:9606
obo:go/extensions/reacto.owl#REACTO_R-HSA-205021	HDAC1	biolink:Gene	NCBITaxon:9606
obo:go/extensions/reacto.owl#REACTO_R-HSA-427410	NoRC:pRNA:HDAC:DNMT	biolink:Gene	NCBITaxon:9606
obo:go/extensions/reacto.owl#REACTO_R-HSA-2976730	ACC1	biolink:Gene	NCBITaxon:9606
obo:go/extensions/reacto.owl#REACTO_R-HSA-77380	FAS dimer	biolink:Gene	NCBITaxon:9606
obo:go/extensions/reacto.owl#REACTO_R-HSA-8847584	SCD5 dimer	biolink:Gene	NCBITaxon:9606
obo:go/extensions/reacto.owl#REACTO_R-HSA-8854942	SCD dimer	biolink:Gene	NCBITaxon:9606
obo:go/extensions/reacto.owl#REACTO_R-HSA-372445	SLC25A1	biolink:Gene	NCBITaxon:9606
MGI:MGI:3036269	Trim55 Mmus	biolink:Gene	NCBITaxon:10090
obo:go/extensions/reacto.owl#REACTO_R-HSA-111428	ATIC dimer	biolink:Gene	NCBITaxon:9606
obo:go/extensions/reacto.owl#REACTO_R-HSA-62498	GART	biolink:Gene	NCBITaxon:9606
obo:go/extensions/reacto.owl#REACTO_R-HSA-419271	PAICS octamer	biolink:Gene	NCBITaxon:9606
obo:go/extensions/reacto.owl#REACTO_R-HSA-62500	PFAS	biolink:Gene	NCBITaxon:9606
obo:go/extensions/reacto.owl#REACTO_R-HSA-500310	ADSS, ADSSL1 dimers	biolink:Gene	NCBITaxon:9606
UniProtKB:Q8WVD3	RNF138 Hsap	biolink:Gene	NCBITaxon:9606
UniProtKB:Q99708	RBBP8 Hsap	biolink:Gene	NCBITaxon:9606
UniProtKB:P05771-2	PRKCB Hsap	biolink:Gene	NCBITaxon:9606
MGI:MGI:2653833	Nlrp3 Mmus	biolink:Gene	NCBITaxon:10090
MGI:MGI:1923573	Zdhhc5 Mmus	biolink:Gene	NCBITaxon:10090
MGI:MGI:2444393	Zdhhc9 Mmus	biolink:Gene	NCBITaxon:10090
obo:go/extensions/reacto.owl#REACTO_R-HSA-2023867	ITPKA/B/C	biolink:Gene	NCBITaxon:9606
obo:go/extensions/reacto.owl#REACTO_R-HSA-1806163	PIP4K2/5K1	biolink:Gene	NCBITaxon:9606
obo:go/extensions/reacto.owl#REACTO_R-HSA-6809318	MTMR6:MTMR9,MTMR8:MTMR9	biolink:Gene	NCBITaxon:9606
obo:go/extensions/reacto.owl#REACTO_R-HSA-6809791	MTMR2:SBF2 Tetramer	biolink:Gene	NCBITaxon:9606
obo:go/extensions/reacto.owl#REACTO_R-HSA-1806233	PIK3C(1)	biolink:Gene	NCBITaxon:9606
obo:go/extensions/reacto.owl#REACTO_R-HSA-1806186	INPP5(2)	biolink:Gene	NCBITaxon:9606
obo:go/extensions/reacto.owl#REACTO_R-HSA-1806189	PIK3(2)	biolink:Gene	NCBITaxon:9606
UniProtKB:O60260	PRKN Hsap	biolink:Gene	NCBITaxon:9606
UniProtKB:P05161	ISG15 Hsap	biolink:Gene	NCBITaxon:9606
obo:go/extensions/reacto.owl#REACTO_R-HSA-389388	Cot	biolink:Gene	NCBITaxon:9606
UniProtKB:Q9BZY9	TRIM31 Hsap	biolink:Gene	NCBITaxon:9606
obo:go/extensions/reacto.owl#REACTO_R-HSA-500235	AMPD tetramers	biolink:Gene	NCBITaxon:9606
obo:go/extensions/reacto.owl#REACTO_R-HSA-514620	GMPR tetramers	biolink:Gene	NCBITaxon:9606
UniProtKB:P18825	ADRA2C Hsap	biolink:Gene	NCBITaxon:9606
UniProtKB:O43612	HCRT Hsap	biolink:Gene	NCBITaxon:9606
UniProtKB:O43613	HCRTR1 Hsap	biolink:Gene	NCBITaxon:9606
UniProtKB:P0C2W1	FBXO45 Hsap	biolink:Gene	NCBITaxon:9606
UniProtKB:O75592	MYCBP2 Hsap	biolink:Gene	NCBITaxon:9606
UniProtKB:Q9BZQ4	NMNAT2 Hsap	biolink:Gene	NCBITaxon:9606
obo:go/extensions/reacto.owl#REACTO_R-HSA-202266	Antigen-bearing MHC Class II :TCR complex:CD4: Lck phosphorylated at Tyr394	biolink:Gene	NCBITaxon:9606
obo:go/extensions/reacto.owl#REACTO_R-HSA-202368	p-Y493-ZAP70	biolink:Gene	NCBITaxon:9606
obo:go/extensions/reacto.owl#REACTO_R-HSA-8852205	LYP	biolink:Gene	NCBITaxon:9606
obo:go/extensions/reacto.owl#REACTO_R-HSA-422050	GOAT	biolink:Gene	NCBITaxon:9606
MGI:MGI:1923951	Ctrc Mmus	biolink:Gene	NCBITaxon:10090
MGI:MGI:102757	Try4 Mmus	biolink:Gene	NCBITaxon:10090
MGI:MGI:102756	Try5 Mmus	biolink:Gene	NCBITaxon:10090
obo:go/extensions/reacto.owl#REACTO_R-HSA-5694020	DLD dimer:2xFAD	biolink:Gene	NCBITaxon:9606
obo:go/extensions/reacto.owl#REACTO_R-HSA-5693954	GLDC dimer	biolink:Gene	NCBITaxon:9606
obo:go/extensions/reacto.owl#REACTO_R-HSA-5693981	AMT	biolink:Gene	NCBITaxon:9606
MGI:MGI:1924105	Slc17a5 Mmus	biolink:Gene	NCBITaxon:10090
MGI:MGI:1927185	Chp1 Mmus	biolink:Gene	NCBITaxon:10090
MGI:MGI:102462	Slc9a1 Mmus	biolink:Gene	NCBITaxon:10090
MGI:MGI:88338	Cd44 Mmus	biolink:Gene	NCBITaxon:10090
MGI:MGI:2136348	Lyve1 Mmus	biolink:Gene	NCBITaxon:10090
MGI:MGI:2178743	Stab2 Mmus	biolink:Gene	NCBITaxon:10090
MGI:MGI:104667	Hmmr Mmus	biolink:Gene	NCBITaxon:10090
UniProtKB:P06881-1	CALCA Hsap	biolink:Gene	NCBITaxon:9606
UniProtKB:Q96K19	RNF170 Hsap	biolink:Gene	NCBITaxon:9606
obo:go/extensions/reacto.owl#REACTO_R-HSA-5655492	POLK:Mg2+,Mn2+	biolink:Gene	NCBITaxon:9606
obo:go/extensions/reacto.owl#REACTO_R-HSA-5655912	POLK:REV1:POLZ:MonoUb:K164-PCNA:RPA:RFC:(Tg:A)-DNA Template,(OGUA:A)-DNA Template,(BPDE-G:C)-DNA Template	biolink:Gene	NCBITaxon:9606
obo:go/extensions/reacto.owl#REACTO_R-HSA-5359054	PAPSeR	biolink:Gene	NCBITaxon:9606
MGI:MGI:1306782	Dio3 Mmus	biolink:Gene	NCBITaxon:10090
MGI:MGI:98743	Thrb Mmus	biolink:Gene	NCBITaxon:10090
UniProtKB:P11207	P/V NCBITaxon:11208	biolink:Gene	NCBITaxon:9606
obo:go/extensions/reacto.owl#REACTO_R-HSA-981491	ST3GAL1-4	biolink:Gene	NCBITaxon:9606
obo:go/extensions/reacto.owl#REACTO_R-HSA-981824	ST6GALNAC3/4	biolink:Gene	NCBITaxon:9606
UniProtKB:O75636	FCN3 Hsap	biolink:Gene	NCBITaxon:9606
UniProtKB:Q15366	PCBP2 Hsap	biolink:Gene	NCBITaxon:9606
MGI:MGI:95516	Fgf2 Mmus	biolink:Gene	NCBITaxon:10090
MGI:MGI:95524	Fgfr3 Mmus	biolink:Gene	NCBITaxon:10090
UniProtKB:Q15389	ANGPT1 Hsap	biolink:Gene	NCBITaxon:9606
obo:go/extensions/reacto.owl#REACTO_R-HSA-977599	CFI:CD46, CR1:C4b, C3b complexes	biolink:Gene	NCBITaxon:9606
obo:go/extensions/reacto.owl#REACTO_R-HSA-976749	CFI	biolink:Gene	NCBITaxon:9606
obo:UniProtKB_P32182		biolink:Gene	NCBITaxon:10090
MGI:MGI:1315197	Hk2 Mmus	biolink:Gene	NCBITaxon:10090
MGI:MGI:109128	Hnf4a Mmus	biolink:Gene	NCBITaxon:10090
MGI:MGI:98504	Hnf1a Mmus	biolink:Gene	NCBITaxon:10090
obo:go/extensions/reacto.owl#REACTO_R-HSA-1606792	ARSB:Ca2+	biolink:Gene	NCBITaxon:9606
obo:go/extensions/reacto.owl#REACTO_R-HSA-2247521	beta-xylosidase	biolink:Gene	NCBITaxon:9606
UniProtKB:Q9H8W5	TRIM45 Hsap	biolink:Gene	NCBITaxon:9606
obo:go/extensions/reacto.owl#REACTO_R-HSA-198701	p-T,Y MAPK dimers	biolink:Gene	NCBITaxon:9606
obo:go/extensions/reacto.owl#REACTO_R-HSA-199849	Phospho-Ribosomal protein S6 kinase	biolink:Gene	NCBITaxon:9606
obo:go/extensions/reacto.owl#REACTO_R-HSA-199878	p-ERK1/2/5 dimers	biolink:Gene	NCBITaxon:9606
obo:go/extensions/reacto.owl#REACTO_R-HSA-70558	OTC trimer	biolink:Gene	NCBITaxon:9606
obo:go/extensions/reacto.owl#REACTO_R-HSA-70571	ASL tetramer	biolink:Gene	NCBITaxon:9606
obo:go/extensions/reacto.owl#REACTO_R-HSA-70544	CPS1	biolink:Gene	NCBITaxon:9606
obo:go/extensions/reacto.owl#REACTO_R-HSA-70567	ARG1 trimer	biolink:Gene	NCBITaxon:9606
obo:go/extensions/reacto.owl#REACTO_R-HSA-180499	CSK	biolink:Gene	NCBITaxon:9606
obo:go/extensions/reacto.owl#REACTO_R-HSA-6785270	CD45,CD148	biolink:Gene	NCBITaxon:9606
obo:go/extensions/reacto.owl#REACTO_R-HSA-167609	LCK	biolink:Gene	NCBITaxon:9606
UniProtKB:O60602	TLR5 Hsap	biolink:Gene	NCBITaxon:9606
UniProtKB:P06179	fliC SALTY	biolink:Gene	NCBITaxon:9606
obo:go/extensions/reacto.owl#REACTO_R-HSA-9018840	RHOQ GEFs	biolink:Gene	NCBITaxon:9606
obo:go/extensions/reacto.owl#REACTO_R-HSA-9018843	RHOQ GAPs	biolink:Gene	NCBITaxon:9606
MGI:MGI:107191	Bmpr1b Mmus	biolink:Gene	NCBITaxon:10090
MGI:MGI:1338024	Mapk11 Mmus	biolink:Gene	NCBITaxon:10090
MGI:MGI:1346865	Mapk14 Mmus	biolink:Gene	NCBITaxon:10090
MGI:MGI:1346870	Map2k6 Mmus	biolink:Gene	NCBITaxon:10090
MGI:MGI:1346877	Map3k7 Mmus	biolink:Gene	NCBITaxon:10090
MGI:MGI:2153568	Sp7 Mmus	biolink:Gene	NCBITaxon:10090
MGI:MGI:96389	Ibsp Mmus	biolink:Gene	NCBITaxon:10090
MGI:MGI:87983	Alpl Mmus	biolink:Gene	NCBITaxon:10090
obo:go/extensions/reacto.owl#REACTO_R-HSA-1810413	p-Y419/420/426-N-myristoyl-SRC/FYN/YES1	biolink:Gene	NCBITaxon:9606
MGI:MGI:2179523	Fcgr4 Mmus	biolink:Gene	NCBITaxon:10090
UniProtKB:P18615	NELFE Hsap	biolink:Gene	NCBITaxon:9606
UniProtKB:O60563	CCNT1 Hsap	biolink:Gene	NCBITaxon:9606
UniProtKB:P24928-2	POLR2A Hsap	biolink:Gene	NCBITaxon:9606
obo:go/extensions/reacto.owl#REACTO_R-HSA-2534382	CatSper Channel	biolink:Gene	NCBITaxon:9606
obo:go/extensions/reacto.owl#REACTO_R-HSA-2534372	Slo3 Channel	biolink:Gene	NCBITaxon:9606
obo:go/extensions/reacto.owl#REACTO_R-HSA-2534381	HV1 Channel	biolink:Gene	NCBITaxon:9606
UniProtKB:P08362		biolink:Gene	NCBITaxon:9606
UniProtKB:Q13291	SLAMF1 Hsap	biolink:Gene	NCBITaxon:9606
UniProtKB:Q14142	TRIM14 Hsap	biolink:Gene	NCBITaxon:9606
UniProtKB:P54578	USP14 Hsap	biolink:Gene	NCBITaxon:9606
UniProtKB:Q6B0I6	KDM4D Hsap	biolink:Gene	NCBITaxon:9606
MGI:MGI:1355307	Il22 Mmus	biolink:Gene	NCBITaxon:10090
MGI:MGI:2663588	Il22ra1 Mmus	biolink:Gene	NCBITaxon:10090
MGI:MGI:1855696	Tslp Mmus	biolink:Gene	NCBITaxon:10090
MGI:MGI:1918586	Rbks Mmus	biolink:Gene	NCBITaxon:10090
UniProtKB:Q67FW5	B3GNTL1 Hsap	biolink:Gene	NCBITaxon:9606
UniProtKB:Q4AE62	GTDC1 Hsap	biolink:Gene	NCBITaxon:9606
UniProtKB:O14717	TRDMT1 Hsap	biolink:Gene	NCBITaxon:9606
UniProtKB:Q9UII4	HERC5 Hsap	biolink:Gene	NCBITaxon:9606
UniProtKB:O14933	UBE2L6 Hsap	biolink:Gene	NCBITaxon:9606
UniProtKB:P41226	UBA7 Hsap	biolink:Gene	NCBITaxon:9606
UniProtKB:P61981	YWHAG Hsap	biolink:Gene	NCBITaxon:9606
obo:go/extensions/reacto.owl#REACTO_R-HSA-189243	SGLT1	biolink:Gene	NCBITaxon:9606
obo:go/extensions/reacto.owl#REACTO_R-HSA-189000	TREH	biolink:Gene	NCBITaxon:9606
obo:go/extensions/reacto.owl#REACTO_R-HSA-70422	GLUT2 tetramer	biolink:Gene	NCBITaxon:9606
obo:go/extensions/reacto.owl#REACTO_R-HSA-189026	LCT dimer	biolink:Gene	NCBITaxon:9606
obo:go/extensions/reacto.owl#REACTO_R-HSA-189202	GLUT5	biolink:Gene	NCBITaxon:9606
obo:go/extensions/reacto.owl#REACTO_R-HSA-189035	SI(1007-1826)	biolink:Gene	NCBITaxon:9606
UniProtKB:Q86TM6	SYVN1 Hsap	biolink:Gene	NCBITaxon:9606
UniProtKB:Q9BZM6	ULBP1 Hsap	biolink:Gene	NCBITaxon:9606
UniProtKB:Q13478	IL18R1 Hsap	biolink:Gene	NCBITaxon:9606
UniProtKB:O95256	IL18RAP Hsap	biolink:Gene	NCBITaxon:9606
UniProtKB:P17357	OPG022 VACCW	biolink:Gene	NCBITaxon:9606
obo:go/extensions/reacto.owl#REACTO_R-HSA-2161957	HXEH	biolink:Gene	NCBITaxon:9606
obo:go/extensions/reacto.owl#REACTO_R-HSA-8875066	ACSM3,ACSM6	biolink:Gene	NCBITaxon:9606
obo:go/extensions/reacto.owl#REACTO_R-HSA-71040	GCDH tetramer	biolink:Gene	NCBITaxon:9606
UniProtKB:Q99986	VRK1 Hsap	biolink:Gene	NCBITaxon:9606
UniProtKB:P04585	gag-pol NCBITaxon:11706	biolink:Gene	NCBITaxon:9606
obo:go/extensions/reacto.owl#REACTO_R-HSA-917748	GABA Loaded synaptic vesicle	biolink:Gene	NCBITaxon:9606
obo:go/extensions/reacto.owl#REACTO_R-HSA-917774	Docked GABA loaded synaptic vesicle	biolink:Gene	NCBITaxon:9606
obo:go/extensions/reacto.owl#REACTO_R-HSA-444011	SLC6A GABA transporters	biolink:Gene	NCBITaxon:9606
obo:go/extensions/reacto.owl#REACTO_R-HSA-428551	SLC32A1	biolink:Gene	NCBITaxon:9606
obo:go/extensions/reacto.owl#REACTO_R-HSA-351969	BGT-1	biolink:Gene	NCBITaxon:9606
obo:go/extensions/reacto.owl#REACTO_R-HSA-888569	PXLP-GAD dimers	biolink:Gene	NCBITaxon:9606
UniProtKB:Q96S82	UBL7 Hsap	biolink:Gene	NCBITaxon:9606
UniProtKB:Q01804	OTUD4 Hsap	biolink:Gene	NCBITaxon:9606
obo:go/extensions/reacto.owl#REACTO_R-HSA-377592	p-Y419-SRC	biolink:Gene	NCBITaxon:9606
obo:go/extensions/reacto.owl#REACTO_R-HSA-201621	FAK	biolink:Gene	NCBITaxon:9606
UniProtKB:Q15389-1	ANGPT1 Hsap	biolink:Gene	NCBITaxon:9606
obo:go/extensions/reacto.owl#REACTO_R-HSA-6797657	DMGDH:FAD	biolink:Gene	NCBITaxon:9606
obo:go/extensions/reacto.owl#REACTO_R-HSA-6798195	CHDH	biolink:Gene	NCBITaxon:9606
obo:go/extensions/reacto.owl#REACTO_R-HSA-508562	ALDH7A1	biolink:Gene	NCBITaxon:9606
obo:go/extensions/reacto.owl#REACTO_R-HSA-6798157	CTL1	biolink:Gene	NCBITaxon:9606
obo:go/extensions/reacto.owl#REACTO_R-HSA-2470277	NREH	biolink:Gene	NCBITaxon:9606
obo:go/extensions/reacto.owl#REACTO_R-HSA-2980901	RETSAT	biolink:Gene	NCBITaxon:9606
obo:go/extensions/reacto.owl#REACTO_R-HSA-174592	LPL dimer	biolink:Gene	NCBITaxon:9606
obo:go/extensions/reacto.owl#REACTO_R-HSA-171053	LDLR	biolink:Gene	NCBITaxon:9606
obo:go/extensions/reacto.owl#REACTO_R-HSA-2424258	LRPs	biolink:Gene	NCBITaxon:9606
obo:go/extensions/reacto.owl#REACTO_R-HSA-975606	LRAT	biolink:Gene	NCBITaxon:9606
obo:go/extensions/reacto.owl#REACTO_R-HSA-2453687	REH	biolink:Gene	NCBITaxon:9606
obo:go/extensions/reacto.owl#REACTO_R-HSA-2855241	AKRs	biolink:Gene	NCBITaxon:9606
obo:go/extensions/reacto.owl#REACTO_R-HSA-975645	RDH11	biolink:Gene	NCBITaxon:9606
UniProtKB:Q9BPZ7	MAPKAP1 Hsap	biolink:Gene	NCBITaxon:9606
UniProtKB:P46734	MAP2K3 Hsap	biolink:Gene	NCBITaxon:9606
UniProtKB:P08393	ICP0 HHV11	biolink:Gene	NCBITaxon:9606
UniProtKB:Q14149	MORC3 Hsap	biolink:Gene	NCBITaxon:9606
UniProtKB:Q9HAU4	SMURF2 Hsap	biolink:Gene	NCBITaxon:9606
UniProtKB:P09211	GSTP1 Hsap	biolink:Gene	NCBITaxon:9606
UniProtKB:O43681	GET3 Hsap	biolink:Gene	NCBITaxon:9606
UniProtKB:P0C739	BNLF2a NCBITaxon:10377	biolink:Gene	NCBITaxon:9606
UniProtKB:Q8IZP9	ADGRG2 Hsap	biolink:Gene	NCBITaxon:9606
obo:go/extensions/reacto.owl#REACTO_R-HSA-5423602	CYP1A2,3A4,3A5,2A13	biolink:Gene	NCBITaxon:9606
obo:go/extensions/reacto.owl#REACTO_R-HSA-176042	MGST trimers	biolink:Gene	NCBITaxon:9606
obo:go/extensions/reacto.owl#REACTO_R-HSA-3301978	GST dimers	biolink:Gene	NCBITaxon:9606
obo:go/extensions/reacto.owl#REACTO_R-HSA-2990860	Cytochrome P450 (CYP2E1 based)	biolink:Gene	NCBITaxon:9606
obo:go/extensions/reacto.owl#REACTO_R-HSA-52623	CYP1A1	biolink:Gene	NCBITaxon:9606
UniProtKB:Q5XPI4	RNF123 Hsap	biolink:Gene	NCBITaxon:9606
obo:go/extensions/reacto.owl#REACTO_R-HSA-5686112	NHL	biolink:Gene	NCBITaxon:9606
obo:go/extensions/reacto.owl#REACTO_R-HSA-2464787	RDH12	biolink:Gene	NCBITaxon:9606
obo:go/extensions/reacto.owl#REACTO_R-HSA-2984190	RBP3	biolink:Gene	NCBITaxon:9606
obo:go/extensions/reacto.owl#REACTO_R-HSA-1457539	ABCA4	biolink:Gene	NCBITaxon:9606
obo:go/extensions/reacto.owl#REACTO_R-HSA-4127419	RDH8-like proteins	biolink:Gene	NCBITaxon:9606
obo:go/extensions/reacto.owl#REACTO_R-HSA-74853	RPE65	biolink:Gene	NCBITaxon:9606
UniProtKB:P25100	ADRA1D Hsap	biolink:Gene	NCBITaxon:9606
UniProtKB:P35318	ADM Hsap	biolink:Gene	NCBITaxon:9606
UniProtKB:Q9Y4B6	DCAF1 Hsap	biolink:Gene	NCBITaxon:9606
UniProtKB:P69726	vpr NCBITaxon:11706	biolink:Gene	NCBITaxon:9606
UniProtKB:P13051	UNG Hsap	biolink:Gene	NCBITaxon:9606
UniProtKB:P28335	HTR2C Hsap	biolink:Gene	NCBITaxon:9606
UniProtKB:P57081	WDR4 Hsap	biolink:Gene	NCBITaxon:9606
UniProtKB:Q96LD4-1	TRIM47 Hsap	biolink:Gene	NCBITaxon:9606
UniProtKB:Q12906	ILF3 Hsap	biolink:Gene	NCBITaxon:9606
UniProtKB:Q16222	UAP1 Hsap	biolink:Gene	NCBITaxon:9606
MGI:MGI:107606	Srebf1 Mmus	biolink:Gene	NCBITaxon:10090
MGI:MGI:98239	Scd1 Mmus	biolink:Gene	NCBITaxon:10090
UniProtKB:P06748	NPM1 Hsap	biolink:Gene	NCBITaxon:9606
UniProtKB:A6NKF2	ARID3C Hsap	biolink:Gene	NCBITaxon:9606
UniProtKB:P28566	HTR1E Hsap	biolink:Gene	NCBITaxon:9606
MGI:MGI:1921916	Brme1 Mmus	biolink:Gene	NCBITaxon:10090
MGI:MGI:97890	Rad51 Mmus	biolink:Gene	NCBITaxon:10090
obo:go/extensions/reacto.owl#REACTO_R-HSA-5490380	NglycoAsn-Hh precursors:P4HB	biolink:Gene	NCBITaxon:9606
obo:go/extensions/reacto.owl#REACTO_R-HSA-5358317	HHAT	biolink:Gene	NCBITaxon:9606
obo:go/extensions/reacto.owl#REACTO_R-HSA-5362361	SYVN1 dimer	biolink:Gene	NCBITaxon:9606
obo:go/extensions/reacto.owl#REACTO_R-HSA-5362364	VCP hexamer	biolink:Gene	NCBITaxon:9606
UniProtKB:P25021	HRH2 Hsap	biolink:Gene	NCBITaxon:9606
UniProtKB:P03172		biolink:Gene	NCBITaxon:9606
UniProtKB:Q9NZI8	IGF2BP1 Hsap	biolink:Gene	NCBITaxon:9606
UniProtKB:P63104-1	YWHAZ Hsap	biolink:Gene	NCBITaxon:9606
UniProtKB:P04049-2	RAF1 Hsap	biolink:Gene	NCBITaxon:9606
UniProtKB:Q9Y653	ADGRG1 Hsap	biolink:Gene	NCBITaxon:9606
obo:go/extensions/reacto.owl#REACTO_R-HSA-448210	ETFDH	biolink:Gene	NCBITaxon:9606
obo:go/extensions/reacto.owl#REACTO_R-HSA-169267	ETF:FAD	biolink:Gene	NCBITaxon:9606
UniProtKB:Q8WZA9	IRGQ Hsap	biolink:Gene	NCBITaxon:9606
MGI:MGI:99782	Nt5e Mmus	biolink:Gene	NCBITaxon:10090
MGI:MGI:1345278	Slc29a2 Mmus	biolink:Gene	NCBITaxon:10090
MGI:MGI:1927073	Slc29a1 Mmus	biolink:Gene	NCBITaxon:10090
MGI:MGI:102805	Entpd1 Mmus	biolink:Gene	NCBITaxon:10090
UniProtKB:P20591	MX1 Hsap	biolink:Gene	NCBITaxon:9606
obo:go/extensions/reacto.owl#REACTO_R-HSA-9014905	activated PDE1 dimers	biolink:Gene	NCBITaxon:9606
UniProtKB:P04114-PRO_0000020751	APOB Hsap	biolink:Gene	NCBITaxon:9606
UniProtKB:Q0VD83	APOBR Hsap	biolink:Gene	NCBITaxon:9606
obo:go/extensions/reacto.owl#REACTO_R-HSA-70205	GYG2	biolink:Gene	NCBITaxon:9606
obo:go/extensions/reacto.owl#REACTO_R-HSA-71599	GYS2	biolink:Gene	NCBITaxon:9606
obo:go/extensions/reacto.owl#REACTO_R-HSA-70190	GYG1	biolink:Gene	NCBITaxon:9606
obo:go/extensions/reacto.owl#REACTO_R-HSA-71570	p-S-GYS1	biolink:Gene	NCBITaxon:9606
obo:go/extensions/reacto.owl#REACTO_R-HSA-71565	GYS1	biolink:Gene	NCBITaxon:9606
obo:go/extensions/reacto.owl#REACTO_R-HSA-71576	GBE1	biolink:Gene	NCBITaxon:9606
obo:go/extensions/reacto.owl#REACTO_R-HSA-3777103	EPM2A	biolink:Gene	NCBITaxon:9606
obo:go/extensions/reacto.owl#REACTO_R-HSA-3781020	malin	biolink:Gene	NCBITaxon:9606
UniProtKB:A6NC98	CCDC88B Hsap	biolink:Gene	NCBITaxon:9606
UniProtKB:Q9Y2H1	STK38L Hsap	biolink:Gene	NCBITaxon:9606
obo:go/extensions/reacto.owl#REACTO_R-HSA-9013168	RAC1 GEFs	biolink:Gene	NCBITaxon:9606
obo:go/extensions/reacto.owl#REACTO_R-HSA-9013175	RAC1 GAPs	biolink:Gene	NCBITaxon:9606
UniProtKB:Q92834	RPGR Hsap	biolink:Gene	NCBITaxon:9606
UniProtKB:Q96AX2	RAB37 Hsap	biolink:Gene	NCBITaxon:9606
PR:B2RXV4-2	mFLVCR1/isom2 Mmus	biolink:Gene	NCBITaxon:10090
UniProtKB:P35218	CA5A Hsap	biolink:Gene	NCBITaxon:9606
UniProtKB:P31327	CPS1 Hsap	biolink:Gene	NCBITaxon:9606
UniProtKB:P11498	PC Hsap	biolink:Gene	NCBITaxon:9606
MGI:MGI:2145517	B3galnt2 Mmus	biolink:Gene	NCBITaxon:10090
MGI:MGI:1921903	Pomk Mmus	biolink:Gene	NCBITaxon:10090
MGI:MGI:2143424	Pomgnt2 Mmus	biolink:Gene	NCBITaxon:10090
GO:0031502	dolichyl-phosphate-mannose-protein mannosyltransferase complex	biolink:Gene	NCBITaxon:10090
obo:go/extensions/reacto.owl#REACTO_R-HSA-9011265	ZSWIM8-CUL2 E3 ubiquitin ligase	biolink:Gene	NCBITaxon:9606
obo:go/extensions/reacto.owl#REACTO_R-HSA-2162130	GGT1, 5 dimers	biolink:Gene	NCBITaxon:9606
obo:go/extensions/reacto.owl#REACTO_R-HSA-2161611	Cytochrome P450 (CYP4F2/4F3 based)	biolink:Gene	NCBITaxon:9606
obo:go/extensions/reacto.owl#REACTO_R-HSA-2161598	ALDH	biolink:Gene	NCBITaxon:9606
obo:go/extensions/reacto.owl#REACTO_R-HSA-2142744	ALOX15:Fe2+	biolink:Gene	NCBITaxon:9606
obo:go/extensions/reacto.owl#REACTO_R-HSA-2142729	LTC4S trimer	biolink:Gene	NCBITaxon:9606
MGI:MGI:1351641	Naglu Mmus	biolink:Gene	NCBITaxon:10090
MGI:MGI:1350341	Sgsh Mmus	biolink:Gene	NCBITaxon:10090
MGI:MGI:1196297	Hgsnat Mmus	biolink:Gene	NCBITaxon:10090
MGI:MGI:1349162	Sdc1 Mmus	biolink:Gene	NCBITaxon:10090
MGI:MGI:88564	Ctsl Mmus	biolink:Gene	NCBITaxon:10090
obo:go/extensions/reacto.owl#REACTO_R-HSA-8869628	NMRK1	biolink:Gene	NCBITaxon:9606
obo:go/extensions/reacto.owl#REACTO_R-HSA-200487	4xNMNAT3:4xMg2+	biolink:Gene	NCBITaxon:9606
obo:go/extensions/reacto.owl#REACTO_R-HSA-200489	NMNAT1 hexamer	biolink:Gene	NCBITaxon:9606
obo:go/extensions/reacto.owl#REACTO_R-HSA-197266	NMNAT2:Mg2+	biolink:Gene	NCBITaxon:9606
obo:go/extensions/reacto.owl#REACTO_R-HSA-197192	NADSYN1 hexamer	biolink:Gene	NCBITaxon:9606
obo:go/extensions/reacto.owl#REACTO_R-HSA-197188	NAMPT	biolink:Gene	NCBITaxon:9606
obo:go/extensions/reacto.owl#REACTO_R-HSA-8869620	NMRK2	biolink:Gene	NCBITaxon:9606
obo:go/extensions/reacto.owl#REACTO_R-HSA-197222	NADK:Zn2+ tetramer	biolink:Gene	NCBITaxon:9606
obo:go/extensions/reacto.owl#REACTO_R-HSA-197212	QPRT	biolink:Gene	NCBITaxon:9606
obo:go/extensions/reacto.owl#REACTO_R-HSA-109266	NT5E:Zn2+ dimer	biolink:Gene	NCBITaxon:9606
obo:go/extensions/reacto.owl#REACTO_R-HSA-211056	CYP4F22	biolink:Gene	NCBITaxon:9606
UniProtKB:Q80HY2	OPG038 VACCW	biolink:Gene	NCBITaxon:9606
UniProtKB:Q92574	TSC1 Hsap	biolink:Gene	NCBITaxon:9606
obo:go/extensions/reacto.owl#REACTO_R-HSA-392841	CalDAG-GEFs:DAG:Ca2+	biolink:Gene	NCBITaxon:9606
obo:go/extensions/reacto.owl#REACTO_R-HSA-392497	Rap1 GTPase-activating proteins	biolink:Gene	NCBITaxon:9606
obo:go/extensions/reacto.owl#REACTO_R-HSA-392485	Rap1 cAMP-GEFs	biolink:Gene	NCBITaxon:9606
obo:go/extensions/reacto.owl#REACTO_R-HSA-1237083	APIP:Zn++	biolink:Gene	NCBITaxon:9606
obo:go/extensions/reacto.owl#REACTO_R-HSA-1237166	E1:Mg++	biolink:Gene	NCBITaxon:9606
obo:go/extensions/reacto.owl#REACTO_R-HSA-351212	SRM	biolink:Gene	NCBITaxon:9606
obo:go/extensions/reacto.owl#REACTO_R-HSA-1237147	MTAP trimer	biolink:Gene	NCBITaxon:9606
obo:go/extensions/reacto.owl#REACTO_R-HSA-1237095	MRI1	biolink:Gene	NCBITaxon:9606
obo:go/extensions/reacto.owl#REACTO_R-HSA-351206	SMS	biolink:Gene	NCBITaxon:9606
obo:go/extensions/reacto.owl#REACTO_R-HSA-1237173	ARD:Fe++	biolink:Gene	NCBITaxon:9606
UniProtKB:Q9UHG2	PCSK1N Hsap	biolink:Gene	NCBITaxon:9606
UniProtKB:O14626	GPR171 Hsap	biolink:Gene	NCBITaxon:9606
UniProtKB:P10220	UL36 HHV11	biolink:Gene	NCBITaxon:9606
obo:go/extensions/reacto.owl#REACTO_R-HSA-9034025	NTF3:NTRK3 homodimer	biolink:Gene	NCBITaxon:9606
obo:go/extensions/reacto.owl#REACTO_R-HSA-9603724	(PTPRO,PTPRS)	biolink:Gene	NCBITaxon:9606
MGI:MGI:1923294	Ncapg2 Mmus	biolink:Gene	NCBITaxon:10090
MGI:MGI:98480	Tal1 Mmus	biolink:Gene	NCBITaxon:10090
MGI:MGI:98510	Tcf3 Mmus	biolink:Gene	NCBITaxon:10090
UniProtKB:P0DTC8	ORF8 Scov2	biolink:Gene	NCBITaxon:9606
UniProtKB:Q96F46	IL17RA Hsap	biolink:Gene	NCBITaxon:9606
UniProtKB:Q8NAC3	IL17RC Hsap	biolink:Gene	NCBITaxon:9606
obo:go/extensions/reacto.owl#REACTO_R-HSA-3000441	PML,TRIM27,PIAS1,2-1	biolink:Gene	NCBITaxon:9606
obo:go/extensions/reacto.owl#REACTO_R-HSA-194889	RHOD	biolink:Gene	NCBITaxon:9606
obo:go/extensions/reacto.owl#REACTO_R-HSA-9013450	RHOD GAPs	biolink:Gene	NCBITaxon:9606
UniProtKB:P34820	BMP8B Hsap	biolink:Gene	NCBITaxon:9606
obo:go/extensions/reacto.owl#REACTO_R-HSA-74787	PIK3CA	biolink:Gene	NCBITaxon:9606
obo:go/extensions/reacto.owl#REACTO_R-HSA-197940	SHIP1	biolink:Gene	NCBITaxon:9606
obo:go/extensions/reacto.owl#REACTO_R-HSA-202311	PDK1:PIP2,PIP3	biolink:Gene	NCBITaxon:9606
obo:go/extensions/reacto.owl#REACTO_R-HSA-168163	p-TAK1	biolink:Gene	NCBITaxon:9606
UniProtKB:Q2HR95	ORF37 NCBITaxon:868565	biolink:Gene	NCBITaxon:9606
UniProtKB:Q9ULZ3	PYCARD Hsap	biolink:Gene	NCBITaxon:9606
UniProtKB:P03170	US12 HHV11	biolink:Gene	NCBITaxon:9606
UniProtKB:Q8WUD6	CHPT1 Hsap	biolink:Gene	NCBITaxon:9606
UniProtKB:P49585	PCYT1A Hsap	biolink:Gene	NCBITaxon:9606
UniProtKB:P35790	CHKA Hsap	biolink:Gene	NCBITaxon:9606
UniProtKB:Q14527	HLTF Hsap	biolink:Gene	NCBITaxon:9606
MGI:MGI:2684984	Slc25a51 Mmus	biolink:Gene	NCBITaxon:10090
MGI:MGI:1915896	Nadk2 Mmus	biolink:Gene	NCBITaxon:10090
UniProtKB:Q9NZM4	BICRA Hsap	biolink:Gene	NCBITaxon:9606
UniProtKB:Q9BZ95-4	NSD3 Hsap	biolink:Gene	NCBITaxon:9606
UniProtKB:Q96ST3	SIN3A Hsap	biolink:Gene	NCBITaxon:9606
obo:go/extensions/reacto.owl#REACTO_R-HSA-192466	PNLIP:CLPS	biolink:Gene	NCBITaxon:9606
obo:go/extensions/reacto.owl#REACTO_R-HSA-5357797	PGAM5-S	biolink:Gene	NCBITaxon:9606
obo:go/extensions/reacto.owl#REACTO_R-HSA-8948145	ULK1	biolink:Gene	NCBITaxon:9606
obo:go/extensions/reacto.owl#REACTO_R-HSA-354153	SRC1	biolink:Gene	NCBITaxon:9606
MGI:MGI:105100	Ctnnd1 Mmus	biolink:Gene	NCBITaxon:10090
MGI:MGI:105057	Cdh5 Mmus	biolink:Gene	NCBITaxon:10090
MGI:MGI:1345153	Pacsin2 Mmus	biolink:Gene	NCBITaxon:10090
MGI:MGI:105870	Micall1 Mmus	biolink:Gene	NCBITaxon:10090
MGI:MGI:1919619	Ehd4 Mmus	biolink:Gene	NCBITaxon:10090
obo:go/extensions/reacto.owl#REACTO_R-HSA-198683	RPS6KA5	biolink:Gene	NCBITaxon:9606
MGI:MGI:1261819	Dnmt3b Mmus	biolink:Gene	NCBITaxon:10090
MGI:MGI:1196423	Onecut1 Mmus	biolink:Gene	NCBITaxon:10090
obo:go/extensions/reacto.owl#REACTO_R-HSA-437953	p-Y348-SYK	biolink:Gene	NCBITaxon:9606
obo:go/extensions/reacto.owl#REACTO_R-HSA-442287	p-Y173-VAV3	biolink:Gene	NCBITaxon:9606
obo:go/extensions/reacto.owl#REACTO_R-HSA-437946	p-Y174-VAV1	biolink:Gene	NCBITaxon:9606
MGI:MGI:2385084	Tkfc Mmus	biolink:Gene	NCBITaxon:10090
UniProtKB:Q8N5Y8	PARP16 Hsap	biolink:Gene	NCBITaxon:9606
UniProtKB:P83731	RPL24 Hsap	biolink:Gene	NCBITaxon:9606
obo:go/extensions/reacto.owl#REACTO_R-HSA-398037	G-protein beta-gamma:PLC beta 1/2/3	biolink:Gene	NCBITaxon:9606
obo:go/extensions/reacto.owl#REACTO_R-HSA-426070	Diacylglycerol kinase	biolink:Gene	NCBITaxon:9606
obo:go/extensions/reacto.owl#REACTO_R-HSA-114602	p-PLCG2	biolink:Gene	NCBITaxon:9606
obo:go/extensions/reacto.owl#REACTO_R-HSA-111854	PLC-beta	biolink:Gene	NCBITaxon:9606
obo:go/extensions/reacto.owl#REACTO_R-HSA-913714	B3GALT6	biolink:Gene	NCBITaxon:9606
obo:go/extensions/reacto.owl#REACTO_R-HSA-1889995	B3GAT3:Mn2+ dimer	biolink:Gene	NCBITaxon:9606
obo:go/extensions/reacto.owl#REACTO_R-HSA-8863599	XYLT1, XYLT2	biolink:Gene	NCBITaxon:9606
obo:go/extensions/reacto.owl#REACTO_R-HSA-1889950	B4GALT7	biolink:Gene	NCBITaxon:9606
obo:go/extensions/reacto.owl#REACTO_R-HSA-202181	Activated ZAP-70	biolink:Gene	NCBITaxon:9606
obo:go/extensions/reacto.owl#REACTO_R-HSA-1363265	PP2A	biolink:Gene	NCBITaxon:9606
UniProtKB:P02652	APOA2 Hsap	biolink:Gene	NCBITaxon:9606
UniProtKB:P11279	LAMP1 Hsap	biolink:Gene	NCBITaxon:9606
obo:go/extensions/reacto.owl#REACTO_R-HSA-162419	p-S295-PDE3B	biolink:Gene	NCBITaxon:9606
UniProtKB:P55017	SLC12A3 Hsap	biolink:Gene	NCBITaxon:9606
MGI:MGI:1915871	Mthfd2l Mmus	biolink:Gene	NCBITaxon:10090
obo:go/extensions/reacto.owl#REACTO_R-HSA-202877	Caspase-3, Caspase-7	biolink:Gene	NCBITaxon:9606
obo:go/extensions/reacto.owl#REACTO_R-HSA-57031	MACH	biolink:Gene	NCBITaxon:9606
UniProtKB:Q8WW43	APH1B Hsap	biolink:Gene	NCBITaxon:9606
UniProtKB:Q96BI3	APH1A Hsap	biolink:Gene	NCBITaxon:9606
UniProtKB:Q9NZ42	PSENEN Hsap	biolink:Gene	NCBITaxon:9606
UniProtKB:P56817	BACE1 Hsap	biolink:Gene	NCBITaxon:9606
UniProtKB:Q92542	NCSTN Hsap	biolink:Gene	NCBITaxon:9606
obo:go/extensions/reacto.owl#REACTO_R-HSA-71120	QDPR dimer	biolink:Gene	NCBITaxon:9606
obo:go/extensions/reacto.owl#REACTO_R-HSA-71132	PCBD1 tetramer	biolink:Gene	NCBITaxon:9606
obo:go/extensions/reacto.owl#REACTO_R-HSA-374911	Noradrenalin loaded synaptic vesicle	biolink:Gene	NCBITaxon:9606
MGI:MGI:109324	Fadd Mmus	biolink:Gene	NCBITaxon:10090
MGI:MGI:1261423	Casp8 Mmus	biolink:Gene	NCBITaxon:10090
UniProtKB:O95644	NFATC1 Hsap	biolink:Gene	NCBITaxon:9606
UniProtKB:Q92570	NR4A3 Hsap	biolink:Gene	NCBITaxon:9606
UniProtKB:Q86X55	CARM1 Hsap	biolink:Gene	NCBITaxon:9606
UniProtKB:Q9UK97	FBXO9 Hsap	biolink:Gene	NCBITaxon:9606
obo:go/extensions/reacto.owl#REACTO_R-HSA-189430	UROS	biolink:Gene	NCBITaxon:9606
obo:go/extensions/reacto.owl#REACTO_R-HSA-189454	2xUROD	biolink:Gene	NCBITaxon:9606
obo:go/extensions/reacto.owl#REACTO_R-HSA-189429	ALAS1,2	biolink:Gene	NCBITaxon:9606
obo:go/extensions/reacto.owl#REACTO_R-HSA-189402	2x(FECH:2Fe-2S cluster)	biolink:Gene	NCBITaxon:9606
obo:go/extensions/reacto.owl#REACTO_R-HSA-2995338	COX10	biolink:Gene	NCBITaxon:9606
obo:go/extensions/reacto.owl#REACTO_R-HSA-2995350	COX15	biolink:Gene	NCBITaxon:9606
obo:go/extensions/reacto.owl#REACTO_R-HSA-189400	8x(ALAD:Zn2+)	biolink:Gene	NCBITaxon:9606
obo:go/extensions/reacto.owl#REACTO_R-HSA-189426	HMBS:DIPY	biolink:Gene	NCBITaxon:9606
obo:go/extensions/reacto.owl#REACTO_R-HSA-189485	2xCPO	biolink:Gene	NCBITaxon:9606
obo:go/extensions/reacto.owl#REACTO_R-HSA-189469	2xPPOX:FAD	biolink:Gene	NCBITaxon:9606
obo:go/extensions/reacto.owl#REACTO_R-HSA-8952866	MECR dimer	biolink:Gene	NCBITaxon:9606
obo:go/extensions/reacto.owl#REACTO_R-HSA-5668976	p-S,T-PAK1,2	biolink:Gene	NCBITaxon:9606
obo:go/extensions/reacto.owl#REACTO_R-HSA-399824	p-S141,T402-PAK2	biolink:Gene	NCBITaxon:9606
MGI:MGI:2136405	Glce Mmus	biolink:Gene	NCBITaxon:10090
MGI:MGI:1346049	Hs2st1 Mmus	biolink:Gene	NCBITaxon:10090
MGI:MGI:1354959	Hs6st2 Mmus	biolink:Gene	NCBITaxon:10090
MGI:MGI:1354958	Hs6st1 Mmus	biolink:Gene	NCBITaxon:10090
MGI:MGI:1354960	Hs6st3 Mmus	biolink:Gene	NCBITaxon:10090
MGI:MGI:2441996	Hs3st5 Mmus	biolink:Gene	NCBITaxon:10090
MGI:MGI:1333792	Hs3st4 Mmus	biolink:Gene	NCBITaxon:10090
MGI:MGI:1333861	Hs3st3a1 Mmus	biolink:Gene	NCBITaxon:10090
MGI:MGI:108050	Ext2 Mmus	biolink:Gene	NCBITaxon:10090
MGI:MGI:97040	Ndst2 Mmus	biolink:Gene	NCBITaxon:10090
MGI:MGI:1932545	Ndst4 Mmus	biolink:Gene	NCBITaxon:10090
MGI:MGI:104719	Ndst1 Mmus	biolink:Gene	NCBITaxon:10090
MGI:MGI:1932544	Ndst3 Mmus	biolink:Gene	NCBITaxon:10090
MGI:MGI:894663	Ext1 Mmus	biolink:Gene	NCBITaxon:10090
MGI:MGI:1201606	Hs3st1 Mmus	biolink:Gene	NCBITaxon:10090
MGI:MGI:1333802	Hs3st2 Mmus	biolink:Gene	NCBITaxon:10090
MGI:MGI:1333853	Hs3st3b1 Mmus	biolink:Gene	NCBITaxon:10090
MGI:MGI:3580487	Hs3st6 Mmus	biolink:Gene	NCBITaxon:10090
MGI:MGI:1916330	Gmppa Mmus	biolink:Gene	NCBITaxon:10090
UniProtKB:Q9UI32	GLS2 Hsap	biolink:Gene	NCBITaxon:9606
UniProtKB:Q9P2U8	SLC17A6 Hsap	biolink:Gene	NCBITaxon:9606
UniProtKB:P43005	SLC1A1 Hsap	biolink:Gene	NCBITaxon:9606
obo:go/extensions/reacto.owl#REACTO_R-HSA-416968	COP9	biolink:Gene	NCBITaxon:9606
obo:go/extensions/reacto.owl#REACTO_R-HSA-8951627	AcM-UBE2M	biolink:Gene	NCBITaxon:9606
obo:go/extensions/reacto.owl#REACTO_R-HSA-8955921	Cullin-9	biolink:Gene	NCBITaxon:9606
obo:go/extensions/reacto.owl#REACTO_R-HSA-5697019	COPS5	biolink:Gene	NCBITaxon:9606
obo:go/extensions/reacto.owl#REACTO_R-HSA-8952511	Cullin-2	biolink:Gene	NCBITaxon:9606
obo:go/extensions/reacto.owl#REACTO_R-HSA-8863132	RNF7	biolink:Gene	NCBITaxon:9606
MGI:MGI:107179	Fosl1 Mmus	biolink:Gene	NCBITaxon:10090
MGI:MGI:96647	Junb Mmus	biolink:Gene	NCBITaxon:10090
obo:go/extensions/reacto.owl#REACTO_R-HSA-446847	Dynamin-1/2/3	biolink:Gene	NCBITaxon:9606
obo:go/extensions/reacto.owl#REACTO_R-HSA-177484	DNAL4	biolink:Gene	NCBITaxon:9606
MGI:MGI:102797	Acsl1 Mmus	biolink:Gene	NCBITaxon:10090
UniProtKB:P51153	RAB13 Hsap	biolink:Gene	NCBITaxon:9606
UniProtKB:P62820	RAB1A Hsap	biolink:Gene	NCBITaxon:9606
UniProtKB:Q9Y4L5	RNF115 Hsap	biolink:Gene	NCBITaxon:9606
obo:go/extensions/reacto.owl#REACTO_R-HSA-176648	SULT2A1 dimer	biolink:Gene	NCBITaxon:9606
obo:go/extensions/reacto.owl#REACTO_R-HSA-176573	BPNT1	biolink:Gene	NCBITaxon:9606
obo:go/extensions/reacto.owl#REACTO_R-HSA-176567	SULTs active on pregnenolone	biolink:Gene	NCBITaxon:9606
obo:go/extensions/reacto.owl#REACTO_R-HSA-176574	SULTs active on DHEA	biolink:Gene	NCBITaxon:9606
obo:go/extensions/reacto.owl#REACTO_R-HSA-176572	SULTs active on NH2AAF	biolink:Gene	NCBITaxon:9606
obo:go/extensions/reacto.owl#REACTO_R-HSA-158473	SULT1A1 dimer	biolink:Gene	NCBITaxon:9606
obo:go/extensions/reacto.owl#REACTO_R-HSA-176650	SULT dimers (T2)	biolink:Gene	NCBITaxon:9606
obo:go/extensions/reacto.owl#REACTO_R-HSA-8953491	IMPAD1:Mg2+	biolink:Gene	NCBITaxon:9606
obo:go/extensions/reacto.owl#REACTO_R-HSA-176484	SULT2B1-1 dimer	biolink:Gene	NCBITaxon:9606
obo:go/extensions/reacto.owl#REACTO_R-HSA-176599	SULT dimers (T3)	biolink:Gene	NCBITaxon:9606
obo:go/extensions/reacto.owl#REACTO_R-HSA-176479	SULT1A1,A2,C2,4A1	biolink:Gene	NCBITaxon:9606
obo:go/extensions/reacto.owl#REACTO_R-HSA-176645	SULT1E1 dimer	biolink:Gene	NCBITaxon:9606
obo:go/extensions/reacto.owl#REACTO_R-HSA-8959973	SULT1A3,4 dimers	biolink:Gene	NCBITaxon:9606
obo:go/extensions/reacto.owl#REACTO_R-HSA-176621	SULT1E1,2A1	biolink:Gene	NCBITaxon:9606
obo:go/extensions/reacto.owl#REACTO_R-HSA-176569	SULTs active on 27HCHOL	biolink:Gene	NCBITaxon:9606
obo:go/extensions/reacto.owl#REACTO_R-HSA-5695994	ABHD14B	biolink:Gene	NCBITaxon:9606
obo:go/extensions/reacto.owl#REACTO_R-HSA-936955	TRAF6	biolink:Gene	NCBITaxon:9606
obo:go/extensions/reacto.owl#REACTO_R-HSA-450227	K63polyUb-TRAF6	biolink:Gene	NCBITaxon:9606
UniProtKB:Q96EV2	RBM33 Hsap	biolink:Gene	NCBITaxon:9606
UniProtKB:Q9C0D9	SELENOI Hsap	biolink:Gene	NCBITaxon:9606
MGI:MGI:104887	Gpx1 Mmus	biolink:Gene	NCBITaxon:10090
UniProtKB:P78423	CX3CL1 Hsap	biolink:Gene	NCBITaxon:9606
obo:go/extensions/reacto.owl#REACTO_R-HSA-264843	CUBN	biolink:Gene	NCBITaxon:9606
obo:go/extensions/reacto.owl#REACTO_R-HSA-3132763	PRSS1,3,CTRB1,2	biolink:Gene	NCBITaxon:9606
obo:go/extensions/reacto.owl#REACTO_R-HSA-2980918	CBLIF	biolink:Gene	NCBITaxon:9606
obo:go/extensions/reacto.owl#REACTO_R-HSA-2980920	TCN1	biolink:Gene	NCBITaxon:9606
obo:go/extensions/reacto.owl#REACTO_R-HSA-3006523	KHK dimer	biolink:Gene	NCBITaxon:9606
obo:go/extensions/reacto.owl#REACTO_R-HSA-6799244	GLYCTK	biolink:Gene	NCBITaxon:9606
obo:go/extensions/reacto.owl#REACTO_R-HSA-450307	Activated MAPK kinases ERK1/2, JNK, p38	biolink:Gene	NCBITaxon:9606
GO:0005942	phosphatidylinositol 3-kinase complex	biolink:Gene	NCBITaxon:10090
UniProtKB:Q9Y5X5	NPFFR2 Hsap	biolink:Gene	NCBITaxon:9606
UniProtKB:Q5JSK4		biolink:Gene	NCBITaxon:9606
UniProtKB:M0R3E9		biolink:Gene	NCBITaxon:9606
UniProtKB:Q86YT6	MIB1 Hsap	biolink:Gene	NCBITaxon:9606
UniProtKB:Q9C037	TRIM4 Hsap	biolink:Gene	NCBITaxon:9606
UniProtKB:Q96C10	DHX58 Hsap	biolink:Gene	NCBITaxon:9606
UniProtKB:Q8IUD6	RNF135 Hsap	biolink:Gene	NCBITaxon:9606
UniProtKB:Q9BYX4-2	IFIH1 Hsap	biolink:Gene	NCBITaxon:9606
obo:go/extensions/reacto.owl#REACTO_R-HSA-5359062	PSTK:Mg2+	biolink:Gene	NCBITaxon:9606
obo:go/extensions/reacto.owl#REACTO_R-HSA-5357724	PXLP-K284-SEPSECS tetramer	biolink:Gene	NCBITaxon:9606
obo:go/extensions/reacto.owl#REACTO_R-HSA-379557	SARS dimer	biolink:Gene	NCBITaxon:9606
obo:go/extensions/reacto.owl#REACTO_R-HSA-184206	active PDGF-BB dimer	biolink:Gene	NCBITaxon:9606
obo:go/extensions/reacto.owl#REACTO_R-HSA-186791	Alpha-Beta receptor heterodimer	biolink:Gene	NCBITaxon:9606
UniProtKB:P10600	TGFB3 Hsap	biolink:Gene	NCBITaxon:9606
MGI:MGI:1924408	Coq6 Mmus	biolink:Gene	NCBITaxon:10090
MGI:MGI:101813	Coq3 Mmus	biolink:Gene	NCBITaxon:10090
MGI:MGI:1924139	Coq8b Mmus	biolink:Gene	NCBITaxon:10090
MGI:MGI:2139090	Stard7 Mmus	biolink:Gene	NCBITaxon:10090
MGI:MGI:1277152	Parl Mmus	biolink:Gene	NCBITaxon:10090
MGI:MGI:1919133	Coq2 Mmus	biolink:Gene	NCBITaxon:10090
MGI:MGI:107207	Coq7 Mmus	biolink:Gene	NCBITaxon:10090
MGI:MGI:1098826	Coq4 Mmus	biolink:Gene	NCBITaxon:10090
MGI:MGI:1098643	Coq5 Mmus	biolink:Gene	NCBITaxon:10090
MGI:MGI:1915164	Coq9 Mmus	biolink:Gene	NCBITaxon:10090
MGI:MGI:1914676	Coq8a Mmus	biolink:Gene	NCBITaxon:10090
UniProtKB:P21698	NSS NCBITaxon:11589	biolink:Gene	NCBITaxon:9606
UniProtKB:Q9UK99	FBXO3 Hsap	biolink:Gene	NCBITaxon:9606
GO:0000439	transcription factor TFIIH core complex	biolink:Gene	NCBITaxon:9606
MGI:MGI:97615	Plcg1 Mmus	biolink:Gene	NCBITaxon:10090
UniProtKB:Q13490	BIRC2 Hsap	biolink:Gene	NCBITaxon:9606
UniProtKB:Q9ULV4	CORO1C Hsap	biolink:Gene	NCBITaxon:9606
UniProtKB:O94851	MICAL2 Hsap	biolink:Gene	NCBITaxon:9606
RGD:3802	Syp Rnor	biolink:Gene	NCBITaxon:10116
UniProtKB:Q96G01	BICD1 Hsap	biolink:Gene	NCBITaxon:9606
MGI:MGI:2684079	Ffar1 Mmus	biolink:Gene	NCBITaxon:10090
UniProtKB:Q14693	LPIN1 Hsap	biolink:Gene	NCBITaxon:9606
UniProtKB:Q14999	CUL7 Hsap	biolink:Gene	NCBITaxon:9606
UniProtKB:O15218	GPR182 Hsap	biolink:Gene	NCBITaxon:9606
obo:go/extensions/reacto.owl#REACTO_R-HSA-399809	p-Y15-CDK5	biolink:Gene	NCBITaxon:9606
UniProtKB:Q5VWQ8	DAB2IP Hsap	biolink:Gene	NCBITaxon:9606
obo:go/extensions/reacto.owl#REACTO_R-HSA-444291	p-S221,T359,S363,S380,T573,T732-RSK	biolink:Gene	NCBITaxon:9606
GO:0045025	mitochondrial degradosome	biolink:Gene	NCBITaxon:9606
UniProtKB:Q96CB9	NSUN4 Hsap	biolink:Gene	NCBITaxon:9606
UniProtKB:Q96EX2	RNFT2 Hsap	biolink:Gene	NCBITaxon:9606
MGI:MGI:1858304	Ctps1 Mmus	biolink:Gene	NCBITaxon:10090
obo:go/extensions/reacto.owl#REACTO_R-HSA-2162149	DPEP1,2 dimers	biolink:Gene	NCBITaxon:9606
obo:go/extensions/reacto.owl#REACTO_R-HSA-5490258	unknown NAT	biolink:Gene	NCBITaxon:9606
obo:go/extensions/reacto.owl#REACTO_R-HSA-5433069	ACY3:Zn2+ dimer	biolink:Gene	NCBITaxon:9606
obo:go/extensions/reacto.owl#REACTO_R-HSA-5423625	CYP1A2,3A4	biolink:Gene	NCBITaxon:9606
obo:go/extensions/reacto.owl#REACTO_R-HSA-211034	CYP2A13	biolink:Gene	NCBITaxon:9606
obo:go/extensions/reacto.owl#REACTO_R-HSA-6798368	p-T106,S442-DYRK2	biolink:Gene	NCBITaxon:9606
obo:go/extensions/reacto.owl#REACTO_R-HSA-6805066	CK2	biolink:Gene	NCBITaxon:9606
obo:go/extensions/reacto.owl#REACTO_R-HSA-6805467	Activated AMPK heterotrimer	biolink:Gene	NCBITaxon:9606
obo:go/extensions/reacto.owl#REACTO_R-HSA-3222011	p-T211-NUAK1	biolink:Gene	NCBITaxon:9606
obo:go/extensions/reacto.owl#REACTO_R-HSA-6784489	TP53RK	biolink:Gene	NCBITaxon:9606
UniProtKB:Q9NVE5	USP40 Hsap	biolink:Gene	NCBITaxon:9606
UniProtKB:O15519	CFLAR Hsap	biolink:Gene	NCBITaxon:9606
UniProtKB:Q9Y692	GMEB1 Hsap	biolink:Gene	NCBITaxon:9606
MGI:MGI:894645	Pick1 Mmus	biolink:Gene	NCBITaxon:10090
MGI:MGI:1345181	Pacsin1 Mmus	biolink:Gene	NCBITaxon:10090
GO:0071439	clathrin complex	biolink:Gene	NCBITaxon:10090
obo:go/extensions/reacto.owl#REACTO_R-HSA-388755	PTPRA	biolink:Gene	NCBITaxon:9606
UniProtKB:P49863	GZMK Hsap	biolink:Gene	NCBITaxon:9606
MGI:MGI:1333856	Klf9 Mmus	biolink:Gene	NCBITaxon:10090
MGI:MGI:1096359	Cyp26a1 Mmus	biolink:Gene	NCBITaxon:10090
MGI:MGI:98372	Sp1 Mmus	biolink:Gene	NCBITaxon:10090
MGI:MGI:1329037	Strap Mmus	biolink:Gene	NCBITaxon:10090
UniProtKB:O00273	DFFA Hsap	biolink:Gene	NCBITaxon:9606
UniProtKB:O76075	DFFB Hsap	biolink:Gene	NCBITaxon:9606
MGI:MGI:97376	Nras Mmus	biolink:Gene	NCBITaxon:10090
UniProtKB:Q9BXC0	HCAR1 Hsap	biolink:Gene	NCBITaxon:9606
obo:go/extensions/reacto.owl#REACTO_R-HSA-9012677	MAP3K7	biolink:Gene	NCBITaxon:9606
obo:go/extensions/reacto.owl#REACTO_R-HSA-727820	Active IKK complex	biolink:Gene	NCBITaxon:9606
obo:go/extensions/reacto.owl#REACTO_R-HSA-174146	phospho-Cdh1 phosphatase	biolink:Gene	NCBITaxon:9606
obo:go/extensions/reacto.owl#REACTO_R-HSA-1460374	FUT12	biolink:Gene	NCBITaxon:9606
obo:go/extensions/reacto.owl#REACTO_R-HSA-1464796	POGLUT1	biolink:Gene	NCBITaxon:9606
obo:go/extensions/reacto.owl#REACTO_R-HSA-1500651	CDS1:Mg2+	biolink:Gene	NCBITaxon:9606
UniProtKB:P78317	RNF4 Hsap	biolink:Gene	NCBITaxon:9606
UniProtKB:Q5VWZ2	LYPLAL1 Hsap	biolink:Gene	NCBITaxon:9606
UniProtKB:Q8TCU5	GRIN3A Hsap	biolink:Gene	NCBITaxon:9606
UniProtKB:Q9H1C4	UNC93B1 Hsap	biolink:Gene	NCBITaxon:9606
UniProtKB:P50897	PPT1 Hsap	biolink:Gene	NCBITaxon:9606
UniProtKB:Q13426	XRCC4 Hsap	biolink:Gene	NCBITaxon:9606
UniProtKB:Q0D2I5	IFFO1 Hsap	biolink:Gene	NCBITaxon:9606
obo:go/extensions/reacto.owl#REACTO_R-HSA-8858540	HRASLS	biolink:Gene	NCBITaxon:9606
obo:go/extensions/reacto.owl#REACTO_R-HSA-5694582	ABHD4	biolink:Gene	NCBITaxon:9606
UniProtKB:Q9NXH9	TRMT1 Hsap	biolink:Gene	NCBITaxon:9606
MGI:MGI:1098297	Cpt1b Mmus	biolink:Gene	NCBITaxon:10090
MGI:MGI:1928738	Slc25a20 Mmus	biolink:Gene	NCBITaxon:10090
MGI:MGI:2140940	Acacb Mmus	biolink:Gene	NCBITaxon:10090
MGI:MGI:1336173	Prkaa2 Mmus	biolink:Gene	NCBITaxon:10090
MGI:MGI:1915291	Mid1ip1 Mmus	biolink:Gene	NCBITaxon:10090
MGI:MGI:1341870	Stk11 Mmus	biolink:Gene	NCBITaxon:10090
MGI:MGI:109176	Cpt2 Mmus	biolink:Gene	NCBITaxon:10090
obo:go/extensions/reacto.owl#REACTO_R-HSA-6787682	FUOM dimer	biolink:Gene	NCBITaxon:9606
obo:go/extensions/reacto.owl#REACTO_R-HSA-6787531	FUK	biolink:Gene	NCBITaxon:9606
obo:go/extensions/reacto.owl#REACTO_R-HSA-6787620	GMDS	biolink:Gene	NCBITaxon:9606
obo:go/extensions/reacto.owl#REACTO_R-HSA-5218778	VEGFA:p-6Y-VEGFR2:Integrin alphaVbeta3:p-Y402-PTK2B	biolink:Gene	NCBITaxon:9606
obo:go/extensions/reacto.owl#REACTO_R-HSA-5218745	p-S21,Y420-FYN	biolink:Gene	NCBITaxon:9606
obo:go/extensions/reacto.owl#REACTO_R-HSA-425833	Protein kinase A catalytic subunit	biolink:Gene	NCBITaxon:9606
obo:go/extensions/reacto.owl#REACTO_R-HSA-5228987	RHOA:GTP:Mg2+:Activated ROCK1,ROCK2	biolink:Gene	NCBITaxon:9606
obo:go/extensions/reacto.owl#REACTO_R-HSA-187726	Active MAPKAP kinase	biolink:Gene	NCBITaxon:9606
obo:go/extensions/reacto.owl#REACTO_R-HSA-1602468	proMMP1 initial activators	biolink:Gene	NCBITaxon:9606
obo:go/extensions/reacto.owl#REACTO_R-HSA-1602470	MMP1(54-469)	biolink:Gene	NCBITaxon:9606
obo:go/extensions/reacto.owl#REACTO_R-HSA-1604721	proMMP3 initial activators	biolink:Gene	NCBITaxon:9606
obo:go/extensions/reacto.owl#REACTO_R-HSA-1604735	MMP3_HUMAN	biolink:Gene	NCBITaxon:9606
obo:go/extensions/reacto.owl#REACTO_R-HSA-1604697	MMP1 (2, 3, 7, 10, 13)	biolink:Gene	NCBITaxon:9606
obo:go/extensions/reacto.owl#REACTO_R-HSA-1604358	MMP1,7	biolink:Gene	NCBITaxon:9606
obo:go/extensions/reacto.owl#REACTO_R-HSA-1604345	MMP2_HUMAN	biolink:Gene	NCBITaxon:9606
obo:go/extensions/reacto.owl#REACTO_R-HSA-1629856	MMP14 (16)	biolink:Gene	NCBITaxon:9606
obo:go/extensions/reacto.owl#REACTO_R-HSA-1604714	MMP13 intermediate forms	biolink:Gene	NCBITaxon:9606
obo:go/extensions/reacto.owl#REACTO_R-HSA-1604762	MMP7 initial activators	biolink:Gene	NCBITaxon:9606
obo:go/extensions/reacto.owl#REACTO_R-HSA-1604766	MMP7	biolink:Gene	NCBITaxon:9606
obo:go/extensions/reacto.owl#REACTO_R-HSA-2514830	MMP3, CTSK, CTSL2	biolink:Gene	NCBITaxon:9606
obo:go/extensions/reacto.owl#REACTO_R-HSA-1604372	MMP2,3,7,10,11	biolink:Gene	NCBITaxon:9606
obo:go/extensions/reacto.owl#REACTO_R-HSA-1604696	Trypsin, plasmin	biolink:Gene	NCBITaxon:9606
UniProtKB:Q9H2F5	EPC1 Hsap	biolink:Gene	NCBITaxon:9606
UniProtKB:Q05BQ5	MBTD1 Hsap	biolink:Gene	NCBITaxon:9606
UniProtKB:Q9H4L4	SENP3 Hsap	biolink:Gene	NCBITaxon:9606
obo:go/extensions/reacto.owl#REACTO_R-HSA-2980986	DHRS3	biolink:Gene	NCBITaxon:9606
obo:go/extensions/reacto.owl#REACTO_R-HSA-2466001	REH	biolink:Gene	NCBITaxon:9606
obo:go/extensions/reacto.owl#REACTO_R-HSA-2465932	atROL isomerase	biolink:Gene	NCBITaxon:9606
obo:go/extensions/reacto.owl#REACTO_R-HSA-2465962	11cRDH	biolink:Gene	NCBITaxon:9606
obo:go/extensions/reacto.owl#REACTO_R-HSA-975157	IRAK1	biolink:Gene	NCBITaxon:9606
MGI:MGI:1333745	Snapin Mmus	biolink:Gene	NCBITaxon:10090
MGI:MGI:1859545	Syt7 Mmus	biolink:Gene	NCBITaxon:10090
UniProtKB:Q14626	IL11RA Hsap	biolink:Gene	NCBITaxon:9606
UniProtKB:P20809	IL11 Hsap	biolink:Gene	NCBITaxon:9606
obo:go/extensions/reacto.owl#REACTO_R-HSA-372815	PCK2	biolink:Gene	NCBITaxon:9606
obo:go/extensions/reacto.owl#REACTO_R-HSA-376856	SLC25A11 homodimer	biolink:Gene	NCBITaxon:9606
obo:go/extensions/reacto.owl#REACTO_R-HSA-3006348	SLC37A4	biolink:Gene	NCBITaxon:9606
obo:go/extensions/reacto.owl#REACTO_R-HSA-71823	G6PC	biolink:Gene	NCBITaxon:9606
obo:go/extensions/reacto.owl#REACTO_R-HSA-198471	MDH1	biolink:Gene	NCBITaxon:9606
UniProtKB:Q14957	GRIN2C Hsap	biolink:Gene	NCBITaxon:9606
obo:go/extensions/reacto.owl#REACTO_R-HSA-8948036	LDL:LRP8:FGR	biolink:Gene	NCBITaxon:9606
MGI:MGI:2385089	Zng1 Mmus	biolink:Gene	NCBITaxon:10090
MGI:MGI:1922874	Metap1 Mmus	biolink:Gene	NCBITaxon:10090
UniProtKB:Q8NHY2	COP1 Hsap	biolink:Gene	NCBITaxon:9606
UniProtKB:Q13085	ACACA Hsap	biolink:Gene	NCBITaxon:9606
UniProtKB:Q96FN5	KIF12 Hsap	biolink:Gene	NCBITaxon:9606
MGI:MGI:2679262	Rgma Mmus	biolink:Gene	NCBITaxon:10090
MGI:MGI:2443718	Lrig2 Mmus	biolink:Gene	NCBITaxon:10090
UniProtKB:P80098	CCL7 Hsap	biolink:Gene	NCBITaxon:9606
obo:go/extensions/reacto.owl#REACTO_R-HSA-2562550	active caspase-8	biolink:Gene	NCBITaxon:9606
obo:go/extensions/reacto.owl#REACTO_R-HSA-918188	TRAF2, TRAF6	biolink:Gene	NCBITaxon:9606
obo:go/extensions/reacto.owl#REACTO_R-HSA-5689541	USP14	biolink:Gene	NCBITaxon:9606
UniProtKB:P08172	CHRM2 Hsap	biolink:Gene	NCBITaxon:9606
obo:go/extensions/reacto.owl#REACTO_R-HSA-6783294	TNFAIP3:RIPK1	biolink:Gene	NCBITaxon:9606
obo:go/extensions/reacto.owl#REACTO_R-HSA-997298	PTPs-SHP1/2/PTP1B	biolink:Gene	NCBITaxon:9606
UniProtKB:P36406	TRIM23 Hsap	biolink:Gene	NCBITaxon:9606
UniProtKB:Q969T4	UBE2E3 Hsap	biolink:Gene	NCBITaxon:9606
MGI:MGI:1347474	Foxj1 Mmus	biolink:Gene	NCBITaxon:10090
MGI:MGI:1289258	Cfap43 Mmus	biolink:Gene	NCBITaxon:10090
obo:go/extensions/reacto.owl#REACTO_R-HSA-2993759	NSMCE2	biolink:Gene	NCBITaxon:9606
obo:go/extensions/reacto.owl#REACTO_R-HSA-3000385	UBE2I,HDAC7	biolink:Gene	NCBITaxon:9606
obo:go/extensions/reacto.owl#REACTO_R-HSA-1629813	p14ARF	biolink:Gene	NCBITaxon:9606
UniProtKB:P26447	S100A4 Hsap	biolink:Gene	NCBITaxon:9606
UniProtKB:P51681	CCR5 Hsap	biolink:Gene	NCBITaxon:9606
UniProtKB:P49682	CXCR3 Hsap	biolink:Gene	NCBITaxon:9606
obo:go/extensions/reacto.owl#REACTO_R-HSA-71026	6x(Btn-PCCA:PCCB)	biolink:Gene	NCBITaxon:9606
obo:go/extensions/reacto.owl#REACTO_R-HSA-71012	MCEE	biolink:Gene	NCBITaxon:9606
UniProtKB:P29990		biolink:Gene	NCBITaxon:9606
UniProtKB:O14793	MSTN Hsap	biolink:Gene	NCBITaxon:9606
UniProtKB:P08253	MMP2 Hsap	biolink:Gene	NCBITaxon:9606
RGD:628659	Nrxn1 Rnor	biolink:Gene	NCBITaxon:10116
RGD:621117	Nlgn1 Rnor	biolink:Gene	NCBITaxon:10116
MGI:MGI:107815	Pfkfb2 Mmus	biolink:Gene	NCBITaxon:10090
MGI:MGI:97830	Pygm Mmus	biolink:Gene	NCBITaxon:10090
MGI:MGI:1328355	Wfs1 Mmus	biolink:Gene	NCBITaxon:10090
GO:0005667	transcription regulator complex	biolink:Gene	NCBITaxon:10090
MGI:MGI:1098684	Eif2a Mmus	biolink:Gene	NCBITaxon:10090
MGI:MGI:98970	Xbp1 Mmus	biolink:Gene	NCBITaxon:10090
MGI:MGI:1341830	Eif2ak3 Mmus	biolink:Gene	NCBITaxon:10090
obo:go/extensions/reacto.owl#REACTO_R-HSA-69486	MDM2	biolink:Gene	NCBITaxon:9606
obo:go/extensions/reacto.owl#REACTO_R-HSA-3465556	PIAS1,3,4	biolink:Gene	NCBITaxon:9606
obo:go/extensions/reacto.owl#REACTO_R-HSA-3968388	UBE2I,PIAS1	biolink:Gene	NCBITaxon:9606
obo:go/extensions/reacto.owl#REACTO_R-HSA-8953358	DNPH1	biolink:Gene	NCBITaxon:9606
obo:go/extensions/reacto.owl#REACTO_R-HSA-74253	GDA dimer	biolink:Gene	NCBITaxon:9606
obo:go/extensions/reacto.owl#REACTO_R-HSA-74237	NP trimer	biolink:Gene	NCBITaxon:9606
obo:go/extensions/reacto.owl#REACTO_R-HSA-49701	ADA	biolink:Gene	NCBITaxon:9606
obo:go/extensions/reacto.owl#REACTO_R-HSA-1806257	PIP5K3	biolink:Gene	NCBITaxon:9606
obo:go/extensions/reacto.owl#REACTO_R-HSA-1806242	SACM1L	biolink:Gene	NCBITaxon:9606
obo:go/extensions/reacto.owl#REACTO_R-HSA-1806202	PI4KB	biolink:Gene	NCBITaxon:9606
obo:go/extensions/reacto.owl#REACTO_R-HSA-1806247	PIK3C2A/G	biolink:Gene	NCBITaxon:9606
obo:go/extensions/reacto.owl#REACTO_R-HSA-1806171	PI4KA/2A/2B	biolink:Gene	NCBITaxon:9606
obo:go/extensions/reacto.owl#REACTO_R-HSA-3968346	TPTE2-like proteins	biolink:Gene	NCBITaxon:9606
obo:go/extensions/reacto.owl#REACTO_R-HSA-1806215	OCRL/INPP5E	biolink:Gene	NCBITaxon:9606
obo:go/extensions/reacto.owl#REACTO_R-HSA-5218758	p-PKC	biolink:Gene	NCBITaxon:9606
obo:go/extensions/reacto.owl#REACTO_R-HSA-5218716	p-S225-SPHK1	biolink:Gene	NCBITaxon:9606
UniProtKB:O14638	ENPP3 Hsap	biolink:Gene	NCBITaxon:9606
UniProtKB:Q8VSC3	ipaH9.8 SHIFL	biolink:Gene	NCBITaxon:9606
UniProtKB:O60291	MGRN1 Hsap	biolink:Gene	NCBITaxon:9606
obo:go/extensions/reacto.owl#REACTO_R-HSA-70901	urocanase	biolink:Gene	NCBITaxon:9606
obo:go/extensions/reacto.owl#REACTO_R-HSA-70904	AMDHD1	biolink:Gene	NCBITaxon:9606
obo:go/extensions/reacto.owl#REACTO_R-HSA-70908	FTCD octamer	biolink:Gene	NCBITaxon:9606
obo:go/extensions/reacto.owl#REACTO_R-HSA-70897	HAL	biolink:Gene	NCBITaxon:9606
obo:go/extensions/reacto.owl#REACTO_R-HSA-6786247	CARNS1	biolink:Gene	NCBITaxon:9606
obo:go/extensions/reacto.owl#REACTO_R-HSA-8876689	CARNMT1	biolink:Gene	NCBITaxon:9606
obo:go/extensions/reacto.owl#REACTO_R-HSA-977300	PXLP-K305-HDC dimer	biolink:Gene	NCBITaxon:9606
obo:go/extensions/reacto.owl#REACTO_R-HSA-175994	HNMT	biolink:Gene	NCBITaxon:9606
obo:go/extensions/reacto.owl#REACTO_R-HSA-5216224	PQLC2	biolink:Gene	NCBITaxon:9606
obo:go/extensions/reacto.owl#REACTO_R-HSA-426024	Diacylglycerol lipase	biolink:Gene	NCBITaxon:9606
obo:go/extensions/reacto.owl#REACTO_R-HSA-426055	MGLL	biolink:Gene	NCBITaxon:9606
obo:go/extensions/reacto.owl#REACTO_R-HSA-209813	AANAT	biolink:Gene	NCBITaxon:9606
obo:go/extensions/reacto.owl#REACTO_R-HSA-2976652	ASMT	biolink:Gene	NCBITaxon:9606
obo:go/extensions/reacto.owl#REACTO_R-HSA-976249	TPH:Fe++	biolink:Gene	NCBITaxon:9606
UniProtKB:P42127	ASIP Hsap	biolink:Gene	NCBITaxon:9606
obo:go/extensions/reacto.owl#REACTO_R-HSA-164603	PLK1	biolink:Gene	NCBITaxon:9606
obo:go/extensions/reacto.owl#REACTO_R-HSA-1638796	p-STAG2,RAD21-Ac-Cohesin:PDS5:p-CDCA5:WAPAL:Sister Centromeres:Kinetochores:Microtubules	biolink:Gene	NCBITaxon:9606
obo:go/extensions/reacto.owl#REACTO_R-HSA-140689	factor Xa	biolink:Gene	NCBITaxon:9606
obo:go/extensions/reacto.owl#REACTO_R-HSA-140775	TF:F7	biolink:Gene	NCBITaxon:9606
obo:go/extensions/reacto.owl#REACTO_R-HSA-2430549	p-T194,207,741-GWL	biolink:Gene	NCBITaxon:9606
obo:go/extensions/reacto.owl#REACTO_R-HSA-71198	KMO	biolink:Gene	NCBITaxon:9606
obo:go/extensions/reacto.owl#REACTO_R-HSA-71202	KYNU dimer	biolink:Gene	NCBITaxon:9606
obo:go/extensions/reacto.owl#REACTO_R-HSA-352221	SLC7A5:SLC3A2	biolink:Gene	NCBITaxon:9606
obo:go/extensions/reacto.owl#REACTO_R-HSA-71186	TDO2 tetramer	biolink:Gene	NCBITaxon:9606
obo:go/extensions/reacto.owl#REACTO_R-HSA-198580	IDO1	biolink:Gene	NCBITaxon:9606
obo:go/extensions/reacto.owl#REACTO_R-HSA-888612	IDO2	biolink:Gene	NCBITaxon:9606
obo:go/extensions/reacto.owl#REACTO_R-HSA-71086	HAAO	biolink:Gene	NCBITaxon:9606
obo:go/extensions/reacto.owl#REACTO_R-HSA-71221	ACMSD dimer	biolink:Gene	NCBITaxon:9606
obo:go/extensions/reacto.owl#REACTO_R-HSA-178107	AFMID	biolink:Gene	NCBITaxon:9606
obo:go/extensions/reacto.owl#REACTO_R-HSA-5216166	PAT4	biolink:Gene	NCBITaxon:9606
obo:go/extensions/reacto.owl#REACTO_R-HSA-71237	AM-SHDH	biolink:Gene	NCBITaxon:9606
obo:go/extensions/reacto.owl#REACTO_R-HSA-893603	PXLP-KYAT1 dimer	biolink:Gene	NCBITaxon:9606
obo:go/extensions/reacto.owl#REACTO_R-HSA-901094	CCBL2 dimer	biolink:Gene	NCBITaxon:9606
obo:go/extensions/reacto.owl#REACTO_R-HSA-196828	3xPPCDC:3xFMN	biolink:Gene	NCBITaxon:9606
obo:go/extensions/reacto.owl#REACTO_R-HSA-196803	PANK2	biolink:Gene	NCBITaxon:9606
obo:go/extensions/reacto.owl#REACTO_R-HSA-196775	2xPPCS	biolink:Gene	NCBITaxon:9606
obo:go/extensions/reacto.owl#REACTO_R-HSA-9794526	OCT1	biolink:Gene	NCBITaxon:9606
obo:go/extensions/reacto.owl#REACTO_R-HSA-9794404	ABCG2 tetramer	biolink:Gene	NCBITaxon:9606
UniProtKB:P10275	AR Hsap	biolink:Gene	NCBITaxon:9606
obo:go/extensions/reacto.owl#REACTO_R-HSA-167215	SOS	biolink:Gene	NCBITaxon:9606
obo:go/extensions/reacto.owl#REACTO_R-HSA-200631	ARHGAP39	biolink:Gene	NCBITaxon:9606
obo:go/extensions/reacto.owl#REACTO_R-HSA-2022058	UST	biolink:Gene	NCBITaxon:9606
obo:go/extensions/reacto.owl#REACTO_R-HSA-1971536	CHST14	biolink:Gene	NCBITaxon:9606
obo:go/extensions/reacto.owl#REACTO_R-HSA-3734047	DSE,DSEL	biolink:Gene	NCBITaxon:9606
MGI:MGI:1916863	Pofut2 Mmus	biolink:Gene	NCBITaxon:10090
MGI:MGI:2685903	B3glct Mmus	biolink:Gene	NCBITaxon:10090
MGI:MGI:108088	Gab1 Mmus	biolink:Gene	NCBITaxon:10090
MGI:MGI:99511	Ptpn11 Mmus	biolink:Gene	NCBITaxon:10090
MGI:MGI:102965	Scn7a Mmus	biolink:Gene	NCBITaxon:10090
MGI:MGI:88105	Atp1a1 Mmus	biolink:Gene	NCBITaxon:10090
UniProtKB:Q13761-1	RUNX3 Hsap	biolink:Gene	NCBITaxon:9606
UniProtKB:P28370	SMARCA1 Hsap	biolink:Gene	NCBITaxon:9606
obo:go/extensions/reacto.owl#REACTO_R-HSA-392003	G-protein alpha (z):GTP	biolink:Gene	NCBITaxon:9606
obo:go/extensions/reacto.owl#REACTO_R-HSA-191277	HMGCR dimer	biolink:Gene	NCBITaxon:9606
obo:go/extensions/reacto.owl#REACTO_R-HSA-191285	MVK dimer	biolink:Gene	NCBITaxon:9606
obo:go/extensions/reacto.owl#REACTO_R-HSA-981569	6(GGPS1:3Mg2+)	biolink:Gene	NCBITaxon:9606
obo:go/extensions/reacto.owl#REACTO_R-HSA-191320	FDFT:Mg2+	biolink:Gene	NCBITaxon:9606
obo:go/extensions/reacto.owl#REACTO_R-HSA-194637	LBR	biolink:Gene	NCBITaxon:9606
obo:go/extensions/reacto.owl#REACTO_R-HSA-194648	MSMO1	biolink:Gene	NCBITaxon:9606
obo:go/extensions/reacto.owl#REACTO_R-HSA-8848217	ACAT2 tetramer	biolink:Gene	NCBITaxon:9606
obo:go/extensions/reacto.owl#REACTO_R-HSA-191397	IDI1 or 2	biolink:Gene	NCBITaxon:9606
obo:go/extensions/reacto.owl#REACTO_R-HSA-191413	SQLE:FAD	biolink:Gene	NCBITaxon:9606
obo:go/extensions/reacto.owl#REACTO_R-HSA-194710	TM7SF2	biolink:Gene	NCBITaxon:9606
obo:go/extensions/reacto.owl#REACTO_R-HSA-981570	2(FDPS:3Mg2+)	biolink:Gene	NCBITaxon:9606
obo:go/extensions/reacto.owl#REACTO_R-HSA-194707	NSDHL	biolink:Gene	NCBITaxon:9606
obo:go/extensions/reacto.owl#REACTO_R-HSA-191329	HMGCS1	biolink:Gene	NCBITaxon:9606
GO:0043512	inhibin A complex	biolink:Gene	NCBITaxon:9606
